country,Date,life_expectancy
Albania,1960-01-01,62.87
Algeria,1960-01-01,47.5
Angola,1960-01-01,35.98
Antigua and Barbuda,1960-01-01,62.97
Argentina,1960-01-01,65.39
Armenia,1960-01-01,66.86
Aruba,1960-01-01,65.66
Australia,1960-01-01,70.87
Austria,1960-01-01,68.75
Azerbaijan,1960-01-01,61.33
Bahamas,1960-01-01,62
Bahrain,1960-01-01,51.64
Bangladesh,1960-01-01,46.2
Barbados,1960-01-01,61.8
Belarus,1960-01-01,71.59
Belgium,1960-01-01,69.59
Belize,1960-01-01,60.08
Benin,1960-01-01,38.29
Bhutan,1960-01-01,35.94
Bolivia,1960-01-01,43.77
Bosnia and Herzegovina,1960-01-01,62.56
Botswana,1960-01-01,50.34
Brazil,1960-01-01,55.27
Brunei,1960-01-01,62.52
Bulgaria,1960-01-01,69.22
Burkina Faso,1960-01-01,35.21
Burundi,1960-01-01,40.58
Cambodia,1960-01-01,42.29
Cameroon,1960-01-01,43.46
Canada,1960-01-01,71
Cape Verde,1960-01-01,50.12
Central African Republic,1960-01-01,37.43
Chad,1960-01-01,40.95
Chile,1960-01-01,56.85
China,1960-01-01,30.53
Colombia,1960-01-01,58.03
Comoros,1960-01-01,44.04
"Congo, Dem. Rep.",1960-01-01,43.9
"Congo, Rep.",1960-01-01,48.25
Costa Rica,1960-01-01,61.97
Cote d'Ivoire,1960-01-01,38
Croatia,1960-01-01,64.85
Cuba,1960-01-01,63.85
Cyprus,1960-01-01,69.72
Czech Republic,1960-01-01,70.58
Denmark,1960-01-01,72.28
Djibouti,1960-01-01,45.77
Dominican Republic,1960-01-01,53.37
Ecuador,1960-01-01,54.09
Egypt,1960-01-01,48.31
El Salvador,1960-01-01,52.02
Equatorial Guinea,1960-01-01,37.69
Eritrea,1960-01-01,39.03
Estonia,1960-01-01,69.42
Ethiopia,1960-01-01,37.72
Fiji,1960-01-01,55.7
Finland,1960-01-01,69.03
France,1960-01-01,70.49
French Polynesia,1960-01-01,56.28
Gabon,1960-01-01,38.83
Gambia,1960-01-01,35.7
Georgia,1960-01-01,63.5
Germany,1960-01-01,69.26
Ghana,1960-01-01,46.34
Greece,1960-01-01,68.41
Greenland,1960-01-01,61.49
Grenada,1960-01-01,60.59
Guatemala,1960-01-01,46.51
Guinea,1960-01-01,35.71
Guinea-Bissau,1960-01-01,43.14
Guyana,1960-01-01,59.08
Haiti,1960-01-01,42.1
Honduras,1960-01-01,47.71
"Hong Kong, China",1960-01-01,67.45
Hungary,1960-01-01,68.13
Iceland,1960-01-01,74.22
India,1960-01-01,41.26
Indonesia,1960-01-01,45.01
Iran,1960-01-01,46
Iraq,1960-01-01,46.96
Ireland,1960-01-01,70.76
Israel,1960-01-01,68.55
Italy,1960-01-01,69.19
Jamaica,1960-01-01,65.91
Japan,1960-01-01,67.78
Jordan,1960-01-01,53.3
Kazakhstan,1960-01-01,58.91
Kenya,1960-01-01,47.42
Kiribati,1960-01-01,45.84
South Korea,1960-01-01,53.02
Kuwait,1960-01-01,62.15
Kyrgyz Republic,1960-01-01,56.09
Lao,1960-01-01,42.13
Latvia,1960-01-01,70.37
Lebanon,1960-01-01,62.9
Lesotho,1960-01-01,47.02
Liberia,1960-01-01,35.24
Libya,1960-01-01,44.59
Lithuania,1960-01-01,70.33
Luxembourg,1960-01-01,68.99
"Macao, China",1960-01-01,64.93
"Macedonia, FYR",1960-01-01,60.85
Madagascar,1960-01-01,41.96
Malawi,1960-01-01,38.51
Malaysia,1960-01-01,59.89
Maldives,1960-01-01,38.07
Mali,1960-01-01,29.61
Malta,1960-01-01,68.32
Mauritania,1960-01-01,43.91
Mauritius,1960-01-01,58.74
Mexico,1960-01-01,57.34
"Micronesia, Fed. Sts.",1960-01-01,56.82
Moldova,1960-01-01,62.22
Mongolia,1960-01-01,49.2
Montenegro,1960-01-01,63.86
Morocco,1960-01-01,49.64
Mozambique,1960-01-01,38.17
Namibia,1960-01-01,47.07
Nepal,1960-01-01,39.8
Netherlands,1960-01-01,73.35
New Caledonia,1960-01-01,56.38
New Zealand,1960-01-01,71.28
Nicaragua,1960-01-01,50.69
Niger,1960-01-01,36.82
Nigeria,1960-01-01,40.39
Norway,1960-01-01,73.66
Oman,1960-01-01,44.64
Pakistan,1960-01-01,46.79
Panama,1960-01-01,61.62
Papua New Guinea,1960-01-01,38.6
Paraguay,1960-01-01,66.35
Peru,1960-01-01,48.95
Philippines,1960-01-01,58.82
Poland,1960-01-01,67.92
Portugal,1960-01-01,64.23
Puerto Rico,1960-01-01,68.58
Qatar,1960-01-01,60.82
Romania,1960-01-01,65.92
Russia,1960-01-01,68.61
Rwanda,1960-01-01,43.07
St. Lucia,1960-01-01,56.97
St. Vincent and the Grenadines,1960-01-01,57.85
Samoa,1960-01-01,51.45
Saudi Arabia,1960-01-01,47.62
Senegal,1960-01-01,38.46
Serbia,1960-01-01,63.33
Seychelles,1960-01-01,60.42
Sierra Leone,1960-01-01,36.07
Singapore,1960-01-01,65.02
Slovak Republic,1960-01-01,70.42
Slovenia,1960-01-01,68.62
Solomon Islands,1960-01-01,50.55
South Africa,1960-01-01,49.01
Spain,1960-01-01,69.23
Sri Lanka,1960-01-01,59.76
Sudan,1960-01-01,49.54
Suriname,1960-01-01,60.58
Swaziland,1960-01-01,44.78
Sweden,1960-01-01,73.01
Switzerland,1960-01-01,71.46
Syria,1960-01-01,52.87
Tajikistan,1960-01-01,57.1
Tanzania,1960-01-01,45.57
Thailand,1960-01-01,55.46
Timor-Leste,1960-01-01,37.74
Togo,1960-01-01,41.06
Tonga,1960-01-01,61.2
Trinidad and Tobago,1960-01-01,63.07
Tunisia,1960-01-01,43.2
Turkey,1960-01-01,46.91
Turkmenistan,1960-01-01,54.91
Uganda,1960-01-01,45.27
Ukraine,1960-01-01,70.88
United Arab Emirates,1960-01-01,51.85
United Kingdom,1960-01-01,71.02
United States,1960-01-01,69.91
Uruguay,1960-01-01,67.95
Uzbekistan,1960-01-01,59.35
Vanuatu,1960-01-01,45.97
Venezuela,1960-01-01,60.08
West Bank and Gaza,1960-01-01,50.82
Vietnam,1960-01-01,58.52
Yemen,1960-01-01,32.64
Zambia,1960-01-01,48.34
Zimbabwe,1960-01-01,53.11
Albania,1961-01-01,63.92
Algeria,1961-01-01,48.02
Angola,1961-01-01,36.53
Antigua and Barbuda,1961-01-01,63.46
Argentina,1961-01-01,65.53
Armenia,1961-01-01,67.33
Aruba,1961-01-01,66.07
Australia,1961-01-01,71.14
Austria,1961-01-01,69.72
Azerbaijan,1961-01-01,61.76
Bahamas,1961-01-01,62.29
Bahrain,1961-01-01,52.99
Bangladesh,1961-01-01,46.73
Barbados,1961-01-01,62.31
Belarus,1961-01-01,72.3
Belgium,1961-01-01,70.46
Belize,1961-01-01,60.64
Benin,1961-01-01,38.8
Bhutan,1961-01-01,36.49
Bolivia,1961-01-01,44.14
Bosnia and Herzegovina,1961-01-01,63.34
Botswana,1961-01-01,50.7
Brazil,1961-01-01,55.78
Brunei,1961-01-01,63.11
Bulgaria,1961-01-01,70.26
Burkina Faso,1961-01-01,35.72
Burundi,1961-01-01,40.85
Cambodia,1961-01-01,42.47
Cameroon,1961-01-01,44
Canada,1961-01-01,71.22
Cape Verde,1961-01-01,50.27
Central African Republic,1961-01-01,37.89
Chad,1961-01-01,41.35
Chile,1961-01-01,57.23
China,1961-01-01,32.95
Colombia,1961-01-01,58.63
Comoros,1961-01-01,44.47
"Congo, Dem. Rep.",1961-01-01,44.25
"Congo, Rep.",1961-01-01,48.88
Costa Rica,1961-01-01,62.56
Cote d'Ivoire,1961-01-01,38.74
Croatia,1961-01-01,65.26
Cuba,1961-01-01,64.47
Cyprus,1961-01-01,70.06
Czech Republic,1961-01-01,70.77
Denmark,1961-01-01,72.55
Djibouti,1961-01-01,46.28
Dominican Republic,1961-01-01,54.17
Ecuador,1961-01-01,54.77
Egypt,1961-01-01,48.89
El Salvador,1961-01-01,52.77
Equatorial Guinea,1961-01-01,38.04
Eritrea,1961-01-01,39.35
Estonia,1961-01-01,69.74
Ethiopia,1961-01-01,38.35
Fiji,1961-01-01,56.12
Finland,1961-01-01,69.07
France,1961-01-01,71.07
French Polynesia,1961-01-01,56.71
Gabon,1961-01-01,39.15
Gambia,1961-01-01,36.16
Georgia,1961-01-01,63.9
Germany,1961-01-01,69.85
Ghana,1961-01-01,46.8
Greece,1961-01-01,68.8
Greenland,1961-01-01,61.85
Grenada,1961-01-01,61.05
Guatemala,1961-01-01,47.12
Guinea,1961-01-01,35.95
Guinea-Bissau,1961-01-01,43.39
Guyana,1961-01-01,59.24
Haiti,1961-01-01,42.68
Honduras,1961-01-01,48.47
"Hong Kong, China",1961-01-01,68.01
Hungary,1961-01-01,69.06
Iceland,1961-01-01,73.6
India,1961-01-01,41.99
Indonesia,1961-01-01,45.83
Iran,1961-01-01,46.61
Iraq,1961-01-01,48.11
Ireland,1961-01-01,70.24
Israel,1961-01-01,68.85
Italy,1961-01-01,69.82
Jamaica,1961-01-01,66.57
Japan,1961-01-01,68.43
Jordan,1961-01-01,54.12
Kazakhstan,1961-01-01,59.38
Kenya,1961-01-01,48.13
Kiribati,1961-01-01,46.24
South Korea,1961-01-01,53.75
Kuwait,1961-01-01,62.98
Kyrgyz Republic,1961-01-01,56.54
Lao,1961-01-01,42.38
Latvia,1961-01-01,70.6
Lebanon,1961-01-01,63.19
Lesotho,1961-01-01,47.54
Liberia,1961-01-01,35.54
Libya,1961-01-01,46.28
Lithuania,1961-01-01,70.52
Luxembourg,1961-01-01,69.49
"Macao, China",1961-01-01,65.42
"Macedonia, FYR",1961-01-01,61.49
Madagascar,1961-01-01,42.54
Malawi,1961-01-01,38.76
Malaysia,1961-01-01,60.48
Maldives,1961-01-01,38.82
Mali,1961-01-01,29.83
Malta,1961-01-01,68.67
Mauritania,1961-01-01,44.62
Mauritius,1961-01-01,59.75
Mexico,1961-01-01,57.95
"Micronesia, Fed. Sts.",1961-01-01,57.18
Moldova,1961-01-01,62.61
Mongolia,1961-01-01,50.15
Montenegro,1961-01-01,64.54
Morocco,1961-01-01,50.11
Mozambique,1961-01-01,38.79
Namibia,1961-01-01,47.7
Nepal,1961-01-01,40.26
Netherlands,1961-01-01,73.54
New Caledonia,1961-01-01,57.06
New Zealand,1961-01-01,71
Nicaragua,1961-01-01,51.53
Niger,1961-01-01,36.97
Nigeria,1961-01-01,41
Norway,1961-01-01,73.67
Oman,1961-01-01,45.57
Pakistan,1961-01-01,47.73
Panama,1961-01-01,62.17
Papua New Guinea,1961-01-01,39.2
Paraguay,1961-01-01,66.7
Peru,1961-01-01,49.56
Philippines,1961-01-01,59.17
Poland,1961-01-01,68.04
Portugal,1961-01-01,62.85
Puerto Rico,1961-01-01,68.8
Qatar,1961-01-01,61.57
Romania,1961-01-01,66.7
Russia,1961-01-01,68.85
Rwanda,1961-01-01,43.41
St. Lucia,1961-01-01,57.75
St. Vincent and the Grenadines,1961-01-01,58.96
Samoa,1961-01-01,52.04
Saudi Arabia,1961-01-01,48.22
Senegal,1961-01-01,38.63
Serbia,1961-01-01,63.88
Seychelles,1961-01-01,61.03
Sierra Leone,1961-01-01,36.57
Singapore,1961-01-01,65.41
Slovak Republic,1961-01-01,70.86
Slovenia,1961-01-01,68.82
Solomon Islands,1961-01-01,51.12
South Africa,1961-01-01,49.4
Spain,1961-01-01,69.62
Sri Lanka,1961-01-01,60.18
Sudan,1961-01-01,50.04
Suriname,1961-01-01,61
Swaziland,1961-01-01,45.1
Sweden,1961-01-01,73.47
Switzerland,1961-01-01,71.79
Syria,1961-01-01,53.43
Tajikistan,1961-01-01,57.57
Tanzania,1961-01-01,45.91
Thailand,1961-01-01,56.01
Timor-Leste,1961-01-01,38.45
Togo,1961-01-01,41.74
Tonga,1961-01-01,61.56
Trinidad and Tobago,1961-01-01,63.68
Tunisia,1961-01-01,43.89
Turkey,1961-01-01,47.71
Turkmenistan,1961-01-01,55.36
Uganda,1961-01-01,45.91
Ukraine,1961-01-01,71.15
United Arab Emirates,1961-01-01,52.89
United Kingdom,1961-01-01,70.77
United States,1961-01-01,70.32
Uruguay,1961-01-01,68.19
Uzbekistan,1961-01-01,59.8
Vanuatu,1961-01-01,46.55
Venezuela,1961-01-01,60.69
West Bank and Gaza,1961-01-01,51.43
Vietnam,1961-01-01,59.17
Yemen,1961-01-01,33.58
Zambia,1961-01-01,48.89
Zimbabwe,1961-01-01,53.55
Albania,1962-01-01,64.84
Algeria,1962-01-01,48.55
Angola,1962-01-01,37.08
Antigua and Barbuda,1962-01-01,63.93
Argentina,1962-01-01,65.64
Armenia,1962-01-01,67.82
Aruba,1962-01-01,66.44
Australia,1962-01-01,70.91
Austria,1962-01-01,69.51
Azerbaijan,1962-01-01,62.2
Bahamas,1962-01-01,62.58
Bahrain,1962-01-01,54.33
Bangladesh,1962-01-01,47.28
Barbados,1962-01-01,62.79
Belarus,1962-01-01,71.01
Belgium,1962-01-01,70.19
Belize,1962-01-01,61.2
Benin,1962-01-01,39.32
Bhutan,1962-01-01,37.04
Bolivia,1962-01-01,44.5
Bosnia and Herzegovina,1962-01-01,64.07
Botswana,1962-01-01,51.02
Brazil,1962-01-01,56.27
Brunei,1962-01-01,63.67
Bulgaria,1962-01-01,69.55
Burkina Faso,1962-01-01,36.23
Burundi,1962-01-01,41.13
Cambodia,1962-01-01,42.7
Cameroon,1962-01-01,44.53
Canada,1962-01-01,71.25
Cape Verde,1962-01-01,50.43
Central African Republic,1962-01-01,38.36
Chad,1962-01-01,41.76
Chile,1962-01-01,57.63
China,1962-01-01,43.29
Colombia,1962-01-01,59.18
Comoros,1962-01-01,44.89
"Congo, Dem. Rep.",1962-01-01,44.61
"Congo, Rep.",1962-01-01,49.47
Costa Rica,1962-01-01,63.13
Cote d'Ivoire,1962-01-01,39.46
Croatia,1962-01-01,65.66
Cuba,1962-01-01,65.09
Cyprus,1962-01-01,70.38
Czech Republic,1962-01-01,70.04
Denmark,1962-01-01,72.43
Djibouti,1962-01-01,46.79
Dominican Republic,1962-01-01,54.97
Ecuador,1962-01-01,55.42
Egypt,1962-01-01,49.43
El Salvador,1962-01-01,53.5
Equatorial Guinea,1962-01-01,38.38
Eritrea,1962-01-01,39.69
Estonia,1962-01-01,69.93
Ethiopia,1962-01-01,38.94
Fiji,1962-01-01,56.54
Finland,1962-01-01,68.78
France,1962-01-01,70.61
French Polynesia,1962-01-01,57.09
Gabon,1962-01-01,39.56
Gambia,1962-01-01,36.68
Georgia,1962-01-01,64.31
Germany,1962-01-01,70.01
Ghana,1962-01-01,47.25
Greece,1962-01-01,69.14
Greenland,1962-01-01,62.22
Grenada,1962-01-01,61.49
Guatemala,1962-01-01,47.76
Guinea,1962-01-01,36.17
Guinea-Bissau,1962-01-01,43.64
Guyana,1962-01-01,59.41
Haiti,1962-01-01,43.26
Honduras,1962-01-01,49.21
"Hong Kong, China",1962-01-01,68.55
Hungary,1962-01-01,68
Iceland,1962-01-01,73.82
India,1962-01-01,42.72
Indonesia,1962-01-01,46.65
Iran,1962-01-01,47.22
Iraq,1962-01-01,49.24
Ireland,1962-01-01,70.57
Israel,1962-01-01,69.13
Italy,1962-01-01,69.21
Jamaica,1962-01-01,67.17
Japan,1962-01-01,68.71
Jordan,1962-01-01,54.94
Kazakhstan,1962-01-01,59.85
Kenya,1962-01-01,48.82
Kiribati,1962-01-01,46.64
South Korea,1962-01-01,54.51
Kuwait,1962-01-01,63.77
Kyrgyz Republic,1962-01-01,56.99
Lao,1962-01-01,42.64
Latvia,1962-01-01,69.97
Lebanon,1962-01-01,63.47
Lesotho,1962-01-01,47.97
Liberia,1962-01-01,35.88
Libya,1962-01-01,48
Lithuania,1962-01-01,69.46
Luxembourg,1962-01-01,68.59
"Macao, China",1962-01-01,65.9
"Macedonia, FYR",1962-01-01,62.11
Madagascar,1962-01-01,43.12
Malawi,1962-01-01,39.02
Malaysia,1962-01-01,61.07
Maldives,1962-01-01,39.64
Mali,1962-01-01,30.08
Malta,1962-01-01,69.02
Mauritania,1962-01-01,45.31
Mauritius,1962-01-01,60.64
Mexico,1962-01-01,58.49
"Micronesia, Fed. Sts.",1962-01-01,57.54
Moldova,1962-01-01,62.99
Mongolia,1962-01-01,51.08
Montenegro,1962-01-01,65.21
Morocco,1962-01-01,50.6
Mozambique,1962-01-01,39.4
Namibia,1962-01-01,48.31
Nepal,1962-01-01,40.74
Netherlands,1962-01-01,73.21
New Caledonia,1962-01-01,57.72
New Zealand,1962-01-01,71.26
Nicaragua,1962-01-01,52.36
Niger,1962-01-01,37.1
Nigeria,1962-01-01,41.61
Norway,1962-01-01,73.55
Oman,1962-01-01,46.47
Pakistan,1962-01-01,48.63
Panama,1962-01-01,62.71
Papua New Guinea,1962-01-01,39.87
Paraguay,1962-01-01,67.03
Peru,1962-01-01,50.14
Philippines,1962-01-01,59.53
Poland,1962-01-01,67.71
Portugal,1962-01-01,64.37
Puerto Rico,1962-01-01,69
Qatar,1962-01-01,62.31
Romania,1962-01-01,67.32
Russia,1962-01-01,68.51
Rwanda,1962-01-01,43.74
St. Lucia,1962-01-01,58.47
St. Vincent and the Grenadines,1962-01-01,59.99
Samoa,1962-01-01,52.62
Saudi Arabia,1962-01-01,48.84
Senegal,1962-01-01,38.72
Serbia,1962-01-01,64.44
Seychelles,1962-01-01,61.59
Sierra Leone,1962-01-01,37.06
Singapore,1962-01-01,65.72
Slovak Republic,1962-01-01,70.4
Slovenia,1962-01-01,68.98
Solomon Islands,1962-01-01,51.69
South Africa,1962-01-01,49.78
Spain,1962-01-01,69.65
Sri Lanka,1962-01-01,60.61
Sudan,1962-01-01,50.52
Suriname,1962-01-01,61.41
Swaziland,1962-01-01,45.42
Sweden,1962-01-01,73.34
Switzerland,1962-01-01,71.35
Syria,1962-01-01,53.98
Tajikistan,1962-01-01,58.03
Tanzania,1962-01-01,46.26
Thailand,1962-01-01,56.51
Timor-Leste,1962-01-01,39.15
Togo,1962-01-01,42.42
Tonga,1962-01-01,61.91
Trinidad and Tobago,1962-01-01,64.2
Tunisia,1962-01-01,44.65
Turkey,1962-01-01,48.52
Turkmenistan,1962-01-01,55.82
Uganda,1962-01-01,46.56
Ukraine,1962-01-01,70.56
United Arab Emirates,1962-01-01,53.91
United Kingdom,1962-01-01,70.84
United States,1962-01-01,70.21
Uruguay,1962-01-01,68.39
Uzbekistan,1962-01-01,60.25
Vanuatu,1962-01-01,47.14
Venezuela,1962-01-01,61.3
West Bank and Gaza,1962-01-01,52.08
Vietnam,1962-01-01,59.82
Yemen,1962-01-01,34.52
Zambia,1962-01-01,49.42
Zimbabwe,1962-01-01,53.99
Albania,1963-01-01,65.6
Algeria,1963-01-01,49.07
Angola,1963-01-01,37.63
Antigua and Barbuda,1963-01-01,64.38
Argentina,1963-01-01,65.74
Armenia,1963-01-01,68.3
Aruba,1963-01-01,66.79
Australia,1963-01-01,70.97
Austria,1963-01-01,69.64
Azerbaijan,1963-01-01,62.62
Bahamas,1963-01-01,62.85
Bahrain,1963-01-01,55.64
Bangladesh,1963-01-01,47.81
Barbados,1963-01-01,63.27
Belarus,1963-01-01,71.66
Belgium,1963-01-01,70
Belize,1963-01-01,61.78
Benin,1963-01-01,39.85
Bhutan,1963-01-01,37.57
Bolivia,1963-01-01,44.88
Bosnia and Herzegovina,1963-01-01,64.78
Botswana,1963-01-01,51.35
Brazil,1963-01-01,56.75
Brunei,1963-01-01,64.21
Bulgaria,1963-01-01,70.38
Burkina Faso,1963-01-01,36.75
Burundi,1963-01-01,41.41
Cambodia,1963-01-01,42.95
Cameroon,1963-01-01,45.07
Canada,1963-01-01,71.26
Cape Verde,1963-01-01,50.59
Central African Republic,1963-01-01,38.85
Chad,1963-01-01,42.17
Chile,1963-01-01,58.07
China,1963-01-01,50.64
Colombia,1963-01-01,59.71
Comoros,1963-01-01,45.32
"Congo, Dem. Rep.",1963-01-01,44.98
"Congo, Rep.",1963-01-01,50.04
Costa Rica,1963-01-01,63.7
Cote d'Ivoire,1963-01-01,40.17
Croatia,1963-01-01,66.05
Cuba,1963-01-01,65.71
Cyprus,1963-01-01,70.71
Czech Republic,1963-01-01,70.56
Denmark,1963-01-01,72.52
Djibouti,1963-01-01,47.3
Dominican Republic,1963-01-01,55.75
Ecuador,1963-01-01,56.01
Egypt,1963-01-01,49.94
El Salvador,1963-01-01,54.18
Equatorial Guinea,1963-01-01,38.73
Eritrea,1963-01-01,40.04
Estonia,1963-01-01,69.99
Ethiopia,1963-01-01,39.49
Fiji,1963-01-01,56.94
Finland,1963-01-01,69.19
France,1963-01-01,70.46
French Polynesia,1963-01-01,57.47
Gabon,1963-01-01,40.07
Gambia,1963-01-01,37.26
Georgia,1963-01-01,64.71
Germany,1963-01-01,70.1
Ghana,1963-01-01,47.66
Greece,1963-01-01,69.44
Greenland,1963-01-01,62.59
Grenada,1963-01-01,61.93
Guatemala,1963-01-01,48.4
Guinea,1963-01-01,36.37
Guinea-Bissau,1963-01-01,43.89
Guyana,1963-01-01,59.58
Haiti,1963-01-01,43.82
Honduras,1963-01-01,49.94
"Hong Kong, China",1963-01-01,69.05
Hungary,1963-01-01,69.02
Iceland,1963-01-01,73.13
India,1963-01-01,43.46
Indonesia,1963-01-01,47.45
Iran,1963-01-01,47.83
Iraq,1963-01-01,50.36
Ireland,1963-01-01,70.85
Israel,1963-01-01,69.41
Italy,1963-01-01,69.32
Jamaica,1963-01-01,67.74
Japan,1963-01-01,69.79
Jordan,1963-01-01,55.75
Kazakhstan,1963-01-01,60.31
Kenya,1963-01-01,49.48
Kiribati,1963-01-01,47.03
South Korea,1963-01-01,55.27
Kuwait,1963-01-01,64.53
Kyrgyz Republic,1963-01-01,57.44
Lao,1963-01-01,42.89
Latvia,1963-01-01,70.36
Lebanon,1963-01-01,63.74
Lesotho,1963-01-01,48.32
Liberia,1963-01-01,36.28
Libya,1963-01-01,49.69
Lithuania,1963-01-01,70.64
Luxembourg,1963-01-01,68.8
"Macao, China",1963-01-01,66.36
"Macedonia, FYR",1963-01-01,62.72
Madagascar,1963-01-01,43.7
Malawi,1963-01-01,39.25
Malaysia,1963-01-01,61.63
Maldives,1963-01-01,40.54
Mali,1963-01-01,30.4
Malta,1963-01-01,69.37
Mauritania,1963-01-01,45.96
Mauritius,1963-01-01,61.38
Mexico,1963-01-01,58.96
"Micronesia, Fed. Sts.",1963-01-01,57.9
Moldova,1963-01-01,63.38
Mongolia,1963-01-01,51.94
Montenegro,1963-01-01,65.86
Morocco,1963-01-01,51.09
Mozambique,1963-01-01,39.98
Namibia,1963-01-01,48.9
Nepal,1963-01-01,41.21
Netherlands,1963-01-01,73.33
New Caledonia,1963-01-01,58.36
New Zealand,1963-01-01,71.33
Nicaragua,1963-01-01,53.19
Niger,1963-01-01,37.24
Nigeria,1963-01-01,42.19
Norway,1963-01-01,73.2
Oman,1963-01-01,47.37
Pakistan,1963-01-01,49.47
Panama,1963-01-01,63.22
Papua New Guinea,1963-01-01,40.6
Paraguay,1963-01-01,67.33
Peru,1963-01-01,50.7
Philippines,1963-01-01,59.87
Poland,1963-01-01,68.64
Portugal,1963-01-01,65
Puerto Rico,1963-01-01,69.21
Qatar,1963-01-01,63.06
Romania,1963-01-01,67.74
Russia,1963-01-01,68.98
Rwanda,1963-01-01,44.05
St. Lucia,1963-01-01,59.11
St. Vincent and the Grenadines,1963-01-01,60.93
Samoa,1963-01-01,53.21
Saudi Arabia,1963-01-01,49.48
Senegal,1963-01-01,38.76
Serbia,1963-01-01,64.99
Seychelles,1963-01-01,62.08
Sierra Leone,1963-01-01,37.57
Singapore,1963-01-01,65.97
Slovak Republic,1963-01-01,70.79
Slovenia,1963-01-01,69.08
Solomon Islands,1963-01-01,52.27
South Africa,1963-01-01,50.14
Spain,1963-01-01,69.81
Sri Lanka,1963-01-01,61.06
Sudan,1963-01-01,50.99
Suriname,1963-01-01,61.81
Swaziland,1963-01-01,45.73
Sweden,1963-01-01,73.53
Switzerland,1963-01-01,71.34
Syria,1963-01-01,54.56
Tajikistan,1963-01-01,58.51
Tanzania,1963-01-01,46.62
Thailand,1963-01-01,56.98
Timor-Leste,1963-01-01,39.85
Togo,1963-01-01,43.1
Tonga,1963-01-01,62.26
Trinidad and Tobago,1963-01-01,64.63
Tunisia,1963-01-01,45.47
Turkey,1963-01-01,49.35
Turkmenistan,1963-01-01,56.27
Uganda,1963-01-01,47.22
Ukraine,1963-01-01,71.18
United Arab Emirates,1963-01-01,54.91
United Kingdom,1963-01-01,70.74
United States,1963-01-01,70.04
Uruguay,1963-01-01,68.55
Uzbekistan,1963-01-01,60.7
Vanuatu,1963-01-01,47.71
Venezuela,1963-01-01,61.91
West Bank and Gaza,1963-01-01,52.75
Vietnam,1963-01-01,60.42
Yemen,1963-01-01,35.45
Zambia,1963-01-01,49.94
Zimbabwe,1963-01-01,54.42
Albania,1964-01-01,66.18
Algeria,1964-01-01,49.58
Angola,1964-01-01,38.18
Antigua and Barbuda,1964-01-01,64.81
Argentina,1964-01-01,65.84
Armenia,1964-01-01,68.78
Aruba,1964-01-01,67.11
Australia,1964-01-01,70.63
Austria,1964-01-01,70.13
Azerbaijan,1964-01-01,63.06
Bahamas,1964-01-01,63.13
Bahrain,1964-01-01,56.9
Bangladesh,1964-01-01,48.29
Barbados,1964-01-01,63.74
Belarus,1964-01-01,73.17
Belgium,1964-01-01,70.66
Belize,1964-01-01,62.36
Benin,1964-01-01,40.38
Bhutan,1964-01-01,38.12
Bolivia,1964-01-01,45.24
Bosnia and Herzegovina,1964-01-01,65.46
Botswana,1964-01-01,51.67
Brazil,1964-01-01,57.21
Brunei,1964-01-01,64.72
Bulgaria,1964-01-01,71.18
Burkina Faso,1964-01-01,37.27
Burundi,1964-01-01,41.69
Cambodia,1964-01-01,43.2
Cameroon,1964-01-01,45.59
Canada,1964-01-01,71.64
Cape Verde,1964-01-01,50.77
Central African Republic,1964-01-01,39.36
Chad,1964-01-01,42.58
Chile,1964-01-01,58.54
China,1964-01-01,52
Colombia,1964-01-01,60.21
Comoros,1964-01-01,45.75
"Congo, Dem. Rep.",1964-01-01,45.36
"Congo, Rep.",1964-01-01,50.55
Costa Rica,1964-01-01,64.26
Cote d'Ivoire,1964-01-01,40.84
Croatia,1964-01-01,66.43
Cuba,1964-01-01,66.35
Cyprus,1964-01-01,71.02
Czech Republic,1964-01-01,70.73
Denmark,1964-01-01,72.61
Djibouti,1964-01-01,47.8
Dominican Republic,1964-01-01,56.52
Ecuador,1964-01-01,56.53
Egypt,1964-01-01,50.42
El Salvador,1964-01-01,54.81
Equatorial Guinea,1964-01-01,39.08
Eritrea,1964-01-01,40.41
Estonia,1964-01-01,70.74
Ethiopia,1964-01-01,39.36
Fiji,1964-01-01,57.35
Finland,1964-01-01,69.4
France,1964-01-01,71.43
French Polynesia,1964-01-01,57.85
Gabon,1964-01-01,40.7
Gambia,1964-01-01,37.91
Georgia,1964-01-01,65.11
Germany,1964-01-01,70.66
Ghana,1964-01-01,48.07
Greece,1964-01-01,69.69
Greenland,1964-01-01,62.97
Grenada,1964-01-01,62.35
Guatemala,1964-01-01,49.05
Guinea,1964-01-01,36.57
Guinea-Bissau,1964-01-01,44.15
Guyana,1964-01-01,59.75
Haiti,1964-01-01,44.38
Honduras,1964-01-01,50.65
"Hong Kong, China",1964-01-01,69.52
Hungary,1964-01-01,69.52
Iceland,1964-01-01,73.72
India,1964-01-01,44.23
Indonesia,1964-01-01,48.24
Iran,1964-01-01,48.43
Iraq,1964-01-01,51.46
Ireland,1964-01-01,71.12
Israel,1964-01-01,69.68
Italy,1964-01-01,70.37
Jamaica,1964-01-01,68.25
Japan,1964-01-01,70.26
Jordan,1964-01-01,56.55
Kazakhstan,1964-01-01,60.79
Kenya,1964-01-01,50.13
Kiribati,1964-01-01,47.44
South Korea,1964-01-01,56.04
Kuwait,1964-01-01,65.24
Kyrgyz Republic,1964-01-01,57.9
Lao,1964-01-01,43.13
Latvia,1964-01-01,71.62
Lebanon,1964-01-01,64
Lesotho,1964-01-01,48.59
Liberia,1964-01-01,36.73
Libya,1964-01-01,51.28
Lithuania,1964-01-01,72
Luxembourg,1964-01-01,68.98
"Macao, China",1964-01-01,66.81
"Macedonia, FYR",1964-01-01,63.32
Madagascar,1964-01-01,44.28
Malawi,1964-01-01,39.49
Malaysia,1964-01-01,62.17
Maldives,1964-01-01,41.48
Mali,1964-01-01,30.79
Malta,1964-01-01,69.7
Mauritania,1964-01-01,46.59
Mauritius,1964-01-01,61.97
Mexico,1964-01-01,59.4
"Micronesia, Fed. Sts.",1964-01-01,58.26
Moldova,1964-01-01,63.77
Mongolia,1964-01-01,52.74
Montenegro,1964-01-01,66.47
Morocco,1964-01-01,51.58
Mozambique,1964-01-01,40.54
Namibia,1964-01-01,49.48
Nepal,1964-01-01,41.67
Netherlands,1964-01-01,73.71
New Caledonia,1964-01-01,58.99
New Zealand,1964-01-01,71.37
Nicaragua,1964-01-01,54.04
Niger,1964-01-01,37.36
Nigeria,1964-01-01,42.75
Norway,1964-01-01,73.7
Oman,1964-01-01,48.26
Pakistan,1964-01-01,50.27
Panama,1964-01-01,63.72
Papua New Guinea,1964-01-01,41.39
Paraguay,1964-01-01,67.61
Peru,1964-01-01,51.25
Philippines,1964-01-01,60.21
Poland,1964-01-01,68.87
Portugal,1964-01-01,65.22
Puerto Rico,1964-01-01,69.45
Qatar,1964-01-01,63.79
Romania,1964-01-01,67.96
Russia,1964-01-01,69.77
Rwanda,1964-01-01,44.35
St. Lucia,1964-01-01,59.66
St. Vincent and the Grenadines,1964-01-01,61.75
Samoa,1964-01-01,53.8
Saudi Arabia,1964-01-01,50.15
Senegal,1964-01-01,38.74
Serbia,1964-01-01,65.53
Seychelles,1964-01-01,62.47
Sierra Leone,1964-01-01,38.1
Singapore,1964-01-01,66.16
Slovak Republic,1964-01-01,71.17
Slovenia,1964-01-01,69.12
Solomon Islands,1964-01-01,52.84
South Africa,1964-01-01,50.52
Spain,1964-01-01,70.54
Sri Lanka,1964-01-01,61.55
Sudan,1964-01-01,51.47
Suriname,1964-01-01,62.23
Swaziland,1964-01-01,46.05
Sweden,1964-01-01,73.7
Switzerland,1964-01-01,72.23
Syria,1964-01-01,55.15
Tajikistan,1964-01-01,58.98
Tanzania,1964-01-01,46.99
Thailand,1964-01-01,57.4
Timor-Leste,1964-01-01,40.55
Togo,1964-01-01,43.77
Tonga,1964-01-01,62.6
Trinidad and Tobago,1964-01-01,64.94
Tunisia,1964-01-01,46.35
Turkey,1964-01-01,50.15
Turkmenistan,1964-01-01,56.72
Uganda,1964-01-01,47.86
Ukraine,1964-01-01,71.97
United Arab Emirates,1964-01-01,55.9
United Kingdom,1964-01-01,71.53
United States,1964-01-01,70.33
Uruguay,1964-01-01,68.67
Uzbekistan,1964-01-01,61.15
Vanuatu,1964-01-01,48.29
Venezuela,1964-01-01,62.51
West Bank and Gaza,1964-01-01,53.47
Vietnam,1964-01-01,60.95
Yemen,1964-01-01,36.37
Zambia,1964-01-01,50.44
Zimbabwe,1964-01-01,54.83
Albania,1965-01-01,66.59
Algeria,1965-01-01,50.09
Angola,1965-01-01,38.74
Antigua and Barbuda,1965-01-01,65.23
Argentina,1965-01-01,65.95
Armenia,1965-01-01,69.26
Aruba,1965-01-01,67.44
Australia,1965-01-01,70.96
Austria,1965-01-01,69.92
Azerbaijan,1965-01-01,63.49
Bahamas,1965-01-01,63.4
Bahrain,1965-01-01,58.1
Bangladesh,1965-01-01,48.6
Barbados,1965-01-01,64.2
Belarus,1965-01-01,72.7
Belgium,1965-01-01,70.51
Belize,1965-01-01,62.95
Benin,1965-01-01,40.93
Bhutan,1965-01-01,38.68
Bolivia,1965-01-01,45.62
Bosnia and Herzegovina,1965-01-01,66.14
Botswana,1965-01-01,52
Brazil,1965-01-01,57.66
Brunei,1965-01-01,65.21
Bulgaria,1965-01-01,71.35
Burkina Faso,1965-01-01,37.8
Burundi,1965-01-01,41.95
Cambodia,1965-01-01,43.45
Cameroon,1965-01-01,46.13
Canada,1965-01-01,71.74
Cape Verde,1965-01-01,51
Central African Republic,1965-01-01,39.92
Chad,1965-01-01,43.01
Chile,1965-01-01,59.03
China,1965-01-01,54.28
Colombia,1965-01-01,60.7
Comoros,1965-01-01,46.18
"Congo, Dem. Rep.",1965-01-01,45.77
"Congo, Rep.",1965-01-01,51.02
Costa Rica,1965-01-01,64.8
Cote d'Ivoire,1965-01-01,41.51
Croatia,1965-01-01,66.8
Cuba,1965-01-01,66.99
Cyprus,1965-01-01,71.33
Czech Republic,1965-01-01,70.43
Denmark,1965-01-01,72.49
Djibouti,1965-01-01,48.33
Dominican Republic,1965-01-01,57.28
Ecuador,1965-01-01,57.02
Egypt,1965-01-01,50.88
El Salvador,1965-01-01,55.4
Equatorial Guinea,1965-01-01,39.44
Eritrea,1965-01-01,40.81
Estonia,1965-01-01,70.81
Ethiopia,1965-01-01,38.13
Fiji,1965-01-01,57.75
Finland,1965-01-01,69.16
France,1965-01-01,71.26
French Polynesia,1965-01-01,58.24
Gabon,1965-01-01,41.42
Gambia,1965-01-01,38.66
Georgia,1965-01-01,65.52
Germany,1965-01-01,70.65
Ghana,1965-01-01,48.44
Greece,1965-01-01,69.91
Greenland,1965-01-01,63.34
Grenada,1965-01-01,62.76
Guatemala,1965-01-01,49.73
Guinea,1965-01-01,36.77
Guinea-Bissau,1965-01-01,44.39
Guyana,1965-01-01,59.92
Haiti,1965-01-01,44.93
Honduras,1965-01-01,51.35
"Hong Kong, China",1965-01-01,69.96
Hungary,1965-01-01,69.22
Iceland,1965-01-01,74
India,1965-01-01,44.98
Indonesia,1965-01-01,43.77
Iran,1965-01-01,49.04
Iraq,1965-01-01,52.52
Ireland,1965-01-01,71.35
Israel,1965-01-01,69.93
Italy,1965-01-01,70.24
Jamaica,1965-01-01,68.73
Japan,1965-01-01,70.31
Jordan,1965-01-01,57.35
Kazakhstan,1965-01-01,61.24
Kenya,1965-01-01,50.75
Kiribati,1965-01-01,47.84
South Korea,1965-01-01,56.84
Kuwait,1965-01-01,65.92
Kyrgyz Republic,1965-01-01,58.34
Lao,1965-01-01,43.39
Latvia,1965-01-01,71.29
Lebanon,1965-01-01,64.25
Lesotho,1965-01-01,48.79
Liberia,1965-01-01,37.23
Libya,1965-01-01,52.77
Lithuania,1965-01-01,71.76
Luxembourg,1965-01-01,69.31
"Macao, China",1965-01-01,67.24
"Macedonia, FYR",1965-01-01,63.92
Madagascar,1965-01-01,44.85
Malawi,1965-01-01,39.75
Malaysia,1965-01-01,62.71
Maldives,1965-01-01,42.47
Mali,1965-01-01,31.26
Malta,1965-01-01,70.03
Mauritania,1965-01-01,47.18
Mauritius,1965-01-01,62.4
Mexico,1965-01-01,59.78
"Micronesia, Fed. Sts.",1965-01-01,58.63
Moldova,1965-01-01,64.14
Mongolia,1965-01-01,53.48
Montenegro,1965-01-01,67.05
Morocco,1965-01-01,52.06
Mozambique,1965-01-01,41.1
Namibia,1965-01-01,50.05
Nepal,1965-01-01,42.14
Netherlands,1965-01-01,73.58
New Caledonia,1965-01-01,59.6
New Zealand,1965-01-01,71.3
Nicaragua,1965-01-01,54.88
Niger,1965-01-01,37.49
Nigeria,1965-01-01,43.29
Norway,1965-01-01,73.83
Oman,1965-01-01,49.13
Pakistan,1965-01-01,51.01
Panama,1965-01-01,64.21
Papua New Guinea,1965-01-01,42.22
Paraguay,1965-01-01,67.87
Peru,1965-01-01,51.79
Philippines,1965-01-01,60.56
Poland,1965-01-01,69.58
Portugal,1965-01-01,66.17
Puerto Rico,1965-01-01,69.72
Qatar,1965-01-01,64.53
Romania,1965-01-01,68.02
Russia,1965-01-01,69.36
Rwanda,1965-01-01,44.62
St. Lucia,1965-01-01,60.15
St. Vincent and the Grenadines,1965-01-01,62.46
Samoa,1965-01-01,54.39
Saudi Arabia,1965-01-01,50.88
Senegal,1965-01-01,38.71
Serbia,1965-01-01,66.06
Seychelles,1965-01-01,62.81
Sierra Leone,1965-01-01,38.7
Singapore,1965-01-01,66.31
Slovak Republic,1965-01-01,70.39
Slovenia,1965-01-01,69.14
Solomon Islands,1965-01-01,53.42
South Africa,1965-01-01,50.91
Spain,1965-01-01,70.95
Sri Lanka,1965-01-01,62.07
Sudan,1965-01-01,51.94
Suriname,1965-01-01,62.65
Swaziland,1965-01-01,46.39
Sweden,1965-01-01,73.85
Switzerland,1965-01-01,72.36
Syria,1965-01-01,55.77
Tajikistan,1965-01-01,59.45
Tanzania,1965-01-01,47.37
Thailand,1965-01-01,57.8
Timor-Leste,1965-01-01,41.29
Togo,1965-01-01,44.43
Tonga,1965-01-01,62.94
Trinidad and Tobago,1965-01-01,65.17
Tunisia,1965-01-01,47.31
Turkey,1965-01-01,50.96
Turkmenistan,1965-01-01,57.17
Uganda,1965-01-01,48.49
Ukraine,1965-01-01,71.4
United Arab Emirates,1965-01-01,56.87
United Kingdom,1965-01-01,71.52
United States,1965-01-01,70.41
Uruguay,1965-01-01,68.74
Uzbekistan,1965-01-01,61.59
Vanuatu,1965-01-01,48.87
Venezuela,1965-01-01,63.09
West Bank and Gaza,1965-01-01,54.2
Vietnam,1965-01-01,61.32
Yemen,1965-01-01,37.27
Zambia,1965-01-01,50.96
Zimbabwe,1965-01-01,55.25
Albania,1966-01-01,66.88
Algeria,1966-01-01,50.58
Angola,1966-01-01,39.28
Antigua and Barbuda,1966-01-01,65.63
Argentina,1966-01-01,66.08
Armenia,1966-01-01,69.74
Aruba,1966-01-01,67.76
Australia,1966-01-01,70.79
Austria,1966-01-01,70.22
Azerbaijan,1966-01-01,63.91
Bahamas,1966-01-01,63.65
Bahrain,1966-01-01,59.23
Bangladesh,1966-01-01,48.63
Barbados,1966-01-01,64.64
Belarus,1966-01-01,73.05
Belgium,1966-01-01,70.58
Belize,1966-01-01,63.53
Benin,1966-01-01,41.5
Bhutan,1966-01-01,39.28
Bolivia,1966-01-01,45.99
Bosnia and Herzegovina,1966-01-01,66.81
Botswana,1966-01-01,52.36
Brazil,1966-01-01,58.07
Brunei,1966-01-01,65.67
Bulgaria,1966-01-01,71.28
Burkina Faso,1966-01-01,38.3
Burundi,1966-01-01,42.18
Cambodia,1966-01-01,43.73
Cameroon,1966-01-01,46.67
Canada,1966-01-01,71.86
Cape Verde,1966-01-01,51.32
Central African Republic,1966-01-01,40.5
Chad,1966-01-01,43.48
Chile,1966-01-01,59.54
China,1966-01-01,55.37
Colombia,1966-01-01,61.16
Comoros,1966-01-01,46.63
"Congo, Dem. Rep.",1966-01-01,46.2
"Congo, Rep.",1966-01-01,51.45
Costa Rica,1966-01-01,65.33
Cote d'Ivoire,1966-01-01,42.21
Croatia,1966-01-01,67.16
Cuba,1966-01-01,67.6
Cyprus,1966-01-01,71.62
Czech Republic,1966-01-01,70.65
Denmark,1966-01-01,72.57
Djibouti,1966-01-01,48.9
Dominican Republic,1966-01-01,58.02
Ecuador,1966-01-01,57.47
Egypt,1966-01-01,51.29
El Salvador,1966-01-01,55.93
Equatorial Guinea,1966-01-01,39.78
Eritrea,1966-01-01,41.22
Estonia,1966-01-01,70.78
Ethiopia,1966-01-01,39.09
Fiji,1966-01-01,58.14
Finland,1966-01-01,69.68
France,1966-01-01,71.67
French Polynesia,1966-01-01,58.65
Gabon,1966-01-01,42.21
Gambia,1966-01-01,39.47
Georgia,1966-01-01,65.9
Germany,1966-01-01,70.77
Ghana,1966-01-01,48.8
Greece,1966-01-01,70.12
Greenland,1966-01-01,63.71
Grenada,1966-01-01,63.16
Guatemala,1966-01-01,50.43
Guinea,1966-01-01,36.96
Guinea-Bissau,1966-01-01,44.63
Guyana,1966-01-01,60.09
Haiti,1966-01-01,45.43
Honduras,1966-01-01,52.02
"Hong Kong, China",1966-01-01,70.37
Hungary,1966-01-01,69.98
Iceland,1966-01-01,73.4
India,1966-01-01,45.73
Indonesia,1966-01-01,44.18
Iran,1966-01-01,49.66
Iraq,1966-01-01,53.51
Ireland,1966-01-01,70.89
Israel,1966-01-01,70.17
Italy,1966-01-01,70.99
Jamaica,1966-01-01,69.17
Japan,1966-01-01,71.12
Jordan,1966-01-01,58.13
Kazakhstan,1966-01-01,61.69
Kenya,1966-01-01,51.35
Kiribati,1966-01-01,48.23
South Korea,1966-01-01,57.67
Kuwait,1966-01-01,66.58
Kyrgyz Republic,1966-01-01,58.76
Lao,1966-01-01,43.64
Latvia,1966-01-01,71.26
Lebanon,1966-01-01,64.5
Lesotho,1966-01-01,48.95
Liberia,1966-01-01,37.77
Libya,1966-01-01,54.15
Lithuania,1966-01-01,71.92
Luxembourg,1966-01-01,69.21
"Macao, China",1966-01-01,67.66
"Macedonia, FYR",1966-01-01,64.51
Madagascar,1966-01-01,45.43
Malawi,1966-01-01,40.03
Malaysia,1966-01-01,63.21
Maldives,1966-01-01,43.48
Mali,1966-01-01,31.8
Malta,1966-01-01,70.36
Mauritania,1966-01-01,47.73
Mauritius,1966-01-01,62.67
Mexico,1966-01-01,60.15
"Micronesia, Fed. Sts.",1966-01-01,58.99
Moldova,1966-01-01,64.48
Mongolia,1966-01-01,54.16
Montenegro,1966-01-01,67.62
Morocco,1966-01-01,52.54
Mozambique,1966-01-01,41.66
Namibia,1966-01-01,50.61
Nepal,1966-01-01,42.6
Netherlands,1966-01-01,73.52
New Caledonia,1966-01-01,60.19
New Zealand,1966-01-01,71.16
Nicaragua,1966-01-01,55.74
Niger,1966-01-01,37.61
Nigeria,1966-01-01,43.81
Norway,1966-01-01,74.11
Oman,1966-01-01,49.97
Pakistan,1966-01-01,51.7
Panama,1966-01-01,64.7
Papua New Guinea,1966-01-01,43.07
Paraguay,1966-01-01,68.11
Peru,1966-01-01,52.38
Philippines,1966-01-01,60.91
Poland,1966-01-01,69.99
Portugal,1966-01-01,65.67
Puerto Rico,1966-01-01,70.03
Qatar,1966-01-01,65.25
Romania,1966-01-01,67.98
Russia,1966-01-01,69.43
Rwanda,1966-01-01,44.85
St. Lucia,1966-01-01,60.58
St. Vincent and the Grenadines,1966-01-01,63.06
Samoa,1966-01-01,54.98
Saudi Arabia,1966-01-01,51.68
Senegal,1966-01-01,38.7
Serbia,1966-01-01,66.56
Seychelles,1966-01-01,63.11
Sierra Leone,1966-01-01,39.38
Singapore,1966-01-01,66.46
Slovak Republic,1966-01-01,70.53
Slovenia,1966-01-01,69.14
Solomon Islands,1966-01-01,54
South Africa,1966-01-01,51.3
Spain,1966-01-01,71.2
Sri Lanka,1966-01-01,62.62
Sudan,1966-01-01,52.42
Suriname,1966-01-01,63.07
Swaziland,1966-01-01,46.76
Sweden,1966-01-01,74.09
Switzerland,1966-01-01,72.5
Syria,1966-01-01,56.42
Tajikistan,1966-01-01,59.9
Tanzania,1966-01-01,47.77
Thailand,1966-01-01,58.18
Timor-Leste,1966-01-01,42.12
Togo,1966-01-01,45.09
Tonga,1966-01-01,63.27
Trinidad and Tobago,1966-01-01,65.31
Tunisia,1966-01-01,48.33
Turkey,1966-01-01,51.74
Turkmenistan,1966-01-01,57.61
Uganda,1966-01-01,49.07
Ukraine,1966-01-01,71.66
United Arab Emirates,1966-01-01,57.81
United Kingdom,1966-01-01,71.43
United States,1966-01-01,70.43
Uruguay,1966-01-01,68.78
Uzbekistan,1966-01-01,62.02
Vanuatu,1966-01-01,49.44
Venezuela,1966-01-01,63.66
West Bank and Gaza,1966-01-01,54.94
Vietnam,1966-01-01,61.36
Yemen,1966-01-01,38.15
Zambia,1966-01-01,51.49
Zimbabwe,1966-01-01,55.65
Albania,1967-01-01,67.11
Algeria,1967-01-01,51.05
Angola,1967-01-01,39.84
Antigua and Barbuda,1967-01-01,66.03
Argentina,1967-01-01,66.26
Armenia,1967-01-01,70.22
Aruba,1967-01-01,68.1
Australia,1967-01-01,71.07
Austria,1967-01-01,70.1
Azerbaijan,1967-01-01,64.35
Bahamas,1967-01-01,63.91
Bahrain,1967-01-01,60.29
Bangladesh,1967-01-01,48.37
Barbados,1967-01-01,65.08
Belarus,1967-01-01,72.78
Belgium,1967-01-01,70.86
Belize,1967-01-01,64.11
Benin,1967-01-01,42.09
Bhutan,1967-01-01,39.94
Bolivia,1967-01-01,46.34
Bosnia and Herzegovina,1967-01-01,67.47
Botswana,1967-01-01,52.77
Brazil,1967-01-01,58.49
Brunei,1967-01-01,66.12
Bulgaria,1967-01-01,70.47
Burkina Faso,1967-01-01,38.8
Burundi,1967-01-01,42.37
Cambodia,1967-01-01,44
Cameroon,1967-01-01,47.22
Canada,1967-01-01,72.07
Cape Verde,1967-01-01,51.75
Central African Republic,1967-01-01,41.15
Chad,1967-01-01,43.98
Chile,1967-01-01,60.07
China,1967-01-01,56.9
Colombia,1967-01-01,61.6
Comoros,1967-01-01,47.1
"Congo, Dem. Rep.",1967-01-01,46.66
"Congo, Rep.",1967-01-01,51.84
Costa Rica,1967-01-01,65.85
Cote d'Ivoire,1967-01-01,42.93
Croatia,1967-01-01,67.52
Cuba,1967-01-01,68.2
Cyprus,1967-01-01,71.92
Czech Republic,1967-01-01,70.55
Denmark,1967-01-01,73.06
Djibouti,1967-01-01,49.53
Dominican Republic,1967-01-01,58.75
Ecuador,1967-01-01,57.89
Egypt,1967-01-01,51.65
El Salvador,1967-01-01,56.41
Equatorial Guinea,1967-01-01,40.13
Eritrea,1967-01-01,41.66
Estonia,1967-01-01,71.08
Ethiopia,1967-01-01,41.09
Fiji,1967-01-01,58.52
Finland,1967-01-01,69.86
France,1967-01-01,71.67
French Polynesia,1967-01-01,59.06
Gabon,1967-01-01,43.06
Gambia,1967-01-01,40.36
Georgia,1967-01-01,66.26
Germany,1967-01-01,70.99
Ghana,1967-01-01,49.14
Greece,1967-01-01,70.34
Greenland,1967-01-01,64.08
Grenada,1967-01-01,63.54
Guatemala,1967-01-01,51.16
Guinea,1967-01-01,37.16
Guinea-Bissau,1967-01-01,44.86
Guyana,1967-01-01,60.25
Haiti,1967-01-01,45.9
Honduras,1967-01-01,52.68
"Hong Kong, China",1967-01-01,70.77
Hungary,1967-01-01,69.55
Iceland,1967-01-01,73.9
India,1967-01-01,46.49
Indonesia,1967-01-01,50.54
Iran,1967-01-01,50.3
Iraq,1967-01-01,54.42
Ireland,1967-01-01,71.95
Israel,1967-01-01,70.39
Italy,1967-01-01,71.03
Jamaica,1967-01-01,69.58
Japan,1967-01-01,71.41
Jordan,1967-01-01,58.9
Kazakhstan,1967-01-01,62.12
Kenya,1967-01-01,51.96
Kiribati,1967-01-01,48.63
South Korea,1967-01-01,58.54
Kuwait,1967-01-01,67.2
Kyrgyz Republic,1967-01-01,59.19
Lao,1967-01-01,43.89
Latvia,1967-01-01,70.94
Lebanon,1967-01-01,64.76
Lesotho,1967-01-01,49.09
Liberia,1967-01-01,38.33
Libya,1967-01-01,55.45
Lithuania,1967-01-01,71.99
Luxembourg,1967-01-01,69.59
"Macao, China",1967-01-01,68.06
"Macedonia, FYR",1967-01-01,65.08
Madagascar,1967-01-01,46.01
Malawi,1967-01-01,40.36
Malaysia,1967-01-01,63.7
Maldives,1967-01-01,44.49
Mali,1967-01-01,32.41
Malta,1967-01-01,70.67
Mauritania,1967-01-01,48.26
Mauritius,1967-01-01,62.85
Mexico,1967-01-01,60.53
"Micronesia, Fed. Sts.",1967-01-01,59.36
Moldova,1967-01-01,64.78
Mongolia,1967-01-01,54.8
Montenegro,1967-01-01,68.19
Morocco,1967-01-01,53
Mozambique,1967-01-01,42.21
Namibia,1967-01-01,51.17
Nepal,1967-01-01,43.05
Netherlands,1967-01-01,73.79
New Caledonia,1967-01-01,60.77
New Zealand,1967-01-01,71.54
Nicaragua,1967-01-01,56.6
Niger,1967-01-01,37.73
Nigeria,1967-01-01,38.31
Norway,1967-01-01,74.18
Oman,1967-01-01,50.8
Pakistan,1967-01-01,52.34
Panama,1967-01-01,65.18
Papua New Guinea,1967-01-01,43.92
Paraguay,1967-01-01,68.37
Peru,1967-01-01,53.03
Philippines,1967-01-01,61.26
Poland,1967-01-01,69.69
Portugal,1967-01-01,66.57
Puerto Rico,1967-01-01,70.36
Qatar,1967-01-01,65.95
Romania,1967-01-01,67.95
Russia,1967-01-01,69.21
Rwanda,1967-01-01,45.07
St. Lucia,1967-01-01,61
St. Vincent and the Grenadines,1967-01-01,63.58
Samoa,1967-01-01,55.57
Saudi Arabia,1967-01-01,52.55
Senegal,1967-01-01,38.74
Serbia,1967-01-01,67.05
Seychelles,1967-01-01,63.43
Sierra Leone,1967-01-01,40.18
Singapore,1967-01-01,66.63
Slovak Republic,1967-01-01,71.07
Slovenia,1967-01-01,69.14
Solomon Islands,1967-01-01,54.58
South Africa,1967-01-01,51.68
Spain,1967-01-01,71.39
Sri Lanka,1967-01-01,63.17
Sudan,1967-01-01,52.9
Suriname,1967-01-01,63.49
Swaziland,1967-01-01,47.2
Sweden,1967-01-01,74.12
Switzerland,1967-01-01,72.8
Syria,1967-01-01,57.12
Tajikistan,1967-01-01,60.34
Tanzania,1967-01-01,48.19
Thailand,1967-01-01,58.56
Timor-Leste,1967-01-01,43.02
Togo,1967-01-01,45.75
Tonga,1967-01-01,63.61
Trinidad and Tobago,1967-01-01,65.41
Tunisia,1967-01-01,49.42
Turkey,1967-01-01,52.48
Turkmenistan,1967-01-01,58.02
Uganda,1967-01-01,49.58
Ukraine,1967-01-01,71.25
United Arab Emirates,1967-01-01,58.7
United Kingdom,1967-01-01,72.06
United States,1967-01-01,70.76
Uruguay,1967-01-01,68.8
Uzbekistan,1967-01-01,62.43
Vanuatu,1967-01-01,50.01
Venezuela,1967-01-01,64.22
West Bank and Gaza,1967-01-01,55.7
Vietnam,1967-01-01,61.06
Yemen,1967-01-01,39.01
Zambia,1967-01-01,52.05
Zimbabwe,1967-01-01,56.04
Albania,1968-01-01,67.32
Algeria,1968-01-01,51.49
Angola,1968-01-01,40.39
Antigua and Barbuda,1968-01-01,66.41
Argentina,1968-01-01,66.47
Armenia,1968-01-01,70.67
Aruba,1968-01-01,68.44
Australia,1968-01-01,70.7
Austria,1968-01-01,70.25
Azerbaijan,1968-01-01,64.75
Bahamas,1968-01-01,64.14
Bahrain,1968-01-01,61.29
Bangladesh,1968-01-01,47.83
Barbados,1968-01-01,65.5
Belarus,1968-01-01,72.88
Belgium,1968-01-01,70.55
Belize,1968-01-01,64.67
Benin,1968-01-01,42.69
Bhutan,1968-01-01,40.66
Bolivia,1968-01-01,46.69
Bosnia and Herzegovina,1968-01-01,68.14
Botswana,1968-01-01,53.23
Brazil,1968-01-01,58.91
Brunei,1968-01-01,66.54
Bulgaria,1968-01-01,71.3
Burkina Faso,1968-01-01,39.3
Burundi,1968-01-01,42.52
Cambodia,1968-01-01,44.13
Cameroon,1968-01-01,47.79
Canada,1968-01-01,72.23
Cape Verde,1968-01-01,52.32
Central African Republic,1968-01-01,41.84
Chad,1968-01-01,44.54
Chile,1968-01-01,60.61
China,1968-01-01,57.87
Colombia,1968-01-01,62.03
Comoros,1968-01-01,47.58
"Congo, Dem. Rep.",1968-01-01,47.14
"Congo, Rep.",1968-01-01,52.21
Costa Rica,1968-01-01,66.35
Cote d'Ivoire,1968-01-01,43.7
Croatia,1968-01-01,67.87
Cuba,1968-01-01,68.78
Cyprus,1968-01-01,72.19
Czech Republic,1968-01-01,70.11
Denmark,1968-01-01,73.27
Djibouti,1968-01-01,50.23
Dominican Republic,1968-01-01,59.47
Ecuador,1968-01-01,58.32
Egypt,1968-01-01,51.97
El Salvador,1968-01-01,56.84
Equatorial Guinea,1968-01-01,40.48
Eritrea,1968-01-01,42.1
Estonia,1968-01-01,70.7
Ethiopia,1968-01-01,41.38
Fiji,1968-01-01,58.89
Finland,1968-01-01,69.82
France,1968-01-01,71.66
French Polynesia,1968-01-01,59.45
Gabon,1968-01-01,43.9
Gambia,1968-01-01,41.3
Georgia,1968-01-01,66.6
Germany,1968-01-01,70.64
Ghana,1968-01-01,49.46
Greece,1968-01-01,70.59
Greenland,1968-01-01,64.45
Grenada,1968-01-01,63.91
Guatemala,1968-01-01,51.93
Guinea,1968-01-01,37.37
Guinea-Bissau,1968-01-01,45.09
Guyana,1968-01-01,60.43
Haiti,1968-01-01,46.33
Honduras,1968-01-01,53.34
"Hong Kong, China",1968-01-01,71.15
Hungary,1968-01-01,69.38
Iceland,1968-01-01,74.12
India,1968-01-01,47.21
Indonesia,1968-01-01,51.27
Iran,1968-01-01,50.98
Iraq,1968-01-01,55.24
Ireland,1968-01-01,71.67
Israel,1968-01-01,70.6
Italy,1968-01-01,70.85
Jamaica,1968-01-01,69.99
Japan,1968-01-01,71.73
Jordan,1968-01-01,59.66
Kazakhstan,1968-01-01,62.53
Kenya,1968-01-01,52.57
Kiribati,1968-01-01,49.02
South Korea,1968-01-01,59.44
Kuwait,1968-01-01,67.8
Kyrgyz Republic,1968-01-01,59.58
Lao,1968-01-01,44.15
Latvia,1968-01-01,70.56
Lebanon,1968-01-01,65.01
Lesotho,1968-01-01,49.24
Liberia,1968-01-01,38.91
Libya,1968-01-01,56.69
Lithuania,1968-01-01,71.68
Luxembourg,1968-01-01,70.17
"Macao, China",1968-01-01,68.45
"Macedonia, FYR",1968-01-01,65.62
Madagascar,1968-01-01,46.6
Malawi,1968-01-01,40.73
Malaysia,1968-01-01,64.17
Maldives,1968-01-01,45.48
Mali,1968-01-01,33.07
Malta,1968-01-01,70.98
Mauritania,1968-01-01,48.78
Mauritius,1968-01-01,62.97
Mexico,1968-01-01,60.91
"Micronesia, Fed. Sts.",1968-01-01,59.73
Moldova,1968-01-01,65.03
Mongolia,1968-01-01,55.43
Montenegro,1968-01-01,68.78
Morocco,1968-01-01,53.46
Mozambique,1968-01-01,42.78
Namibia,1968-01-01,51.71
Nepal,1968-01-01,43.51
Netherlands,1968-01-01,73.6
New Caledonia,1968-01-01,61.33
New Zealand,1968-01-01,71.2
Nicaragua,1968-01-01,57.47
Niger,1968-01-01,37.88
Nigeria,1968-01-01,33.47
Norway,1968-01-01,74.07
Oman,1968-01-01,51.62
Pakistan,1968-01-01,52.95
Panama,1968-01-01,65.65
Papua New Guinea,1968-01-01,44.74
Paraguay,1968-01-01,68.63
Peru,1968-01-01,53.74
Philippines,1968-01-01,61.6
Poland,1968-01-01,70.33
Portugal,1968-01-01,66.88
Puerto Rico,1968-01-01,70.7
Qatar,1968-01-01,66.64
Romania,1968-01-01,68.01
Russia,1968-01-01,69.17
Rwanda,1968-01-01,45.27
St. Lucia,1968-01-01,61.45
St. Vincent and the Grenadines,1968-01-01,64.04
Samoa,1968-01-01,56.15
Saudi Arabia,1968-01-01,53.51
Senegal,1968-01-01,38.9
Serbia,1968-01-01,67.51
Seychelles,1968-01-01,63.78
Sierra Leone,1968-01-01,41.08
Singapore,1968-01-01,66.84
Slovak Republic,1968-01-01,70.6
Slovenia,1968-01-01,69.17
Solomon Islands,1968-01-01,55.16
South Africa,1968-01-01,52.04
Spain,1968-01-01,71.68
Sri Lanka,1968-01-01,63.7
Sudan,1968-01-01,53.36
Suriname,1968-01-01,63.89
Swaziland,1968-01-01,47.67
Sweden,1968-01-01,73.99
Switzerland,1968-01-01,72.75
Syria,1968-01-01,57.83
Tajikistan,1968-01-01,60.77
Tanzania,1968-01-01,48.62
Thailand,1968-01-01,58.96
Timor-Leste,1968-01-01,43.96
Togo,1968-01-01,46.41
Tonga,1968-01-01,63.93
Trinidad and Tobago,1968-01-01,65.5
Tunisia,1968-01-01,50.56
Turkey,1968-01-01,53.21
Turkmenistan,1968-01-01,58.42
Uganda,1968-01-01,50.05
Ukraine,1968-01-01,71.33
United Arab Emirates,1968-01-01,59.54
United Kingdom,1968-01-01,71.68
United States,1968-01-01,70.42
Uruguay,1968-01-01,68.82
Uzbekistan,1968-01-01,62.83
Vanuatu,1968-01-01,50.56
Venezuela,1968-01-01,64.77
West Bank and Gaza,1968-01-01,56.45
Vietnam,1968-01-01,60.45
Yemen,1968-01-01,39.87
Zambia,1968-01-01,52.64
Zimbabwe,1968-01-01,56.43
Albania,1969-01-01,67.55
Algeria,1969-01-01,51.95
Angola,1969-01-01,40.95
Antigua and Barbuda,1969-01-01,66.81
Argentina,1969-01-01,66.72
Armenia,1969-01-01,71.1
Aruba,1969-01-01,68.78
Australia,1969-01-01,71.11
Austria,1969-01-01,70.02
Azerbaijan,1969-01-01,65.14
Bahamas,1969-01-01,64.39
Bahrain,1969-01-01,62.22
Bangladesh,1969-01-01,47.09
Barbados,1969-01-01,65.91
Belarus,1969-01-01,72.47
Belgium,1969-01-01,70.63
Belize,1969-01-01,65.21
Benin,1969-01-01,43.31
Bhutan,1969-01-01,41.45
Bolivia,1969-01-01,47.05
Bosnia and Herzegovina,1969-01-01,68.82
Botswana,1969-01-01,53.73
Brazil,1969-01-01,59.31
Brunei,1969-01-01,66.97
Bulgaria,1969-01-01,70.48
Burkina Faso,1969-01-01,39.78
Burundi,1969-01-01,42.65
Cambodia,1969-01-01,44.03
Cameroon,1969-01-01,48.37
Canada,1969-01-01,72.39
Cape Verde,1969-01-01,53
Central African Republic,1969-01-01,42.57
Chad,1969-01-01,45.12
Chile,1969-01-01,61.17
China,1969-01-01,59.38
Colombia,1969-01-01,62.43
Comoros,1969-01-01,48.09
"Congo, Dem. Rep.",1969-01-01,47.63
"Congo, Rep.",1969-01-01,52.54
Costa Rica,1969-01-01,66.84
Cote d'Ivoire,1969-01-01,44.53
Croatia,1969-01-01,68.22
Cuba,1969-01-01,69.32
Cyprus,1969-01-01,72.47
Czech Republic,1969-01-01,69.62
Denmark,1969-01-01,73.36
Djibouti,1969-01-01,50.99
Dominican Republic,1969-01-01,60.16
Ecuador,1969-01-01,58.76
Egypt,1969-01-01,52.25
El Salvador,1969-01-01,57.24
Equatorial Guinea,1969-01-01,40.82
Eritrea,1969-01-01,42.56
Estonia,1969-01-01,70.4
Ethiopia,1969-01-01,41.65
Fiji,1969-01-01,59.26
Finland,1969-01-01,69.7
France,1969-01-01,71.4
French Polynesia,1969-01-01,59.83
Gabon,1969-01-01,44.74
Gambia,1969-01-01,42.3
Georgia,1969-01-01,66.93
Germany,1969-01-01,70.48
Ghana,1969-01-01,49.78
Greece,1969-01-01,70.88
Greenland,1969-01-01,64.82
Grenada,1969-01-01,64.27
Guatemala,1969-01-01,52.72
Guinea,1969-01-01,37.61
Guinea-Bissau,1969-01-01,45.29
Guyana,1969-01-01,60.59
Haiti,1969-01-01,46.73
Honduras,1969-01-01,54
"Hong Kong, China",1969-01-01,71.53
Hungary,1969-01-01,69.45
Iceland,1969-01-01,73.9
India,1969-01-01,47.93
Indonesia,1969-01-01,52
Iran,1969-01-01,51.67
Iraq,1969-01-01,55.96
Ireland,1969-01-01,71.62
Israel,1969-01-01,70.78
Italy,1969-01-01,70.87
Jamaica,1969-01-01,70.36
Japan,1969-01-01,71.96
Jordan,1969-01-01,60.42
Kazakhstan,1969-01-01,62.92
Kenya,1969-01-01,53.19
Kiribati,1969-01-01,49.42
South Korea,1969-01-01,60.35
Kuwait,1969-01-01,68.38
Kyrgyz Republic,1969-01-01,59.95
Lao,1969-01-01,44.41
Latvia,1969-01-01,70.29
Lebanon,1969-01-01,65.27
Lesotho,1969-01-01,49.43
Liberia,1969-01-01,39.49
Libya,1969-01-01,57.88
Lithuania,1969-01-01,71.3
Luxembourg,1969-01-01,69.73
"Macao, China",1969-01-01,68.83
"Macedonia, FYR",1969-01-01,66.14
Madagascar,1969-01-01,47.18
Malawi,1969-01-01,41.16
Malaysia,1969-01-01,64.63
Maldives,1969-01-01,46.44
Mali,1969-01-01,33.77
Malta,1969-01-01,71.29
Mauritania,1969-01-01,49.27
Mauritius,1969-01-01,63.05
Mexico,1969-01-01,61.32
"Micronesia, Fed. Sts.",1969-01-01,60.1
Moldova,1969-01-01,65.23
Mongolia,1969-01-01,56.02
Montenegro,1969-01-01,69.36
Morocco,1969-01-01,53.91
Mozambique,1969-01-01,43.37
Namibia,1969-01-01,52.26
Nepal,1969-01-01,43.97
Netherlands,1969-01-01,73.51
New Caledonia,1969-01-01,61.89
New Zealand,1969-01-01,71.57
Nicaragua,1969-01-01,58.33
Niger,1969-01-01,38.05
Nigeria,1969-01-01,31.63
Norway,1969-01-01,73.78
Oman,1969-01-01,52.43
Pakistan,1969-01-01,53.52
Panama,1969-01-01,66.15
Papua New Guinea,1969-01-01,45.53
Paraguay,1969-01-01,68.9
Peru,1969-01-01,54.52
Philippines,1969-01-01,61.94
Poland,1969-01-01,69.83
Portugal,1969-01-01,66.49
Puerto Rico,1969-01-01,71.03
Qatar,1969-01-01,67.29
Romania,1969-01-01,68.16
Russia,1969-01-01,68.65
Rwanda,1969-01-01,45.44
St. Lucia,1969-01-01,61.94
St. Vincent and the Grenadines,1969-01-01,64.46
Samoa,1969-01-01,56.75
Saudi Arabia,1969-01-01,54.55
Senegal,1969-01-01,39.17
Serbia,1969-01-01,67.94
Seychelles,1969-01-01,64.18
Sierra Leone,1969-01-01,42.08
Singapore,1969-01-01,67.09
Slovak Republic,1969-01-01,69.91
Slovenia,1969-01-01,69.23
Solomon Islands,1969-01-01,55.74
South Africa,1969-01-01,52.41
Spain,1969-01-01,71.21
Sri Lanka,1969-01-01,64.21
Sudan,1969-01-01,53.82
Suriname,1969-01-01,64.28
Swaziland,1969-01-01,48.21
Sweden,1969-01-01,74.11
Switzerland,1969-01-01,72.76
Syria,1969-01-01,58.57
Tajikistan,1969-01-01,61.17
Tanzania,1969-01-01,49.07
Thailand,1969-01-01,59.39
Timor-Leste,1969-01-01,44.86
Togo,1969-01-01,47.07
Tonga,1969-01-01,64.26
Trinidad and Tobago,1969-01-01,65.6
Tunisia,1969-01-01,51.74
Turkey,1969-01-01,53.91
Turkmenistan,1969-01-01,58.8
Uganda,1969-01-01,50.43
Ukraine,1969-01-01,70.7
United Arab Emirates,1969-01-01,60.33
United Kingdom,1969-01-01,71.64
United States,1969-01-01,70.66
Uruguay,1969-01-01,68.84
Uzbekistan,1969-01-01,63.2
Vanuatu,1969-01-01,51.12
Venezuela,1969-01-01,65.3
West Bank and Gaza,1969-01-01,57.22
Vietnam,1969-01-01,59.63
Yemen,1969-01-01,40.71
Zambia,1969-01-01,53.25
Zimbabwe,1969-01-01,56.83
Albania,1970-01-01,67.83
Algeria,1970-01-01,52.41
Angola,1970-01-01,41.5
Antigua and Barbuda,1970-01-01,67.19
Argentina,1970-01-01,67.01
Armenia,1970-01-01,71.47
Aruba,1970-01-01,69.14
Australia,1970-01-01,70.78
Austria,1970-01-01,70.07
Azerbaijan,1970-01-01,65.48
Bahamas,1970-01-01,64.61
Bahrain,1970-01-01,63.1
Bangladesh,1970-01-01,46.31
Barbados,1970-01-01,66.31
Belarus,1970-01-01,71.94
Belgium,1970-01-01,70.89
Belize,1970-01-01,65.72
Benin,1970-01-01,43.93
Bhutan,1970-01-01,42.31
Bolivia,1970-01-01,47.44
Bosnia and Herzegovina,1970-01-01,69.49
Botswana,1970-01-01,54.3
Brazil,1970-01-01,59.73
Brunei,1970-01-01,67.38
Bulgaria,1970-01-01,71.32
Burkina Faso,1970-01-01,40.27
Burundi,1970-01-01,42.76
Cambodia,1970-01-01,43.28
Cameroon,1970-01-01,48.97
Canada,1970-01-01,72.58
Cape Verde,1970-01-01,53.78
Central African Republic,1970-01-01,43.36
Chad,1970-01-01,45.72
Chile,1970-01-01,61.74
China,1970-01-01,61
Colombia,1970-01-01,62.83
Comoros,1970-01-01,48.61
"Congo, Dem. Rep.",1970-01-01,48.13
"Congo, Rep.",1970-01-01,52.85
Costa Rica,1970-01-01,67.34
Cote d'Ivoire,1970-01-01,45.38
Croatia,1970-01-01,68.54
Cuba,1970-01-01,69.84
Cyprus,1970-01-01,72.73
Czech Republic,1970-01-01,69.72
Denmark,1970-01-01,73.49
Djibouti,1970-01-01,51.75
Dominican Republic,1970-01-01,60.83
Ecuador,1970-01-01,59.21
Egypt,1970-01-01,52.54
El Salvador,1970-01-01,57.57
Equatorial Guinea,1970-01-01,41.17
Eritrea,1970-01-01,43.02
Estonia,1970-01-01,70.51
Ethiopia,1970-01-01,41.9
Fiji,1970-01-01,59.61
Finland,1970-01-01,70.4
France,1970-01-01,72.29
French Polynesia,1970-01-01,60.18
Gabon,1970-01-01,45.55
Gambia,1970-01-01,43.31
Georgia,1970-01-01,67.24
Germany,1970-01-01,70.72
Ghana,1970-01-01,50.08
Greece,1970-01-01,71.2
Greenland,1970-01-01,65.19
Grenada,1970-01-01,64.62
Guatemala,1970-01-01,53.5
Guinea,1970-01-01,37.89
Guinea-Bissau,1970-01-01,45.5
Guyana,1970-01-01,60.75
Haiti,1970-01-01,47.1
Honduras,1970-01-01,54.68
"Hong Kong, China",1970-01-01,71.89
Hungary,1970-01-01,69.29
Iceland,1970-01-01,74
India,1970-01-01,48.65
Indonesia,1970-01-01,52.71
Iran,1970-01-01,52.43
Iraq,1970-01-01,56.61
Ireland,1970-01-01,71.68
Israel,1970-01-01,70.96
Italy,1970-01-01,71.62
Jamaica,1970-01-01,70.72
Japan,1970-01-01,72.05
Jordan,1970-01-01,61.15
Kazakhstan,1970-01-01,63.27
Kenya,1970-01-01,53.83
Kiribati,1970-01-01,49.82
South Korea,1970-01-01,61.22
Kuwait,1970-01-01,68.93
Kyrgyz Republic,1970-01-01,60.3
Lao,1970-01-01,44.66
Latvia,1970-01-01,70.31
Lebanon,1970-01-01,65.52
Lesotho,1970-01-01,49.67
Liberia,1970-01-01,40.1
Libya,1970-01-01,59.01
Lithuania,1970-01-01,71.16
Luxembourg,1970-01-01,69.47
"Macao, China",1970-01-01,69.2
"Macedonia, FYR",1970-01-01,66.63
Madagascar,1970-01-01,47.77
Malawi,1970-01-01,41.62
Malaysia,1970-01-01,65.08
Maldives,1970-01-01,47.37
Mali,1970-01-01,34.51
Malta,1970-01-01,71.6
Mauritania,1970-01-01,49.77
Mauritius,1970-01-01,63.14
Mexico,1970-01-01,61.77
"Micronesia, Fed. Sts.",1970-01-01,60.48
Moldova,1970-01-01,65.39
Mongolia,1970-01-01,56.58
Montenegro,1970-01-01,69.94
Morocco,1970-01-01,54.34
Mozambique,1970-01-01,43.97
Namibia,1970-01-01,52.81
Nepal,1970-01-01,44.43
Netherlands,1970-01-01,73.57
New Caledonia,1970-01-01,62.42
New Zealand,1970-01-01,71.35
Nicaragua,1970-01-01,59.18
Niger,1970-01-01,38.24
Nigeria,1970-01-01,41.79
Norway,1970-01-01,74.19
Oman,1970-01-01,53.26
Pakistan,1970-01-01,54.06
Panama,1970-01-01,66.66
Papua New Guinea,1970-01-01,46.27
Paraguay,1970-01-01,69.2
Peru,1970-01-01,55.36
Philippines,1970-01-01,62.26
Poland,1970-01-01,69.96
Portugal,1970-01-01,67.14
Puerto Rico,1970-01-01,71.35
Qatar,1970-01-01,67.91
Romania,1970-01-01,68.41
Russia,1970-01-01,68.76
Rwanda,1970-01-01,45.58
St. Lucia,1970-01-01,62.47
St. Vincent and the Grenadines,1970-01-01,64.84
Samoa,1970-01-01,57.33
Saudi Arabia,1970-01-01,55.65
Senegal,1970-01-01,39.59
Serbia,1970-01-01,68.34
Seychelles,1970-01-01,64.62
Sierra Leone,1970-01-01,43.15
Singapore,1970-01-01,67.4
Slovak Republic,1970-01-01,69.84
Slovenia,1970-01-01,69.32
Solomon Islands,1970-01-01,56.31
South Africa,1970-01-01,52.77
Spain,1970-01-01,72.19
Sri Lanka,1970-01-01,64.69
Sudan,1970-01-01,54.26
Suriname,1970-01-01,64.66
Swaziland,1970-01-01,48.79
Sweden,1970-01-01,74.66
Switzerland,1970-01-01,73.18
Syria,1970-01-01,59.31
Tajikistan,1970-01-01,61.55
Tanzania,1970-01-01,49.53
Thailand,1970-01-01,59.86
Timor-Leste,1970-01-01,45.56
Togo,1970-01-01,47.72
Tonga,1970-01-01,64.58
Trinidad and Tobago,1970-01-01,65.73
Tunisia,1970-01-01,52.94
Turkey,1970-01-01,54.59
Turkmenistan,1970-01-01,59.15
Uganda,1970-01-01,50.74
Ukraine,1970-01-01,70.59
United Arab Emirates,1970-01-01,61.08
United Kingdom,1970-01-01,71.89
United States,1970-01-01,70.92
Uruguay,1970-01-01,68.88
Uzbekistan,1970-01-01,63.54
Vanuatu,1970-01-01,51.67
Venezuela,1970-01-01,65.8
West Bank and Gaza,1970-01-01,57.97
Vietnam,1970-01-01,58.78
Yemen,1970-01-01,41.55
Zambia,1970-01-01,53.88
Zimbabwe,1970-01-01,57.22
Albania,1971-01-01,68.16
Algeria,1971-01-01,52.88
Angola,1971-01-01,42.06
Antigua and Barbuda,1971-01-01,67.56
Argentina,1971-01-01,67.32
Armenia,1971-01-01,71.79
Aruba,1971-01-01,69.5
Australia,1971-01-01,71.38
Austria,1971-01-01,70.27
Azerbaijan,1971-01-01,65.75
Bahamas,1971-01-01,64.85
Bahrain,1971-01-01,63.92
Bangladesh,1971-01-01,45.74
Barbados,1971-01-01,66.71
Belarus,1971-01-01,72.56
Belgium,1971-01-01,71.01
Belize,1971-01-01,66.21
Benin,1971-01-01,44.55
Bhutan,1971-01-01,43.23
Bolivia,1971-01-01,47.86
Bosnia and Herzegovina,1971-01-01,70.17
Botswana,1971-01-01,54.9
Brazil,1971-01-01,60.14
Brunei,1971-01-01,67.79
Bulgaria,1971-01-01,70.93
Burkina Faso,1971-01-01,40.75
Burundi,1971-01-01,42.91
Cambodia,1971-01-01,41.67
Cameroon,1971-01-01,49.59
Canada,1971-01-01,72.91
Cape Verde,1971-01-01,54.65
Central African Republic,1971-01-01,44.19
Chad,1971-01-01,46.33
Chile,1971-01-01,62.34
China,1971-01-01,62.04
Colombia,1971-01-01,63.23
Comoros,1971-01-01,49.12
"Congo, Dem. Rep.",1971-01-01,48.6
"Congo, Rep.",1971-01-01,53.14
Costa Rica,1971-01-01,67.86
Cote d'Ivoire,1971-01-01,46.27
Croatia,1971-01-01,68.86
Cuba,1971-01-01,70.34
Cyprus,1971-01-01,72.99
Czech Republic,1971-01-01,69.96
Denmark,1971-01-01,73.55
Djibouti,1971-01-01,52.51
Dominican Republic,1971-01-01,61.47
Ecuador,1971-01-01,59.67
Egypt,1971-01-01,52.88
El Salvador,1971-01-01,57.85
Equatorial Guinea,1971-01-01,41.52
Eritrea,1971-01-01,43.47
Estonia,1971-01-01,70.71
Ethiopia,1971-01-01,42.14
Fiji,1971-01-01,59.96
Finland,1971-01-01,70.22
France,1971-01-01,72.27
French Polynesia,1971-01-01,60.52
Gabon,1971-01-01,46.35
Gambia,1971-01-01,44.36
Georgia,1971-01-01,67.54
Germany,1971-01-01,70.94
Ghana,1971-01-01,50.39
Greece,1971-01-01,71.53
Greenland,1971-01-01,65.01
Grenada,1971-01-01,64.97
Guatemala,1971-01-01,54.27
Guinea,1971-01-01,38.2
Guinea-Bissau,1971-01-01,45.71
Guyana,1971-01-01,60.92
Haiti,1971-01-01,47.45
Honduras,1971-01-01,55.37
"Hong Kong, China",1971-01-01,72.25
Hungary,1971-01-01,69.19
Iceland,1971-01-01,73.75
India,1971-01-01,49.35
Indonesia,1971-01-01,53.4
Iran,1971-01-01,53.28
Iraq,1971-01-01,57.21
Ireland,1971-01-01,72.5
Israel,1971-01-01,71.13
Italy,1971-01-01,71.87
Jamaica,1971-01-01,71.06
Japan,1971-01-01,72.87
Jordan,1971-01-01,61.87
Kazakhstan,1971-01-01,63.6
Kenya,1971-01-01,54.45
Kiribati,1971-01-01,50.21
South Korea,1971-01-01,62.02
Kuwait,1971-01-01,69.46
Kyrgyz Republic,1971-01-01,60.61
Lao,1971-01-01,44.91
Latvia,1971-01-01,70.66
Lebanon,1971-01-01,65.75
Lesotho,1971-01-01,49.96
Liberia,1971-01-01,40.75
Libya,1971-01-01,60.11
Lithuania,1971-01-01,72.1
Luxembourg,1971-01-01,69.35
"Macao, China",1971-01-01,69.56
"Macedonia, FYR",1971-01-01,67.08
Madagascar,1971-01-01,48.36
Malawi,1971-01-01,42.09
Malaysia,1971-01-01,65.51
Maldives,1971-01-01,48.25
Mali,1971-01-01,35.27
Malta,1971-01-01,71.9
Mauritania,1971-01-01,50.25
Mauritius,1971-01-01,63.27
Mexico,1971-01-01,62.25
"Micronesia, Fed. Sts.",1971-01-01,60.89
Moldova,1971-01-01,65.48
Mongolia,1971-01-01,57.08
Montenegro,1971-01-01,70.48
Morocco,1971-01-01,54.77
Mozambique,1971-01-01,44.58
Namibia,1971-01-01,53.36
Nepal,1971-01-01,44.91
Netherlands,1971-01-01,73.81
New Caledonia,1971-01-01,62.95
New Zealand,1971-01-01,71.8
Nicaragua,1971-01-01,60.01
Niger,1971-01-01,38.45
Nigeria,1971-01-01,46.56
Norway,1971-01-01,74.3
Oman,1971-01-01,54.14
Pakistan,1971-01-01,54.6
Panama,1971-01-01,67.18
Papua New Guinea,1971-01-01,46.97
Paraguay,1971-01-01,69.49
Peru,1971-01-01,56.2
Philippines,1971-01-01,62.54
Poland,1971-01-01,69.76
Portugal,1971-01-01,66.91
Puerto Rico,1971-01-01,71.66
Qatar,1971-01-01,68.49
Romania,1971-01-01,68.73
Russia,1971-01-01,69.02
Rwanda,1971-01-01,45.71
St. Lucia,1971-01-01,63.04
St. Vincent and the Grenadines,1971-01-01,65.16
Samoa,1971-01-01,57.92
Saudi Arabia,1971-01-01,56.82
Senegal,1971-01-01,40.18
Serbia,1971-01-01,68.7
Seychelles,1971-01-01,65.11
Sierra Leone,1971-01-01,44.28
Singapore,1971-01-01,67.75
Slovak Republic,1971-01-01,69.99
Slovenia,1971-01-01,69.47
Solomon Islands,1971-01-01,56.91
South Africa,1971-01-01,53.11
Spain,1971-01-01,71.79
Sri Lanka,1971-01-01,65.15
Sudan,1971-01-01,54.68
Suriname,1971-01-01,65
Swaziland,1971-01-01,49.4
Sweden,1971-01-01,74.58
Switzerland,1971-01-01,73.3
Syria,1971-01-01,60.08
Tajikistan,1971-01-01,61.9
Tanzania,1971-01-01,50.03
Thailand,1971-01-01,60.33
Timor-Leste,1971-01-01,45.8
Togo,1971-01-01,48.36
Tonga,1971-01-01,64.88
Trinidad and Tobago,1971-01-01,65.91
Tunisia,1971-01-01,54.16
Turkey,1971-01-01,55.27
Turkmenistan,1971-01-01,59.46
Uganda,1971-01-01,50.99
Ukraine,1971-01-01,70.81
United Arab Emirates,1971-01-01,61.78
United Kingdom,1971-01-01,72.2
United States,1971-01-01,71.24
Uruguay,1971-01-01,68.94
Uzbekistan,1971-01-01,63.86
Vanuatu,1971-01-01,52.21
Venezuela,1971-01-01,66.27
West Bank and Gaza,1971-01-01,58.73
Vietnam,1971-01-01,58.17
Yemen,1971-01-01,42.4
Zambia,1971-01-01,54.51
Zimbabwe,1971-01-01,57.63
Albania,1972-01-01,68.53
Algeria,1972-01-01,53.38
Angola,1972-01-01,42.62
Antigua and Barbuda,1972-01-01,67.94
Argentina,1972-01-01,67.64
Armenia,1972-01-01,72.02
Aruba,1972-01-01,69.85
Australia,1972-01-01,71.9
Austria,1972-01-01,70.59
Azerbaijan,1972-01-01,65.93
Bahamas,1972-01-01,65.08
Bahrain,1972-01-01,64.67
Bangladesh,1972-01-01,45.52
Barbados,1972-01-01,67.09
Belarus,1972-01-01,72.26
Belgium,1972-01-01,71.35
Belize,1972-01-01,66.66
Benin,1972-01-01,45.16
Bhutan,1972-01-01,44.2
Bolivia,1972-01-01,48.34
Bosnia and Herzegovina,1972-01-01,70.84
Botswana,1972-01-01,55.54
Brazil,1972-01-01,60.56
Brunei,1972-01-01,68.19
Bulgaria,1972-01-01,70.96
Burkina Faso,1972-01-01,41.25
Burundi,1972-01-01,43.1
Cambodia,1972-01-01,39.73
Cameroon,1972-01-01,50.22
Canada,1972-01-01,72.81
Cape Verde,1972-01-01,55.57
Central African Republic,1972-01-01,45.04
Chad,1972-01-01,46.91
Chile,1972-01-01,62.98
China,1972-01-01,61.36
Colombia,1972-01-01,63.64
Comoros,1972-01-01,49.63
"Congo, Dem. Rep.",1972-01-01,49.05
"Congo, Rep.",1972-01-01,53.42
Costa Rica,1972-01-01,68.4
Cote d'Ivoire,1972-01-01,47.15
Croatia,1972-01-01,69.14
Cuba,1972-01-01,70.82
Cyprus,1972-01-01,73.23
Czech Republic,1972-01-01,70.49
Denmark,1972-01-01,73.59
Djibouti,1972-01-01,53.2
Dominican Republic,1972-01-01,62.09
Ecuador,1972-01-01,60.16
Egypt,1972-01-01,53.31
El Salvador,1972-01-01,58.07
Equatorial Guinea,1972-01-01,41.87
Eritrea,1972-01-01,43.92
Estonia,1972-01-01,70.48
Ethiopia,1972-01-01,41.98
Fiji,1972-01-01,60.29
Finland,1972-01-01,70.91
France,1972-01-01,72.52
French Polynesia,1972-01-01,60.84
Gabon,1972-01-01,47.13
Gambia,1972-01-01,45.42
Georgia,1972-01-01,67.85
Germany,1972-01-01,71.16
Ghana,1972-01-01,50.7
Greece,1972-01-01,71.85
Greenland,1972-01-01,64.84
Grenada,1972-01-01,65.29
Guatemala,1972-01-01,55
Guinea,1972-01-01,38.57
Guinea-Bissau,1972-01-01,45.91
Guyana,1972-01-01,61.08
Haiti,1972-01-01,47.81
Honduras,1972-01-01,56.07
"Hong Kong, China",1972-01-01,72.58
Hungary,1972-01-01,69.82
Iceland,1972-01-01,74.66
India,1972-01-01,50.08
Indonesia,1972-01-01,54.09
Iran,1972-01-01,54.24
Iraq,1972-01-01,57.77
Ireland,1972-01-01,71.86
Israel,1972-01-01,71.33
Italy,1972-01-01,72.15
Jamaica,1972-01-01,71.39
Japan,1972-01-01,73.39
Jordan,1972-01-01,62.59
Kazakhstan,1972-01-01,63.89
Kenya,1972-01-01,55.08
Kiribati,1972-01-01,50.61
South Korea,1972-01-01,62.73
Kuwait,1972-01-01,69.97
Kyrgyz Republic,1972-01-01,60.88
Lao,1972-01-01,45.16
Latvia,1972-01-01,70.35
Lebanon,1972-01-01,65.98
Lesotho,1972-01-01,50.31
Liberia,1972-01-01,41.43
Libya,1972-01-01,61.16
Lithuania,1972-01-01,71.34
Luxembourg,1972-01-01,70.59
"Macao, China",1972-01-01,69.91
"Macedonia, FYR",1972-01-01,67.48
Madagascar,1972-01-01,48.94
Malawi,1972-01-01,42.55
Malaysia,1972-01-01,65.93
Maldives,1972-01-01,49.12
Mali,1972-01-01,36.04
Malta,1972-01-01,72.2
Mauritania,1972-01-01,50.73
Mauritius,1972-01-01,63.45
Mexico,1972-01-01,62.75
"Micronesia, Fed. Sts.",1972-01-01,61.3
Moldova,1972-01-01,65.55
Mongolia,1972-01-01,57.49
Montenegro,1972-01-01,70.99
Morocco,1972-01-01,55.19
Mozambique,1972-01-01,45.21
Namibia,1972-01-01,53.91
Nepal,1972-01-01,45.41
Netherlands,1972-01-01,73.72
New Caledonia,1972-01-01,63.46
New Zealand,1972-01-01,71.92
Nicaragua,1972-01-01,60.8
Niger,1972-01-01,38.69
Nigeria,1972-01-01,47.16
Norway,1972-01-01,74.46
Oman,1972-01-01,55.07
Pakistan,1972-01-01,55.12
Panama,1972-01-01,67.72
Papua New Guinea,1972-01-01,47.63
Paraguay,1972-01-01,69.78
Peru,1972-01-01,57.04
Philippines,1972-01-01,62.77
Poland,1972-01-01,70.95
Portugal,1972-01-01,69.23
Puerto Rico,1972-01-01,71.98
Qatar,1972-01-01,69.03
Romania,1972-01-01,69.06
Russia,1972-01-01,68.92
Rwanda,1972-01-01,45.81
St. Lucia,1972-01-01,63.63
St. Vincent and the Grenadines,1972-01-01,65.43
Samoa,1972-01-01,58.5
Saudi Arabia,1972-01-01,58.04
Senegal,1972-01-01,40.94
Serbia,1972-01-01,69.03
Seychelles,1972-01-01,65.59
Sierra Leone,1972-01-01,45.39
Singapore,1972-01-01,68.12
Slovak Republic,1972-01-01,70.46
Slovenia,1972-01-01,69.66
Solomon Islands,1972-01-01,57.52
South Africa,1972-01-01,53.44
Spain,1972-01-01,73
Sri Lanka,1972-01-01,65.56
Sudan,1972-01-01,55.06
Suriname,1972-01-01,65.32
Swaziland,1972-01-01,50.03
Sweden,1972-01-01,74.68
Switzerland,1972-01-01,73.82
Syria,1972-01-01,60.82
Tajikistan,1972-01-01,62.23
Tanzania,1972-01-01,50.55
Thailand,1972-01-01,60.82
Timor-Leste,1972-01-01,45.51
Togo,1972-01-01,49
Tonga,1972-01-01,65.17
Trinidad and Tobago,1972-01-01,66.11
Tunisia,1972-01-01,55.37
Turkey,1972-01-01,55.96
Turkmenistan,1972-01-01,59.74
Uganda,1972-01-01,51.17
Ukraine,1972-01-01,70.57
United Arab Emirates,1972-01-01,62.45
United Kingdom,1972-01-01,71.98
United States,1972-01-01,71.34
Uruguay,1972-01-01,69.01
Uzbekistan,1972-01-01,64.14
Vanuatu,1972-01-01,52.77
Venezuela,1972-01-01,66.72
West Bank and Gaza,1972-01-01,59.48
Vietnam,1972-01-01,58
Yemen,1972-01-01,43.28
Zambia,1972-01-01,55.13
Zimbabwe,1972-01-01,58.05
Albania,1973-01-01,68.93
Algeria,1973-01-01,53.91
Angola,1973-01-01,43.17
Antigua and Barbuda,1973-01-01,68.3
Argentina,1973-01-01,67.96
Armenia,1973-01-01,72.19
Aruba,1973-01-01,70.19
Australia,1973-01-01,72.11
Austria,1973-01-01,71.16
Azerbaijan,1973-01-01,66.04
Bahamas,1973-01-01,65.3
Bahrain,1973-01-01,65.38
Bangladesh,1973-01-01,45.77
Barbados,1973-01-01,67.47
Belarus,1973-01-01,72.29
Belgium,1973-01-01,71.56
Belize,1973-01-01,67.11
Benin,1973-01-01,45.77
Bhutan,1973-01-01,45.18
Bolivia,1973-01-01,48.89
Bosnia and Herzegovina,1973-01-01,71.49
Botswana,1973-01-01,56.18
Brazil,1973-01-01,60.98
Brunei,1973-01-01,68.58
Bulgaria,1973-01-01,71.4
Burkina Faso,1973-01-01,41.78
Burundi,1973-01-01,43.35
Cambodia,1973-01-01,37.58
Cameroon,1973-01-01,50.85
Canada,1973-01-01,73.04
Cape Verde,1973-01-01,56.5
Central African Republic,1973-01-01,45.91
Chad,1973-01-01,47.47
Chile,1973-01-01,63.63
China,1973-01-01,60.97
Colombia,1973-01-01,64.08
Comoros,1973-01-01,50.12
"Congo, Dem. Rep.",1973-01-01,49.46
"Congo, Rep.",1973-01-01,53.69
Costa Rica,1973-01-01,68.95
Cote d'Ivoire,1973-01-01,48.02
Croatia,1973-01-01,69.4
Cuba,1973-01-01,71.29
Cyprus,1973-01-01,73.47
Czech Republic,1973-01-01,70.33
Denmark,1973-01-01,73.83
Djibouti,1973-01-01,53.83
Dominican Republic,1973-01-01,62.67
Ecuador,1973-01-01,60.67
Egypt,1973-01-01,53.84
El Salvador,1973-01-01,58.22
Equatorial Guinea,1973-01-01,42.21
Eritrea,1973-01-01,44.35
Estonia,1973-01-01,70.83
Ethiopia,1973-01-01,39.85
Fiji,1973-01-01,60.6
Finland,1973-01-01,71.42
France,1973-01-01,72.69
French Polynesia,1973-01-01,61.15
Gabon,1973-01-01,47.9
Gambia,1973-01-01,46.47
Georgia,1973-01-01,68.17
Germany,1973-01-01,71.41
Ghana,1973-01-01,51.02
Greece,1973-01-01,72.13
Greenland,1973-01-01,64.66
Grenada,1973-01-01,65.62
Guatemala,1973-01-01,55.67
Guinea,1973-01-01,38.97
Guinea-Bissau,1973-01-01,46.12
Guyana,1973-01-01,61.24
Haiti,1973-01-01,48.17
Honduras,1973-01-01,56.8
"Hong Kong, China",1973-01-01,72.9
Hungary,1973-01-01,69.69
Iceland,1973-01-01,74.52
India,1973-01-01,50.81
Indonesia,1973-01-01,54.75
Iran,1973-01-01,55.24
Iraq,1973-01-01,58.31
Ireland,1973-01-01,72.11
Israel,1973-01-01,71.54
Italy,1973-01-01,72.09
Jamaica,1973-01-01,71.71
Japan,1973-01-01,73.45
Jordan,1973-01-01,63.3
Kazakhstan,1973-01-01,64.16
Kenya,1973-01-01,55.69
Kiribati,1973-01-01,51.02
South Korea,1973-01-01,63.34
Kuwait,1973-01-01,70.46
Kyrgyz Republic,1973-01-01,61.14
Lao,1973-01-01,45.39
Latvia,1973-01-01,70.29
Lebanon,1973-01-01,66.18
Lesotho,1973-01-01,50.7
Liberia,1973-01-01,42.16
Libya,1973-01-01,62.16
Lithuania,1973-01-01,71.7
Luxembourg,1973-01-01,70.34
"Macao, China",1973-01-01,70.26
"Macedonia, FYR",1973-01-01,67.83
Madagascar,1973-01-01,49.5
Malawi,1973-01-01,43
Malaysia,1973-01-01,66.34
Maldives,1973-01-01,49.98
Mali,1973-01-01,36.82
Malta,1973-01-01,72.49
Mauritania,1973-01-01,51.2
Mauritius,1973-01-01,63.68
Mexico,1973-01-01,63.29
"Micronesia, Fed. Sts.",1973-01-01,61.71
Moldova,1973-01-01,65.58
Mongolia,1973-01-01,57.82
Montenegro,1973-01-01,71.41
Morocco,1973-01-01,55.62
Mozambique,1973-01-01,45.85
Namibia,1973-01-01,54.44
Nepal,1973-01-01,45.92
Netherlands,1973-01-01,74.17
New Caledonia,1973-01-01,63.95
New Zealand,1973-01-01,71.78
Nicaragua,1973-01-01,61.56
Niger,1973-01-01,38.95
Nigeria,1973-01-01,47.77
Norway,1973-01-01,74.56
Oman,1973-01-01,56.06
Pakistan,1973-01-01,55.64
Panama,1973-01-01,68.26
Papua New Guinea,1973-01-01,48.27
Paraguay,1973-01-01,70.06
Peru,1973-01-01,57.85
Philippines,1973-01-01,62.95
Poland,1973-01-01,70.95
Portugal,1973-01-01,68.63
Puerto Rico,1973-01-01,72.26
Qatar,1973-01-01,69.52
Romania,1973-01-01,69.34
Russia,1973-01-01,68.89
Rwanda,1973-01-01,45.91
St. Lucia,1973-01-01,64.22
St. Vincent and the Grenadines,1973-01-01,65.64
Samoa,1973-01-01,59.09
Saudi Arabia,1973-01-01,59.26
Senegal,1973-01-01,41.85
Serbia,1973-01-01,69.32
Seychelles,1973-01-01,66.06
Sierra Leone,1973-01-01,46.48
Singapore,1973-01-01,68.5
Slovak Republic,1973-01-01,70.16
Slovenia,1973-01-01,69.86
Solomon Islands,1973-01-01,58.13
South Africa,1973-01-01,53.77
Spain,1973-01-01,72.78
Sri Lanka,1973-01-01,65.97
Sudan,1973-01-01,55.41
Suriname,1973-01-01,65.62
Swaziland,1973-01-01,50.67
Sweden,1973-01-01,74.83
Switzerland,1973-01-01,74.12
Syria,1973-01-01,61.56
Tajikistan,1973-01-01,62.53
Tanzania,1973-01-01,51.09
Thailand,1973-01-01,61.29
Timor-Leste,1973-01-01,44.71
Togo,1973-01-01,49.63
Tonga,1973-01-01,65.44
Trinidad and Tobago,1973-01-01,66.33
Tunisia,1973-01-01,56.57
Turkey,1973-01-01,56.65
Turkmenistan,1973-01-01,60.01
Uganda,1973-01-01,51.33
Ukraine,1973-01-01,70.75
United Arab Emirates,1973-01-01,63.09
United Kingdom,1973-01-01,72.18
United States,1973-01-01,71.54
Uruguay,1973-01-01,69.1
Uzbekistan,1973-01-01,64.4
Vanuatu,1973-01-01,53.33
Venezuela,1973-01-01,67.14
West Bank and Gaza,1973-01-01,60.26
Vietnam,1973-01-01,58.35
Yemen,1973-01-01,44.17
Zambia,1973-01-01,55.71
Zimbabwe,1973-01-01,58.47
Albania,1974-01-01,69.35
Algeria,1974-01-01,54.52
Angola,1974-01-01,43.71
Antigua and Barbuda,1974-01-01,68.64
Argentina,1974-01-01,68.28
Armenia,1974-01-01,72.28
Aruba,1974-01-01,70.52
Australia,1974-01-01,71.86
Austria,1974-01-01,71.15
Azerbaijan,1974-01-01,66.05
Bahamas,1974-01-01,65.53
Bahrain,1974-01-01,66.03
Bangladesh,1974-01-01,46.49
Barbados,1974-01-01,67.83
Belarus,1974-01-01,72.57
Belgium,1974-01-01,71.91
Belize,1974-01-01,67.52
Benin,1974-01-01,46.36
Bhutan,1974-01-01,46.2
Bolivia,1974-01-01,49.5
Bosnia and Herzegovina,1974-01-01,72.12
Botswana,1974-01-01,56.82
Brazil,1974-01-01,61.41
Brunei,1974-01-01,68.95
Bulgaria,1974-01-01,71.26
Burkina Faso,1974-01-01,42.36
Burundi,1974-01-01,43.66
Cambodia,1974-01-01,34.94
Cameroon,1974-01-01,51.49
Canada,1974-01-01,73.12
Cape Verde,1974-01-01,57.41
Central African Republic,1974-01-01,46.77
Chad,1974-01-01,47.98
Chile,1974-01-01,64.31
China,1974-01-01,60.63
Colombia,1974-01-01,64.53
Comoros,1974-01-01,50.59
"Congo, Dem. Rep.",1974-01-01,49.83
"Congo, Rep.",1974-01-01,53.94
Costa Rica,1974-01-01,69.53
Cote d'Ivoire,1974-01-01,48.85
Croatia,1974-01-01,69.63
Cuba,1974-01-01,71.74
Cyprus,1974-01-01,73.7
Czech Republic,1974-01-01,70.42
Denmark,1974-01-01,73.96
Djibouti,1974-01-01,54.38
Dominican Republic,1974-01-01,63.23
Ecuador,1974-01-01,61.18
Egypt,1974-01-01,54.46
El Salvador,1974-01-01,58.33
Equatorial Guinea,1974-01-01,42.56
Eritrea,1974-01-01,44.75
Estonia,1974-01-01,70.94
Ethiopia,1974-01-01,37.71
Fiji,1974-01-01,60.91
Finland,1974-01-01,71.34
France,1974-01-01,73.04
French Polynesia,1974-01-01,61.47
Gabon,1974-01-01,48.68
Gambia,1974-01-01,47.51
Georgia,1974-01-01,68.47
Germany,1974-01-01,71.71
Ghana,1974-01-01,51.35
Greece,1974-01-01,72.39
Greenland,1974-01-01,64.49
Grenada,1974-01-01,65.92
Guatemala,1974-01-01,56.28
Guinea,1974-01-01,39.43
Guinea-Bissau,1974-01-01,46.33
Guyana,1974-01-01,61.4
Haiti,1974-01-01,48.53
Honduras,1974-01-01,57.56
"Hong Kong, China",1974-01-01,73.2
Hungary,1974-01-01,69.41
Iceland,1974-01-01,74.59
India,1974-01-01,51.53
Indonesia,1974-01-01,55.41
Iran,1974-01-01,56.24
Iraq,1974-01-01,58.81
Ireland,1974-01-01,72.08
Israel,1974-01-01,71.78
Italy,1974-01-01,72.81
Jamaica,1974-01-01,72
Japan,1974-01-01,73.88
Jordan,1974-01-01,63.98
Kazakhstan,1974-01-01,64.4
Kenya,1974-01-01,56.29
Kiribati,1974-01-01,51.41
South Korea,1974-01-01,63.84
Kuwait,1974-01-01,70.93
Kyrgyz Republic,1974-01-01,61.38
Lao,1974-01-01,45.62
Latvia,1974-01-01,70.22
Lebanon,1974-01-01,66.37
Lesotho,1974-01-01,51.14
Liberia,1974-01-01,42.91
Libya,1974-01-01,63.13
Lithuania,1974-01-01,71.63
Luxembourg,1974-01-01,70.42
"Macao, China",1974-01-01,70.61
"Macedonia, FYR",1974-01-01,68.14
Madagascar,1974-01-01,50.06
Malawi,1974-01-01,43.41
Malaysia,1974-01-01,66.73
Maldives,1974-01-01,50.82
Mali,1974-01-01,37.61
Malta,1974-01-01,72.78
Mauritania,1974-01-01,51.69
Mauritius,1974-01-01,63.99
Mexico,1974-01-01,63.83
"Micronesia, Fed. Sts.",1974-01-01,62.12
Moldova,1974-01-01,65.6
Mongolia,1974-01-01,58.06
Montenegro,1974-01-01,71.78
Morocco,1974-01-01,56.08
Mozambique,1974-01-01,46.46
Namibia,1974-01-01,54.98
Nepal,1974-01-01,46.47
Netherlands,1974-01-01,74.56
New Caledonia,1974-01-01,64.44
New Zealand,1974-01-01,72.03
Nicaragua,1974-01-01,62.28
Niger,1974-01-01,39.25
Nigeria,1974-01-01,48.38
Norway,1974-01-01,74.88
Oman,1974-01-01,57.11
Pakistan,1974-01-01,56.16
Panama,1974-01-01,68.81
Papua New Guinea,1974-01-01,48.9
Paraguay,1974-01-01,70.32
Peru,1974-01-01,58.6
Philippines,1974-01-01,63.1
Poland,1974-01-01,71.46
Portugal,1974-01-01,69.18
Puerto Rico,1974-01-01,72.53
Qatar,1974-01-01,69.98
Romania,1974-01-01,69.58
Russia,1974-01-01,68.88
Rwanda,1974-01-01,46.01
St. Lucia,1974-01-01,64.8
St. Vincent and the Grenadines,1974-01-01,65.82
Samoa,1974-01-01,59.67
Saudi Arabia,1974-01-01,60.48
Senegal,1974-01-01,42.85
Serbia,1974-01-01,69.59
Seychelles,1974-01-01,66.49
Sierra Leone,1974-01-01,47.5
Singapore,1974-01-01,68.88
Slovak Republic,1974-01-01,70.33
Slovenia,1974-01-01,70.09
Solomon Islands,1974-01-01,58.74
South Africa,1974-01-01,54.11
Spain,1974-01-01,73.16
Sri Lanka,1974-01-01,66.36
Sudan,1974-01-01,55.73
Suriname,1974-01-01,65.91
Swaziland,1974-01-01,51.3
Sweden,1974-01-01,74.94
Switzerland,1974-01-01,74.47
Syria,1974-01-01,62.26
Tajikistan,1974-01-01,62.81
Tanzania,1974-01-01,51.65
Thailand,1974-01-01,61.77
Timor-Leste,1974-01-01,43.49
Togo,1974-01-01,50.26
Tonga,1974-01-01,65.69
Trinidad and Tobago,1974-01-01,66.57
Tunisia,1974-01-01,57.75
Turkey,1974-01-01,57.36
Turkmenistan,1974-01-01,60.25
Uganda,1974-01-01,51.45
Ukraine,1974-01-01,70.63
United Arab Emirates,1974-01-01,63.7
United Kingdom,1974-01-01,72.38
United States,1974-01-01,72.08
Uruguay,1974-01-01,69.23
Uzbekistan,1974-01-01,64.64
Vanuatu,1974-01-01,53.89
Venezuela,1974-01-01,67.53
West Bank and Gaza,1974-01-01,61.03
Vietnam,1974-01-01,59.23
Yemen,1974-01-01,45.1
Zambia,1974-01-01,56.24
Zimbabwe,1974-01-01,58.92
Albania,1975-01-01,69.77
Algeria,1975-01-01,55.24
Angola,1975-01-01,44.22
Antigua and Barbuda,1975-01-01,68.99
Argentina,1975-01-01,68.6
Armenia,1975-01-01,72.33
Aruba,1975-01-01,70.83
Australia,1975-01-01,72.81
Austria,1975-01-01,71.28
Azerbaijan,1975-01-01,66.02
Bahamas,1975-01-01,65.74
Bahrain,1975-01-01,66.63
Bangladesh,1975-01-01,47.58
Barbados,1975-01-01,68.17
Belarus,1975-01-01,71.63
Belgium,1975-01-01,71.9
Belize,1975-01-01,67.93
Benin,1975-01-01,46.93
Bhutan,1975-01-01,47.21
Bolivia,1975-01-01,50.19
Bosnia and Herzegovina,1975-01-01,72.71
Botswana,1975-01-01,57.45
Brazil,1975-01-01,61.84
Brunei,1975-01-01,69.32
Bulgaria,1975-01-01,71.11
Burkina Faso,1975-01-01,43
Burundi,1975-01-01,44.02
Cambodia,1975-01-01,21.69
Cameroon,1975-01-01,52.13
Canada,1975-01-01,73.41
Cape Verde,1975-01-01,58.3
Central African Republic,1975-01-01,47.6
Chad,1975-01-01,48.45
Chile,1975-01-01,65.02
China,1975-01-01,60.78
Colombia,1975-01-01,65.04
Comoros,1975-01-01,51.03
"Congo, Dem. Rep.",1975-01-01,50.17
"Congo, Rep.",1975-01-01,54.2
Costa Rica,1975-01-01,70.12
Cote d'Ivoire,1975-01-01,49.63
Croatia,1975-01-01,69.83
Cuba,1975-01-01,72.18
Cyprus,1975-01-01,73.93
Czech Republic,1975-01-01,70.77
Denmark,1975-01-01,74.24
Djibouti,1975-01-01,54.85
Dominican Republic,1975-01-01,63.75
Ecuador,1975-01-01,61.73
Egypt,1975-01-01,55.17
El Salvador,1975-01-01,58.36
Equatorial Guinea,1975-01-01,42.91
Eritrea,1975-01-01,45.14
Estonia,1975-01-01,70.26
Ethiopia,1975-01-01,38.78
Fiji,1975-01-01,61.21
Finland,1975-01-01,71.89
France,1975-01-01,73.13
French Polynesia,1975-01-01,61.82
Gabon,1975-01-01,49.45
Gambia,1975-01-01,48.56
Georgia,1975-01-01,68.76
Germany,1975-01-01,71.56
Ghana,1975-01-01,51.68
Greece,1975-01-01,72.62
Greenland,1975-01-01,64.31
Grenada,1975-01-01,66.22
Guatemala,1975-01-01,56.82
Guinea,1975-01-01,39.94
Guinea-Bissau,1975-01-01,46.54
Guyana,1975-01-01,61.56
Haiti,1975-01-01,48.9
Honduras,1975-01-01,58.34
"Hong Kong, China",1975-01-01,73.49
Hungary,1975-01-01,69.46
Iceland,1975-01-01,75.57
India,1975-01-01,52.25
Indonesia,1975-01-01,56.04
Iran,1975-01-01,57.1
Iraq,1975-01-01,59.19
Ireland,1975-01-01,72.68
Israel,1975-01-01,72.04
Italy,1975-01-01,72.72
Jamaica,1975-01-01,72.29
Japan,1975-01-01,74.38
Jordan,1975-01-01,64.64
Kazakhstan,1975-01-01,64.64
Kenya,1975-01-01,56.89
Kiribati,1975-01-01,51.81
South Korea,1975-01-01,64.26
Kuwait,1975-01-01,71.39
Kyrgyz Republic,1975-01-01,61.6
Lao,1975-01-01,45.85
Latvia,1975-01-01,69.37
Lebanon,1975-01-01,66.54
Lesotho,1975-01-01,51.63
Liberia,1975-01-01,43.68
Libya,1975-01-01,64.06
Lithuania,1975-01-01,71.24
Luxembourg,1975-01-01,70.37
"Macao, China",1975-01-01,70.95
"Macedonia, FYR",1975-01-01,68.41
Madagascar,1975-01-01,50.59
Malawi,1975-01-01,43.79
Malaysia,1975-01-01,67.13
Maldives,1975-01-01,51.69
Mali,1975-01-01,38.39
Malta,1975-01-01,73.07
Mauritania,1975-01-01,52.19
Mauritius,1975-01-01,64.37
Mexico,1975-01-01,64.39
"Micronesia, Fed. Sts.",1975-01-01,62.5
Moldova,1975-01-01,65.6
Mongolia,1975-01-01,58.22
Montenegro,1975-01-01,72.07
Morocco,1975-01-01,56.56
Mozambique,1975-01-01,47.06
Namibia,1975-01-01,55.51
Nepal,1975-01-01,47.05
Netherlands,1975-01-01,74.49
New Caledonia,1975-01-01,64.91
New Zealand,1975-01-01,72.3
Nicaragua,1975-01-01,62.95
Niger,1975-01-01,39.57
Nigeria,1975-01-01,49
Norway,1975-01-01,74.93
Oman,1975-01-01,58.2
Pakistan,1975-01-01,56.68
Panama,1975-01-01,69.35
Papua New Guinea,1975-01-01,49.54
Paraguay,1975-01-01,70.57
Peru,1975-01-01,59.31
Philippines,1975-01-01,63.21
Poland,1975-01-01,70.88
Portugal,1975-01-01,68.9
Puerto Rico,1975-01-01,72.77
Qatar,1975-01-01,70.4
Romania,1975-01-01,69.75
Russia,1975-01-01,68.24
Rwanda,1975-01-01,46.13
St. Lucia,1975-01-01,65.38
St. Vincent and the Grenadines,1975-01-01,65.99
Samoa,1975-01-01,60.26
Saudi Arabia,1975-01-01,61.67
Senegal,1975-01-01,43.94
Serbia,1975-01-01,69.82
Seychelles,1975-01-01,66.9
Sierra Leone,1975-01-01,48.45
Singapore,1975-01-01,69.26
Slovak Republic,1975-01-01,70.45
Slovenia,1975-01-01,70.32
Solomon Islands,1975-01-01,59.33
South Africa,1975-01-01,54.47
Spain,1975-01-01,73.49
Sri Lanka,1975-01-01,66.76
Sudan,1975-01-01,56
Suriname,1975-01-01,66.19
Swaziland,1975-01-01,51.94
Sweden,1975-01-01,74.95
Switzerland,1975-01-01,74.86
Syria,1975-01-01,62.95
Tajikistan,1975-01-01,63.08
Tanzania,1975-01-01,52.19
Thailand,1975-01-01,62.24
Timor-Leste,1975-01-01,42.12
Togo,1975-01-01,50.88
Tonga,1975-01-01,65.93
Trinidad and Tobago,1975-01-01,66.83
Tunisia,1975-01-01,58.9
Turkey,1975-01-01,58.08
Turkmenistan,1975-01-01,60.49
Uganda,1975-01-01,51.55
Ukraine,1975-01-01,69.96
United Arab Emirates,1975-01-01,64.3
United Kingdom,1975-01-01,72.65
United States,1975-01-01,72.68
Uruguay,1975-01-01,69.39
Uzbekistan,1975-01-01,64.87
Vanuatu,1975-01-01,54.46
Venezuela,1975-01-01,67.9
West Bank and Gaza,1975-01-01,61.81
Vietnam,1975-01-01,60.54
Yemen,1975-01-01,46.05
Zambia,1975-01-01,56.7
Zimbabwe,1975-01-01,59.41
Albania,1976-01-01,70.17
Algeria,1976-01-01,56.11
Angola,1976-01-01,44.68
Antigua and Barbuda,1976-01-01,69.32
Argentina,1976-01-01,68.92
Armenia,1976-01-01,72.38
Aruba,1976-01-01,71.14
Australia,1976-01-01,72.84
Austria,1976-01-01,71.77
Azerbaijan,1976-01-01,65.92
Bahamas,1976-01-01,65.96
Bahrain,1976-01-01,67.2
Bangladesh,1976-01-01,48.92
Barbados,1976-01-01,68.53
Belarus,1976-01-01,71.46
Belgium,1976-01-01,72.05
Belize,1976-01-01,68.32
Benin,1976-01-01,47.46
Bhutan,1976-01-01,48.22
Bolivia,1976-01-01,50.93
Bosnia and Herzegovina,1976-01-01,73.24
Botswana,1976-01-01,58.07
Brazil,1976-01-01,62.27
Brunei,1976-01-01,69.67
Bulgaria,1976-01-01,71.44
Burkina Faso,1976-01-01,43.74
Burundi,1976-01-01,44.43
Cambodia,1976-01-01,19.04
Cameroon,1976-01-01,52.74
Canada,1976-01-01,73.84
Cape Verde,1976-01-01,59.16
Central African Republic,1976-01-01,48.36
Chad,1976-01-01,48.89
Chile,1976-01-01,65.75
China,1976-01-01,60.46
Colombia,1976-01-01,65.58
Comoros,1976-01-01,51.46
"Congo, Dem. Rep.",1976-01-01,50.49
"Congo, Rep.",1976-01-01,54.45
Costa Rica,1976-01-01,70.75
Cote d'Ivoire,1976-01-01,50.37
Croatia,1976-01-01,70
Cuba,1976-01-01,72.59
Cyprus,1976-01-01,74.15
Czech Republic,1976-01-01,70.88
Denmark,1976-01-01,73.91
Djibouti,1976-01-01,55.29
Dominican Republic,1976-01-01,64.25
Ecuador,1976-01-01,62.3
Egypt,1976-01-01,55.93
El Salvador,1976-01-01,58.33
Equatorial Guinea,1976-01-01,43.28
Eritrea,1976-01-01,45.49
Estonia,1976-01-01,69.88
Ethiopia,1976-01-01,42.86
Fiji,1976-01-01,61.5
Finland,1976-01-01,72.04
France,1976-01-01,73.38
French Polynesia,1976-01-01,62.23
Gabon,1976-01-01,50.23
Gambia,1976-01-01,49.58
Georgia,1976-01-01,69
Germany,1976-01-01,72.02
Ghana,1976-01-01,52
Greece,1976-01-01,72.85
Greenland,1976-01-01,64.14
Grenada,1976-01-01,66.52
Guatemala,1976-01-01,57.32
Guinea,1976-01-01,40.47
Guinea-Bissau,1976-01-01,46.77
Guyana,1976-01-01,61.72
Haiti,1976-01-01,49.28
Honduras,1976-01-01,59.15
"Hong Kong, China",1976-01-01,73.78
Hungary,1976-01-01,69.75
Iceland,1976-01-01,76.94
India,1976-01-01,52.93
Indonesia,1976-01-01,56.67
Iran,1976-01-01,57.64
Iraq,1976-01-01,59.35
Ireland,1976-01-01,72.81
Israel,1976-01-01,72.33
Italy,1976-01-01,73.07
Jamaica,1976-01-01,72.58
Japan,1976-01-01,74.78
Jordan,1976-01-01,65.28
Kazakhstan,1976-01-01,64.88
Kenya,1976-01-01,57.49
Kiribati,1976-01-01,52.2
South Korea,1976-01-01,64.62
Kuwait,1976-01-01,71.85
Kyrgyz Republic,1976-01-01,61.83
Lao,1976-01-01,46.05
Latvia,1976-01-01,69.48
Lebanon,1976-01-01,66.69
Lesotho,1976-01-01,52.17
Liberia,1976-01-01,44.45
Libya,1976-01-01,64.95
Lithuania,1976-01-01,71.38
Luxembourg,1976-01-01,70.31
"Macao, China",1976-01-01,71.29
"Macedonia, FYR",1976-01-01,68.61
Madagascar,1976-01-01,51.12
Malawi,1976-01-01,44.16
Malaysia,1976-01-01,67.5
Maldives,1976-01-01,52.59
Mali,1976-01-01,39.18
Malta,1976-01-01,73.36
Mauritania,1976-01-01,52.73
Mauritius,1976-01-01,64.83
Mexico,1976-01-01,64.95
"Micronesia, Fed. Sts.",1976-01-01,62.85
Moldova,1976-01-01,65.57
Mongolia,1976-01-01,58.31
Montenegro,1976-01-01,72.33
Morocco,1976-01-01,57.11
Mozambique,1976-01-01,47.61
Namibia,1976-01-01,56.04
Nepal,1976-01-01,47.64
Netherlands,1976-01-01,74.61
New Caledonia,1976-01-01,65.37
New Zealand,1976-01-01,72.5
Nicaragua,1976-01-01,63.59
Niger,1976-01-01,39.97
Nigeria,1976-01-01,49.62
Norway,1976-01-01,75.17
Oman,1976-01-01,59.32
Pakistan,1976-01-01,57.17
Panama,1976-01-01,69.88
Papua New Guinea,1976-01-01,50.21
Paraguay,1976-01-01,70.81
Peru,1976-01-01,59.99
Philippines,1976-01-01,63.32
Poland,1976-01-01,70.88
Portugal,1976-01-01,69.12
Puerto Rico,1976-01-01,72.98
Qatar,1976-01-01,70.79
Romania,1976-01-01,69.87
Russia,1976-01-01,67.98
Rwanda,1976-01-01,46.31
St. Lucia,1976-01-01,65.96
St. Vincent and the Grenadines,1976-01-01,66.16
Samoa,1976-01-01,60.84
Saudi Arabia,1976-01-01,62.83
Senegal,1976-01-01,45.07
Serbia,1976-01-01,70.03
Seychelles,1976-01-01,67.26
Sierra Leone,1976-01-01,49.31
Singapore,1976-01-01,69.62
Slovak Republic,1976-01-01,70.62
Slovenia,1976-01-01,70.51
Solomon Islands,1976-01-01,59.9
South Africa,1976-01-01,54.86
Spain,1976-01-01,73.81
Sri Lanka,1976-01-01,67.17
Sudan,1976-01-01,56.23
Suriname,1976-01-01,66.47
Swaziland,1976-01-01,52.58
Sweden,1976-01-01,74.96
Switzerland,1976-01-01,74.98
Syria,1976-01-01,63.6
Tajikistan,1976-01-01,63.34
Tanzania,1976-01-01,52.71
Thailand,1976-01-01,62.7
Timor-Leste,1976-01-01,40.94
Togo,1976-01-01,51.49
Tonga,1976-01-01,66.16
Trinidad and Tobago,1976-01-01,67.08
Tunisia,1976-01-01,60.03
Turkey,1976-01-01,58.81
Turkmenistan,1976-01-01,60.73
Uganda,1976-01-01,51.65
Ukraine,1976-01-01,70.01
United Arab Emirates,1976-01-01,64.87
United Kingdom,1976-01-01,72.62
United States,1976-01-01,72.99
Uruguay,1976-01-01,69.58
Uzbekistan,1976-01-01,65.11
Vanuatu,1976-01-01,55.05
Venezuela,1976-01-01,68.23
West Bank and Gaza,1976-01-01,62.6
Vietnam,1976-01-01,62.07
Yemen,1976-01-01,47.05
Zambia,1976-01-01,57.07
Zimbabwe,1976-01-01,59.94
Albania,1977-01-01,70.54
Algeria,1977-01-01,57.13
Angola,1977-01-01,45.12
Antigua and Barbuda,1977-01-01,69.64
Argentina,1977-01-01,69.24
Armenia,1977-01-01,72.44
Aruba,1977-01-01,71.44
Australia,1977-01-01,73.45
Austria,1977-01-01,72.12
Azerbaijan,1977-01-01,65.8
Bahamas,1977-01-01,66.16
Bahrain,1977-01-01,67.72
Bangladesh,1977-01-01,50.27
Barbados,1977-01-01,68.87
Belarus,1977-01-01,71.39
Belgium,1977-01-01,72.7
Belize,1977-01-01,68.7
Benin,1977-01-01,47.96
Bhutan,1977-01-01,49.22
Bolivia,1977-01-01,51.73
Bosnia and Herzegovina,1977-01-01,73.71
Botswana,1977-01-01,58.65
Brazil,1977-01-01,62.68
Brunei,1977-01-01,70.01
Bulgaria,1977-01-01,70.88
Burkina Faso,1977-01-01,44.61
Burundi,1977-01-01,44.84
Cambodia,1977-01-01,18.1
Cameroon,1977-01-01,53.36
Canada,1977-01-01,74.13
Cape Verde,1977-01-01,60
Central African Republic,1977-01-01,49.07
Chad,1977-01-01,49.31
Chile,1977-01-01,66.5
China,1977-01-01,61.94
Colombia,1977-01-01,66.17
Comoros,1977-01-01,51.89
"Congo, Dem. Rep.",1977-01-01,50.8
"Congo, Rep.",1977-01-01,54.71
Costa Rica,1977-01-01,71.38
Cote d'Ivoire,1977-01-01,51.06
Croatia,1977-01-01,70.16
Cuba,1977-01-01,72.96
Cyprus,1977-01-01,74.37
Czech Republic,1977-01-01,70.94
Denmark,1977-01-01,74.82
Djibouti,1977-01-01,55.71
Dominican Republic,1977-01-01,64.73
Ecuador,1977-01-01,62.9
Egypt,1977-01-01,56.69
El Salvador,1977-01-01,58.22
Equatorial Guinea,1977-01-01,43.65
Eritrea,1977-01-01,45.8
Estonia,1977-01-01,70.01
Ethiopia,1977-01-01,42.41
Fiji,1977-01-01,61.8
Finland,1977-01-01,72.56
France,1977-01-01,73.99
French Polynesia,1977-01-01,62.72
Gabon,1977-01-01,51.01
Gambia,1977-01-01,50.6
Georgia,1977-01-01,69.19
Germany,1977-01-01,72.63
Ghana,1977-01-01,52.33
Greece,1977-01-01,73.1
Greenland,1977-01-01,63.96
Grenada,1977-01-01,66.79
Guatemala,1977-01-01,57.78
Guinea,1977-01-01,41.04
Guinea-Bissau,1977-01-01,47.02
Guyana,1977-01-01,61.88
Haiti,1977-01-01,49.63
Honduras,1977-01-01,59.97
"Hong Kong, China",1977-01-01,74.06
Hungary,1977-01-01,70.02
Iceland,1977-01-01,76.35
India,1977-01-01,53.56
Indonesia,1977-01-01,57.27
Iran,1977-01-01,57.78
Iraq,1977-01-01,59.26
Ireland,1977-01-01,72.98
Israel,1977-01-01,72.62
Italy,1977-01-01,73.44
Jamaica,1977-01-01,72.89
Japan,1977-01-01,75.35
Jordan,1977-01-01,65.89
Kazakhstan,1977-01-01,65.13
Kenya,1977-01-01,58.1
Kiribati,1977-01-01,52.58
South Korea,1977-01-01,64.95
Kuwait,1977-01-01,72.29
Kyrgyz Republic,1977-01-01,62.05
Lao,1977-01-01,46.26
Latvia,1977-01-01,69.56
Lebanon,1977-01-01,66.83
Lesotho,1977-01-01,52.75
Liberia,1977-01-01,45.21
Libya,1977-01-01,65.81
Lithuania,1977-01-01,71.14
Luxembourg,1977-01-01,71.61
"Macao, China",1977-01-01,71.62
"Macedonia, FYR",1977-01-01,68.76
Madagascar,1977-01-01,51.63
Malawi,1977-01-01,44.54
Malaysia,1977-01-01,67.86
Maldives,1977-01-01,53.53
Mali,1977-01-01,39.97
Malta,1977-01-01,73.63
Mauritania,1977-01-01,53.29
Mauritius,1977-01-01,65.34
Mexico,1977-01-01,65.51
"Micronesia, Fed. Sts.",1977-01-01,63.14
Moldova,1977-01-01,65.52
Mongolia,1977-01-01,58.36
Montenegro,1977-01-01,72.55
Morocco,1977-01-01,57.72
Mozambique,1977-01-01,48.1
Namibia,1977-01-01,56.56
Nepal,1977-01-01,48.28
Netherlands,1977-01-01,75.2
New Caledonia,1977-01-01,65.81
New Zealand,1977-01-01,72.25
Nicaragua,1977-01-01,64.17
Niger,1977-01-01,40.4
Nigeria,1977-01-01,50.24
Norway,1977-01-01,75.51
Oman,1977-01-01,60.45
Pakistan,1977-01-01,57.63
Panama,1977-01-01,70.38
Papua New Guinea,1977-01-01,50.91
Paraguay,1977-01-01,71.04
Peru,1977-01-01,60.63
Philippines,1977-01-01,63.44
Poland,1977-01-01,70.78
Portugal,1977-01-01,70.37
Puerto Rico,1977-01-01,73.15
Qatar,1977-01-01,71.15
Romania,1977-01-01,69.95
Russia,1977-01-01,67.85
Rwanda,1977-01-01,46.54
St. Lucia,1977-01-01,66.54
St. Vincent and the Grenadines,1977-01-01,66.36
Samoa,1977-01-01,61.44
Saudi Arabia,1977-01-01,63.95
Senegal,1977-01-01,46.21
Serbia,1977-01-01,70.21
Seychelles,1977-01-01,67.59
Sierra Leone,1977-01-01,50.11
Singapore,1977-01-01,69.98
Slovak Republic,1977-01-01,70.58
Slovenia,1977-01-01,70.66
Solomon Islands,1977-01-01,60.43
South Africa,1977-01-01,55.3
Spain,1977-01-01,74.32
Sri Lanka,1977-01-01,67.6
Sudan,1977-01-01,56.44
Suriname,1977-01-01,66.76
Swaziland,1977-01-01,53.24
Sweden,1977-01-01,75.39
Switzerland,1977-01-01,75.43
Syria,1977-01-01,64.24
Tajikistan,1977-01-01,63.57
Tanzania,1977-01-01,53.19
Thailand,1977-01-01,63.15
Timor-Leste,1977-01-01,40.25
Togo,1977-01-01,52.09
Tonga,1977-01-01,66.39
Trinidad and Tobago,1977-01-01,67.33
Tunisia,1977-01-01,61.15
Turkey,1977-01-01,59.55
Turkmenistan,1977-01-01,61
Uganda,1977-01-01,51.75
Ukraine,1977-01-01,69.68
United Arab Emirates,1977-01-01,65.41
United Kingdom,1977-01-01,73.11
United States,1977-01-01,73.38
Uruguay,1977-01-01,69.8
Uzbekistan,1977-01-01,65.37
Vanuatu,1977-01-01,55.64
Venezuela,1977-01-01,68.52
West Bank and Gaza,1977-01-01,63.39
Vietnam,1977-01-01,63.58
Yemen,1977-01-01,48.06
Zambia,1977-01-01,57.36
Zimbabwe,1977-01-01,60.53
Albania,1978-01-01,70.86
Algeria,1978-01-01,58.28
Angola,1978-01-01,45.5
Antigua and Barbuda,1978-01-01,69.96
Argentina,1978-01-01,69.57
Armenia,1978-01-01,72.53
Aruba,1978-01-01,71.74
Australia,1978-01-01,73.84
Austria,1978-01-01,72.2
Azerbaijan,1978-01-01,65.68
Bahamas,1978-01-01,66.37
Bahrain,1978-01-01,68.21
Bangladesh,1978-01-01,51.47
Barbados,1978-01-01,69.22
Belarus,1978-01-01,71.23
Belgium,1978-01-01,72.64
Belize,1978-01-01,69.06
Benin,1978-01-01,48.43
Bhutan,1978-01-01,50.21
Bolivia,1978-01-01,52.54
Bosnia and Herzegovina,1978-01-01,74.12
Botswana,1978-01-01,59.21
Brazil,1978-01-01,63.07
Brunei,1978-01-01,70.33
Bulgaria,1978-01-01,71.24
Burkina Faso,1978-01-01,45.56
Burundi,1978-01-01,45.24
Cambodia,1978-01-01,19.55
Cameroon,1978-01-01,53.95
Canada,1978-01-01,74.46
Cape Verde,1978-01-01,60.82
Central African Republic,1978-01-01,49.7
Chad,1978-01-01,49.72
Chile,1978-01-01,67.25
China,1978-01-01,62.15
Colombia,1978-01-01,66.79
Comoros,1978-01-01,52.3
"Congo, Dem. Rep.",1978-01-01,51.11
"Congo, Rep.",1978-01-01,54.97
Costa Rica,1978-01-01,72
Cote d'Ivoire,1978-01-01,51.7
Croatia,1978-01-01,70.3
Cuba,1978-01-01,73.3
Cyprus,1978-01-01,74.58
Czech Republic,1978-01-01,71.02
Denmark,1978-01-01,74.59
Djibouti,1978-01-01,56.15
Dominican Republic,1978-01-01,65.19
Ecuador,1978-01-01,63.51
Egypt,1978-01-01,57.45
El Salvador,1978-01-01,58.09
Equatorial Guinea,1978-01-01,44.04
Eritrea,1978-01-01,46.09
Estonia,1978-01-01,69.87
Ethiopia,1978-01-01,42.07
Fiji,1978-01-01,62.09
Finland,1978-01-01,73.13
France,1978-01-01,74.12
French Polynesia,1978-01-01,63.28
Gabon,1978-01-01,51.81
Gambia,1978-01-01,51.61
Georgia,1978-01-01,69.31
Germany,1978-01-01,72.6
Ghana,1978-01-01,52.63
Greece,1978-01-01,73.38
Greenland,1978-01-01,63.78
Grenada,1978-01-01,67.07
Guatemala,1978-01-01,58.22
Guinea,1978-01-01,41.63
Guinea-Bissau,1978-01-01,47.27
Guyana,1978-01-01,62.03
Haiti,1978-01-01,49.97
Honduras,1978-01-01,60.8
"Hong Kong, China",1978-01-01,74.35
Hungary,1978-01-01,69.56
Iceland,1978-01-01,76.66
India,1978-01-01,54.14
Indonesia,1978-01-01,57.87
Iran,1978-01-01,57.52
Iraq,1978-01-01,58.94
Ireland,1978-01-01,72.98
Israel,1978-01-01,72.9
Italy,1978-01-01,73.78
Jamaica,1978-01-01,73.21
Japan,1978-01-01,75.67
Jordan,1978-01-01,66.46
Kazakhstan,1978-01-01,65.41
Kenya,1978-01-01,58.74
Kiribati,1978-01-01,52.97
South Korea,1978-01-01,65.31
Kuwait,1978-01-01,72.72
Kyrgyz Republic,1978-01-01,62.3
Lao,1978-01-01,46.47
Latvia,1978-01-01,69.45
Lebanon,1978-01-01,66.96
Lesotho,1978-01-01,53.38
Liberia,1978-01-01,45.92
Libya,1978-01-01,66.62
Lithuania,1978-01-01,70.93
Luxembourg,1978-01-01,71.57
"Macao, China",1978-01-01,71.94
"Macedonia, FYR",1978-01-01,68.88
Madagascar,1978-01-01,52.12
Malawi,1978-01-01,44.92
Malaysia,1978-01-01,68.21
Maldives,1978-01-01,54.51
Mali,1978-01-01,40.79
Malta,1978-01-01,73.92
Mauritania,1978-01-01,53.89
Mauritius,1978-01-01,65.87
Mexico,1978-01-01,66.05
"Micronesia, Fed. Sts.",1978-01-01,63.37
Moldova,1978-01-01,65.47
Mongolia,1978-01-01,58.4
Montenegro,1978-01-01,72.75
Morocco,1978-01-01,58.39
Mozambique,1978-01-01,48.52
Namibia,1978-01-01,57.07
Nepal,1978-01-01,48.94
Netherlands,1978-01-01,75.11
New Caledonia,1978-01-01,66.25
New Zealand,1978-01-01,73.14
Nicaragua,1978-01-01,64.73
Niger,1978-01-01,40.9
Nigeria,1978-01-01,50.84
Norway,1978-01-01,75.54
Oman,1978-01-01,61.57
Pakistan,1978-01-01,58.05
Panama,1978-01-01,70.85
Papua New Guinea,1978-01-01,51.65
Paraguay,1978-01-01,71.28
Peru,1978-01-01,61.28
Philippines,1978-01-01,63.6
Poland,1978-01-01,70.71
Portugal,1978-01-01,70.83
Puerto Rico,1978-01-01,73.28
Qatar,1978-01-01,71.49
Romania,1978-01-01,70.01
Russia,1978-01-01,67.89
Rwanda,1978-01-01,46.81
St. Lucia,1978-01-01,67.1
St. Vincent and the Grenadines,1978-01-01,66.61
Samoa,1978-01-01,62.02
Saudi Arabia,1978-01-01,65.01
Senegal,1978-01-01,47.33
Serbia,1978-01-01,70.37
Seychelles,1978-01-01,67.89
Sierra Leone,1978-01-01,50.83
Singapore,1978-01-01,70.34
Slovak Republic,1978-01-01,70.59
Slovenia,1978-01-01,70.77
Solomon Islands,1978-01-01,60.89
South Africa,1978-01-01,55.77
Spain,1978-01-01,74.51
Sri Lanka,1978-01-01,68.06
Sudan,1978-01-01,56.63
Suriname,1978-01-01,67.07
Swaziland,1978-01-01,53.92
Sweden,1978-01-01,75.48
Switzerland,1978-01-01,75.39
Syria,1978-01-01,64.84
Tajikistan,1978-01-01,63.81
Tanzania,1978-01-01,53.61
Thailand,1978-01-01,63.62
Timor-Leste,1978-01-01,40.27
Togo,1978-01-01,52.7
Tonga,1978-01-01,66.61
Trinidad and Tobago,1978-01-01,67.54
Tunisia,1978-01-01,62.27
Turkey,1978-01-01,60.29
Turkmenistan,1978-01-01,61.28
Uganda,1978-01-01,51.83
Ukraine,1978-01-01,69.63
United Arab Emirates,1978-01-01,65.93
United Kingdom,1978-01-01,73.04
United States,1978-01-01,73.58
Uruguay,1978-01-01,70.05
Uzbekistan,1978-01-01,65.64
Vanuatu,1978-01-01,56.24
Venezuela,1978-01-01,68.79
West Bank and Gaza,1978-01-01,64.18
Vietnam,1978-01-01,64.86
Yemen,1978-01-01,49.08
Zambia,1978-01-01,57.57
Zimbabwe,1978-01-01,61.17
Albania,1979-01-01,71.14
Algeria,1979-01-01,59.56
Angola,1979-01-01,45.84
Antigua and Barbuda,1979-01-01,70.28
Argentina,1979-01-01,69.89
Armenia,1979-01-01,72.63
Aruba,1979-01-01,72.02
Australia,1979-01-01,74.4
Austria,1979-01-01,72.51
Azerbaijan,1979-01-01,65.6
Bahamas,1979-01-01,66.57
Bahrain,1979-01-01,68.67
Bangladesh,1979-01-01,52.44
Barbados,1979-01-01,69.57
Belarus,1979-01-01,70.82
Belgium,1979-01-01,73.13
Belize,1979-01-01,69.43
Benin,1979-01-01,48.88
Bhutan,1979-01-01,51.18
Bolivia,1979-01-01,53.38
Bosnia and Herzegovina,1979-01-01,74.48
Botswana,1979-01-01,59.74
Brazil,1979-01-01,63.45
Brunei,1979-01-01,70.65
Bulgaria,1979-01-01,71.34
Burkina Faso,1979-01-01,46.58
Burundi,1979-01-01,45.6
Cambodia,1979-01-01,21.91
Cameroon,1979-01-01,54.52
Canada,1979-01-01,74.81
Cape Verde,1979-01-01,61.62
Central African Republic,1979-01-01,50.21
Chad,1979-01-01,50.14
Chile,1979-01-01,67.99
China,1979-01-01,62.95
Colombia,1979-01-01,67.43
Comoros,1979-01-01,52.72
"Congo, Dem. Rep.",1979-01-01,51.43
"Congo, Rep.",1979-01-01,55.22
Costa Rica,1979-01-01,72.62
Cote d'Ivoire,1979-01-01,52.31
Croatia,1979-01-01,70.42
Cuba,1979-01-01,73.59
Cyprus,1979-01-01,74.79
Czech Republic,1979-01-01,71.13
Denmark,1979-01-01,74.41
Djibouti,1979-01-01,56.61
Dominican Republic,1979-01-01,65.65
Ecuador,1979-01-01,64.16
Egypt,1979-01-01,58.16
El Salvador,1979-01-01,57.98
Equatorial Guinea,1979-01-01,44.44
Eritrea,1979-01-01,46.38
Estonia,1979-01-01,69.66
Ethiopia,1979-01-01,42.74
Fiji,1979-01-01,62.37
Finland,1979-01-01,73.42
France,1979-01-01,74.43
French Polynesia,1979-01-01,63.9
Gabon,1979-01-01,52.61
Gambia,1979-01-01,52.62
Georgia,1979-01-01,69.37
Germany,1979-01-01,72.96
Ghana,1979-01-01,52.95
Greece,1979-01-01,73.68
Greenland,1979-01-01,63.61
Grenada,1979-01-01,67.33
Guatemala,1979-01-01,58.66
Guinea,1979-01-01,42.25
Guinea-Bissau,1979-01-01,47.54
Guyana,1979-01-01,62.18
Haiti,1979-01-01,50.3
Honduras,1979-01-01,61.65
"Hong Kong, China",1979-01-01,74.64
Hungary,1979-01-01,69.77
Iceland,1979-01-01,76.88
India,1979-01-01,54.65
Indonesia,1979-01-01,58.45
Iran,1979-01-01,56.95
Iraq,1979-01-01,58.44
Ireland,1979-01-01,73.28
Israel,1979-01-01,73.19
Italy,1979-01-01,74.11
Jamaica,1979-01-01,73.52
Japan,1979-01-01,76.18
Jordan,1979-01-01,67
Kazakhstan,1979-01-01,65.71
Kenya,1979-01-01,59.36
Kiribati,1979-01-01,53.36
South Korea,1979-01-01,65.7
Kuwait,1979-01-01,73.14
Kyrgyz Republic,1979-01-01,62.57
Lao,1979-01-01,46.69
Latvia,1979-01-01,68.93
Lebanon,1979-01-01,67.08
Lesotho,1979-01-01,54.01
Liberia,1979-01-01,46.57
Libya,1979-01-01,67.4
Lithuania,1979-01-01,70.8
Luxembourg,1979-01-01,72.25
"Macao, China",1979-01-01,72.26
"Macedonia, FYR",1979-01-01,68.98
Madagascar,1979-01-01,52.58
Malawi,1979-01-01,45.31
Malaysia,1979-01-01,68.56
Maldives,1979-01-01,55.53
Mali,1979-01-01,41.61
Malta,1979-01-01,74.19
Mauritania,1979-01-01,54.51
Mauritius,1979-01-01,66.41
Mexico,1979-01-01,66.58
"Micronesia, Fed. Sts.",1979-01-01,63.53
Moldova,1979-01-01,65.41
Mongolia,1979-01-01,58.46
Montenegro,1979-01-01,72.95
Morocco,1979-01-01,59.13
Mozambique,1979-01-01,48.88
Namibia,1979-01-01,57.57
Nepal,1979-01-01,49.63
Netherlands,1979-01-01,75.59
New Caledonia,1979-01-01,66.68
New Zealand,1979-01-01,73.18
Nicaragua,1979-01-01,65.28
Niger,1979-01-01,41.44
Nigeria,1979-01-01,51.42
Norway,1979-01-01,75.54
Oman,1979-01-01,62.65
Pakistan,1979-01-01,58.44
Panama,1979-01-01,71.3
Papua New Guinea,1979-01-01,52.4
Paraguay,1979-01-01,71.51
Peru,1979-01-01,61.93
Philippines,1979-01-01,63.81
Poland,1979-01-01,71.05
Portugal,1979-01-01,71.64
Puerto Rico,1979-01-01,73.38
Qatar,1979-01-01,71.83
Romania,1979-01-01,70.06
Russia,1979-01-01,67.61
Rwanda,1979-01-01,47.12
St. Lucia,1979-01-01,67.64
St. Vincent and the Grenadines,1979-01-01,66.88
Samoa,1979-01-01,62.62
Saudi Arabia,1979-01-01,66.03
Senegal,1979-01-01,48.4
Serbia,1979-01-01,70.53
Seychelles,1979-01-01,68.16
Sierra Leone,1979-01-01,51.49
Singapore,1979-01-01,70.68
Slovak Republic,1979-01-01,70.92
Slovenia,1979-01-01,70.85
Solomon Islands,1979-01-01,61.27
South Africa,1979-01-01,56.29
Spain,1979-01-01,75.05
Sri Lanka,1979-01-01,68.52
Sudan,1979-01-01,56.8
Suriname,1979-01-01,67.39
Swaziland,1979-01-01,54.62
Sweden,1979-01-01,75.52
Switzerland,1979-01-01,75.69
Syria,1979-01-01,65.44
Tajikistan,1979-01-01,64.04
Tanzania,1979-01-01,53.98
Thailand,1979-01-01,64.1
Timor-Leste,1979-01-01,41.01
Togo,1979-01-01,53.29
Tonga,1979-01-01,66.84
Trinidad and Tobago,1979-01-01,67.73
Tunisia,1979-01-01,63.36
Turkey,1979-01-01,61.03
Turkmenistan,1979-01-01,61.58
Uganda,1979-01-01,51.93
Ukraine,1979-01-01,69.36
United Arab Emirates,1979-01-01,66.43
United Kingdom,1979-01-01,73.14
United States,1979-01-01,74.03
Uruguay,1979-01-01,70.32
Uzbekistan,1979-01-01,65.94
Vanuatu,1979-01-01,56.83
Venezuela,1979-01-01,69.04
West Bank and Gaza,1979-01-01,64.96
Vietnam,1979-01-01,65.84
Yemen,1979-01-01,50.11
Zambia,1979-01-01,57.66
Zimbabwe,1979-01-01,61.82
Albania,1980-01-01,71.39
Algeria,1980-01-01,60.92
Angola,1980-01-01,46.14
Antigua and Barbuda,1980-01-01,70.59
Argentina,1980-01-01,70.2
Armenia,1980-01-01,72.72
Aruba,1980-01-01,72.29
Australia,1980-01-01,74.56
Austria,1980-01-01,72.64
Azerbaijan,1980-01-01,65.55
Bahamas,1980-01-01,66.75
Bahrain,1980-01-01,69.09
Bangladesh,1980-01-01,53.18
Barbados,1980-01-01,69.91
Belarus,1980-01-01,70.57
Belgium,1980-01-01,73.18
Belize,1980-01-01,69.78
Benin,1980-01-01,49.34
Bhutan,1980-01-01,52.12
Bolivia,1980-01-01,54.21
Bosnia and Herzegovina,1980-01-01,74.82
Botswana,1980-01-01,60.24
Brazil,1980-01-01,63.81
Brunei,1980-01-01,70.95
Bulgaria,1980-01-01,71.17
Burkina Faso,1980-01-01,47.61
Burundi,1980-01-01,45.93
Cambodia,1980-01-01,28.16
Cameroon,1980-01-01,55.06
Canada,1980-01-01,75.05
Cape Verde,1980-01-01,62.41
Central African Republic,1980-01-01,50.61
Chad,1980-01-01,50.56
Chile,1980-01-01,68.7
China,1980-01-01,63.92
Colombia,1980-01-01,68.07
Comoros,1980-01-01,53.15
"Congo, Dem. Rep.",1980-01-01,51.76
"Congo, Rep.",1980-01-01,55.45
Costa Rica,1980-01-01,73.2
Cote d'Ivoire,1980-01-01,52.87
Croatia,1980-01-01,70.56
Cuba,1980-01-01,73.84
Cyprus,1980-01-01,74.99
Czech Republic,1980-01-01,70.67
Denmark,1980-01-01,74.3
Djibouti,1980-01-01,57.1
Dominican Republic,1980-01-01,66.12
Ecuador,1980-01-01,64.82
Egypt,1980-01-01,58.85
El Salvador,1980-01-01,57.96
Equatorial Guinea,1980-01-01,44.85
Eritrea,1980-01-01,46.66
Estonia,1980-01-01,69.75
Ethiopia,1980-01-01,42.8
Fiji,1980-01-01,62.65
Finland,1980-01-01,73.71
France,1980-01-01,74.53
French Polynesia,1980-01-01,64.56
Gabon,1980-01-01,53.42
Gambia,1980-01-01,53.61
Georgia,1980-01-01,69.4
Germany,1980-01-01,73.14
Ghana,1980-01-01,53.26
Greece,1980-01-01,74.01
Greenland,1980-01-01,63.09
Grenada,1980-01-01,67.6
Guatemala,1980-01-01,59.12
Guinea,1980-01-01,42.92
Guinea-Bissau,1980-01-01,47.83
Guyana,1980-01-01,62.34
Haiti,1980-01-01,50.62
Honduras,1980-01-01,62.5
"Hong Kong, China",1980-01-01,74.93
Hungary,1980-01-01,69.18
Iceland,1980-01-01,76.92
India,1980-01-01,55.1
Indonesia,1980-01-01,59.01
Iran,1980-01-01,56.24
Iraq,1980-01-01,57.91
Ireland,1980-01-01,73.66
Israel,1980-01-01,73.47
Italy,1980-01-01,74.07
Jamaica,1980-01-01,73.82
Japan,1980-01-01,76.16
Jordan,1980-01-01,67.51
Kazakhstan,1980-01-01,66.05
Kenya,1980-01-01,59.96
Kiribati,1980-01-01,53.75
South Korea,1980-01-01,66.15
Kuwait,1980-01-01,73.58
Kyrgyz Republic,1980-01-01,62.89
Lao,1980-01-01,46.91
Latvia,1980-01-01,69.23
Lebanon,1980-01-01,67.21
Lesotho,1980-01-01,54.65
Liberia,1980-01-01,47.14
Libya,1980-01-01,68.13
Lithuania,1980-01-01,70.78
Luxembourg,1980-01-01,72.42
"Macao, China",1980-01-01,72.57
"Macedonia, FYR",1980-01-01,69.08
Madagascar,1980-01-01,53.01
Malawi,1980-01-01,45.72
Malaysia,1980-01-01,68.89
Maldives,1980-01-01,56.58
Mali,1980-01-01,42.45
Malta,1980-01-01,74.47
Mauritania,1980-01-01,55.13
Mauritius,1980-01-01,66.92
Mexico,1980-01-01,67.09
"Micronesia, Fed. Sts.",1980-01-01,63.64
Moldova,1980-01-01,65.4
Mongolia,1980-01-01,58.56
Montenegro,1980-01-01,73.16
Morocco,1980-01-01,59.93
Mozambique,1980-01-01,49.17
Namibia,1980-01-01,58.06
Nepal,1980-01-01,50.32
Netherlands,1980-01-01,75.72
New Caledonia,1980-01-01,67.09
New Zealand,1980-01-01,72.98
Nicaragua,1980-01-01,65.83
Niger,1980-01-01,42
Nigeria,1980-01-01,51.95
Norway,1980-01-01,75.8
Oman,1980-01-01,63.7
Pakistan,1980-01-01,58.79
Panama,1980-01-01,71.72
Papua New Guinea,1980-01-01,53.11
Paraguay,1980-01-01,71.73
Peru,1980-01-01,62.59
Philippines,1980-01-01,64.06
Poland,1980-01-01,70.4
Portugal,1980-01-01,71.71
Puerto Rico,1980-01-01,73.47
Qatar,1980-01-01,72.14
Romania,1980-01-01,70.1
Russia,1980-01-01,67.57
Rwanda,1980-01-01,47.46
St. Lucia,1980-01-01,68.15
St. Vincent and the Grenadines,1980-01-01,67.19
Samoa,1980-01-01,63.2
Saudi Arabia,1980-01-01,66.99
Senegal,1980-01-01,49.42
Serbia,1980-01-01,70.68
Seychelles,1980-01-01,68.4
Sierra Leone,1980-01-01,52.04
Singapore,1980-01-01,71.04
Slovak Republic,1980-01-01,70.58
Slovenia,1980-01-01,70.89
Solomon Islands,1980-01-01,61.53
South Africa,1980-01-01,56.85
Spain,1980-01-01,75.53
Sri Lanka,1980-01-01,68.97
Sudan,1980-01-01,56.95
Suriname,1980-01-01,67.71
Swaziland,1980-01-01,55.31
Sweden,1980-01-01,75.74
Switzerland,1980-01-01,75.69
Syria,1980-01-01,66.01
Tajikistan,1980-01-01,64.28
Tanzania,1980-01-01,54.29
Thailand,1980-01-01,64.62
Timor-Leste,1980-01-01,42.45
Togo,1980-01-01,53.87
Tonga,1980-01-01,67.08
Trinidad and Tobago,1980-01-01,67.89
Tunisia,1980-01-01,64.41
Turkey,1980-01-01,61.74
Turkmenistan,1980-01-01,61.9
Uganda,1980-01-01,52.01
Ukraine,1980-01-01,69.33
United Arab Emirates,1980-01-01,66.91
United Kingdom,1980-01-01,73.57
United States,1980-01-01,73.93
Uruguay,1980-01-01,70.6
Uzbekistan,1980-01-01,66.25
Vanuatu,1980-01-01,57.41
Venezuela,1980-01-01,69.3
West Bank and Gaza,1980-01-01,65.74
Vietnam,1980-01-01,66.49
Yemen,1980-01-01,51.13
Zambia,1980-01-01,57.62
Zimbabwe,1980-01-01,62.48
Albania,1981-01-01,71.63
Algeria,1981-01-01,62.31
Angola,1981-01-01,46.42
Antigua and Barbuda,1981-01-01,70.9
Argentina,1981-01-01,70.51
Armenia,1981-01-01,72.73
Aruba,1981-01-01,72.54
Australia,1981-01-01,74.92
Austria,1981-01-01,72.96
Azerbaijan,1981-01-01,65.61
Bahamas,1981-01-01,66.95
Bahrain,1981-01-01,69.47
Bangladesh,1981-01-01,53.72
Barbados,1981-01-01,70.25
Belarus,1981-01-01,70.84
Belgium,1981-01-01,73.59
Belize,1981-01-01,70.13
Benin,1981-01-01,49.84
Bhutan,1981-01-01,53.05
Bolivia,1981-01-01,55.04
Bosnia and Herzegovina,1981-01-01,75.2
Botswana,1981-01-01,60.73
Brazil,1981-01-01,64.18
Brunei,1981-01-01,71.25
Bulgaria,1981-01-01,71.56
Burkina Faso,1981-01-01,48.58
Burundi,1981-01-01,46.22
Cambodia,1981-01-01,38
Cameroon,1981-01-01,55.56
Canada,1981-01-01,75.46
Cape Verde,1981-01-01,63.19
Central African Republic,1981-01-01,50.86
Chad,1981-01-01,50.97
Chile,1981-01-01,69.36
China,1981-01-01,64.2
Colombia,1981-01-01,68.67
Comoros,1981-01-01,53.59
"Congo, Dem. Rep.",1981-01-01,52.09
"Congo, Rep.",1981-01-01,55.65
Costa Rica,1981-01-01,73.73
Cote d'Ivoire,1981-01-01,53.38
Croatia,1981-01-01,70.71
Cuba,1981-01-01,74.05
Cyprus,1981-01-01,75.19
Czech Republic,1981-01-01,71.11
Denmark,1981-01-01,74.44
Djibouti,1981-01-01,57.59
Dominican Republic,1981-01-01,66.6
Ecuador,1981-01-01,65.49
Egypt,1981-01-01,59.52
El Salvador,1981-01-01,58.13
Equatorial Guinea,1981-01-01,45.26
Eritrea,1981-01-01,46.97
Estonia,1981-01-01,69.62
Ethiopia,1981-01-01,42.87
Fiji,1981-01-01,62.92
Finland,1981-01-01,74.03
France,1981-01-01,74.69
French Polynesia,1981-01-01,65.22
Gabon,1981-01-01,54.24
Gambia,1981-01-01,54.59
Georgia,1981-01-01,69.42
Germany,1981-01-01,73.37
Ghana,1981-01-01,53.6
Greece,1981-01-01,74.33
Greenland,1981-01-01,62.71
Grenada,1981-01-01,67.86
Guatemala,1981-01-01,59.6
Guinea,1981-01-01,43.66
Guinea-Bissau,1981-01-01,48.13
Guyana,1981-01-01,62.5
Haiti,1981-01-01,50.94
Honduras,1981-01-01,63.36
"Hong Kong, China",1981-01-01,75.22
Hungary,1981-01-01,69.24
Iceland,1981-01-01,76.61
India,1981-01-01,55.51
Indonesia,1981-01-01,59.57
Iran,1981-01-01,55.62
Iraq,1981-01-01,57.52
Ireland,1981-01-01,74.04
Israel,1981-01-01,73.74
Italy,1981-01-01,74.46
Jamaica,1981-01-01,74.1
Japan,1981-01-01,76.57
Jordan,1981-01-01,68
Kazakhstan,1981-01-01,66.43
Kenya,1981-01-01,60.52
Kiribati,1981-01-01,54.17
South Korea,1981-01-01,66.66
Kuwait,1981-01-01,74
Kyrgyz Republic,1981-01-01,63.23
Lao,1981-01-01,47.17
Latvia,1981-01-01,69.18
Lebanon,1981-01-01,67.36
Lesotho,1981-01-01,55.25
Liberia,1981-01-01,47.6
Libya,1981-01-01,68.82
Lithuania,1981-01-01,70.77
Luxembourg,1981-01-01,72.22
"Macao, China",1981-01-01,72.88
"Macedonia, FYR",1981-01-01,69.21
Madagascar,1981-01-01,53.36
Malawi,1981-01-01,46.13
Malaysia,1981-01-01,69.22
Maldives,1981-01-01,57.62
Mali,1981-01-01,43.3
Malta,1981-01-01,74.74
Mauritania,1981-01-01,55.75
Mauritius,1981-01-01,67.34
Mexico,1981-01-01,67.58
"Micronesia, Fed. Sts.",1981-01-01,63.71
Moldova,1981-01-01,65.48
Mongolia,1981-01-01,58.73
Montenegro,1981-01-01,73.35
Morocco,1981-01-01,60.77
Mozambique,1981-01-01,49.4
Namibia,1981-01-01,58.54
Nepal,1981-01-01,51.06
Netherlands,1981-01-01,75.93
New Caledonia,1981-01-01,67.5
New Zealand,1981-01-01,73.77
Nicaragua,1981-01-01,66.38
Niger,1981-01-01,42.58
Nigeria,1981-01-01,52.41
Norway,1981-01-01,76
Oman,1981-01-01,64.69
Pakistan,1981-01-01,59.13
Panama,1981-01-01,72.1
Papua New Guinea,1981-01-01,53.74
Paraguay,1981-01-01,71.97
Peru,1981-01-01,63.25
Philippines,1981-01-01,64.37
Poland,1981-01-01,71.38
Portugal,1981-01-01,71.9
Puerto Rico,1981-01-01,73.56
Qatar,1981-01-01,72.45
Romania,1981-01-01,70.12
Russia,1981-01-01,67.79
Rwanda,1981-01-01,47.88
St. Lucia,1981-01-01,68.6
St. Vincent and the Grenadines,1981-01-01,67.52
Samoa,1981-01-01,63.79
Saudi Arabia,1981-01-01,67.89
Senegal,1981-01-01,50.43
Serbia,1981-01-01,70.84
Seychelles,1981-01-01,68.63
Sierra Leone,1981-01-01,52.5
Singapore,1981-01-01,71.39
Slovak Republic,1981-01-01,70.82
Slovenia,1981-01-01,70.94
Solomon Islands,1981-01-01,61.59
South Africa,1981-01-01,57.44
Spain,1981-01-01,75.67
Sri Lanka,1981-01-01,69.35
Sudan,1981-01-01,57.11
Suriname,1981-01-01,68.02
Swaziland,1981-01-01,56.02
Sweden,1981-01-01,76.04
Switzerland,1981-01-01,75.92
Syria,1981-01-01,66.56
Tajikistan,1981-01-01,64.53
Tanzania,1981-01-01,54.56
Thailand,1981-01-01,65.22
Timor-Leste,1981-01-01,44.42
Togo,1981-01-01,54.43
Tonga,1981-01-01,67.32
Trinidad and Tobago,1981-01-01,68.03
Tunisia,1981-01-01,65.4
Turkey,1981-01-01,62.45
Turkmenistan,1981-01-01,62.24
Uganda,1981-01-01,52.09
Ukraine,1981-01-01,69.36
United Arab Emirates,1981-01-01,67.36
United Kingdom,1981-01-01,73.9
United States,1981-01-01,74.36
Uruguay,1981-01-01,70.89
Uzbekistan,1981-01-01,66.59
Vanuatu,1981-01-01,57.97
Venezuela,1981-01-01,69.57
West Bank and Gaza,1981-01-01,66.48
Vietnam,1981-01-01,66.86
Yemen,1981-01-01,52.13
Zambia,1981-01-01,57.45
Zimbabwe,1981-01-01,63.13
Albania,1982-01-01,71.88
Algeria,1982-01-01,63.69
Angola,1982-01-01,46.69
Antigua and Barbuda,1982-01-01,71.22
Argentina,1982-01-01,70.78
Armenia,1982-01-01,72.64
Aruba,1982-01-01,72.75
Australia,1982-01-01,74.7
Austria,1982-01-01,73.12
Azerbaijan,1982-01-01,65.73
Bahamas,1982-01-01,67.12
Bahrain,1982-01-01,69.83
Bangladesh,1982-01-01,54.15
Barbados,1982-01-01,70.58
Belarus,1982-01-01,70.95
Belgium,1982-01-01,73.81
Belize,1982-01-01,70.47
Benin,1982-01-01,50.38
Bhutan,1982-01-01,53.96
Bolivia,1982-01-01,55.87
Bosnia and Herzegovina,1982-01-01,75.65
Botswana,1982-01-01,61.21
Brazil,1982-01-01,64.55
Brunei,1982-01-01,71.54
Bulgaria,1982-01-01,71.16
Burkina Faso,1982-01-01,49.45
Burundi,1982-01-01,46.49
Cambodia,1982-01-01,44.24
Cameroon,1982-01-01,56.03
Canada,1982-01-01,75.67
Cape Verde,1982-01-01,63.95
Central African Republic,1982-01-01,50.96
Chad,1982-01-01,51.38
Chile,1982-01-01,69.97
China,1982-01-01,65.28
Colombia,1982-01-01,69.24
Comoros,1982-01-01,54.03
"Congo, Dem. Rep.",1982-01-01,52.41
"Congo, Rep.",1982-01-01,55.81
Costa Rica,1982-01-01,74.22
Cote d'Ivoire,1982-01-01,53.87
Croatia,1982-01-01,70.89
Cuba,1982-01-01,74.22
Cyprus,1982-01-01,75.38
Czech Republic,1982-01-01,71.22
Denmark,1982-01-01,74.78
Djibouti,1982-01-01,58.08
Dominican Republic,1982-01-01,67.11
Ecuador,1982-01-01,66.17
Egypt,1982-01-01,60.21
El Salvador,1982-01-01,58.53
Equatorial Guinea,1982-01-01,45.69
Eritrea,1982-01-01,47.33
Estonia,1982-01-01,70.03
Ethiopia,1982-01-01,42.93
Fiji,1982-01-01,63.2
Finland,1982-01-01,74.6
France,1982-01-01,75.07
French Polynesia,1982-01-01,65.84
Gabon,1982-01-01,55.07
Gambia,1982-01-01,55.55
Georgia,1982-01-01,69.46
Germany,1982-01-01,73.69
Ghana,1982-01-01,53.95
Greece,1982-01-01,74.64
Greenland,1982-01-01,62.8
Grenada,1982-01-01,68.1
Guatemala,1982-01-01,60.1
Guinea,1982-01-01,44.47
Guinea-Bissau,1982-01-01,48.45
Guyana,1982-01-01,62.67
Haiti,1982-01-01,51.29
Honduras,1982-01-01,64.24
"Hong Kong, China",1982-01-01,75.5
Hungary,1982-01-01,69.47
Iceland,1982-01-01,77.26
India,1982-01-01,55.86
Indonesia,1982-01-01,60.12
Iran,1982-01-01,55.32
Iraq,1982-01-01,57.41
Ireland,1982-01-01,74.34
Israel,1982-01-01,73.99
Italy,1982-01-01,74.93
Jamaica,1982-01-01,74.34
Japan,1982-01-01,77.08
Jordan,1982-01-01,68.45
Kazakhstan,1982-01-01,66.84
Kenya,1982-01-01,61.02
Kiribati,1982-01-01,54.62
South Korea,1982-01-01,67.21
Kuwait,1982-01-01,74.41
Kyrgyz Republic,1982-01-01,63.62
Lao,1982-01-01,47.45
Latvia,1982-01-01,69.75
Lebanon,1982-01-01,67.52
Lesotho,1982-01-01,55.82
Liberia,1982-01-01,47.97
Libya,1982-01-01,69.46
Lithuania,1982-01-01,71.17
Luxembourg,1982-01-01,72.31
"Macao, China",1982-01-01,73.17
"Macedonia, FYR",1982-01-01,69.4
Madagascar,1982-01-01,53.64
Malawi,1982-01-01,46.53
Malaysia,1982-01-01,69.53
Maldives,1982-01-01,58.64
Mali,1982-01-01,44.17
Malta,1982-01-01,75.01
Mauritania,1982-01-01,56.34
Mauritius,1982-01-01,67.7
Mexico,1982-01-01,68.05
"Micronesia, Fed. Sts.",1982-01-01,63.77
Moldova,1982-01-01,65.68
Mongolia,1982-01-01,59
Montenegro,1982-01-01,73.52
Morocco,1982-01-01,61.63
Mozambique,1982-01-01,49.57
Namibia,1982-01-01,59.01
Nepal,1982-01-01,51.81
Netherlands,1982-01-01,76.01
New Caledonia,1982-01-01,67.89
New Zealand,1982-01-01,73.87
Nicaragua,1982-01-01,66.95
Niger,1982-01-01,43.13
Nigeria,1982-01-01,52.8
Norway,1982-01-01,76.13
Oman,1982-01-01,65.65
Pakistan,1982-01-01,59.45
Panama,1982-01-01,72.47
Papua New Guinea,1982-01-01,54.26
Paraguay,1982-01-01,72.19
Peru,1982-01-01,63.9
Philippines,1982-01-01,64.74
Poland,1982-01-01,71.45
Portugal,1982-01-01,72.73
Puerto Rico,1982-01-01,73.65
Qatar,1982-01-01,72.75
Romania,1982-01-01,70.11
Russia,1982-01-01,68.25
Rwanda,1982-01-01,48.32
St. Lucia,1982-01-01,68.99
St. Vincent and the Grenadines,1982-01-01,67.84
Samoa,1982-01-01,64.36
Saudi Arabia,1982-01-01,68.74
Senegal,1982-01-01,51.44
Serbia,1982-01-01,71.01
Seychelles,1982-01-01,68.83
Sierra Leone,1982-01-01,52.83
Singapore,1982-01-01,71.74
Slovak Republic,1982-01-01,70.94
Slovenia,1982-01-01,71.03
Solomon Islands,1982-01-01,61.46
South Africa,1982-01-01,58.04
Spain,1982-01-01,76.22
Sri Lanka,1982-01-01,69.64
Sudan,1982-01-01,57.27
Suriname,1982-01-01,68.31
Swaziland,1982-01-01,56.71
Sweden,1982-01-01,76.36
Switzerland,1982-01-01,76.26
Syria,1982-01-01,67.08
Tajikistan,1982-01-01,64.8
Tanzania,1982-01-01,54.82
Thailand,1982-01-01,65.91
Timor-Leste,1982-01-01,46.61
Togo,1982-01-01,54.97
Tonga,1982-01-01,67.56
Trinidad and Tobago,1982-01-01,68.16
Tunisia,1982-01-01,66.31
Turkey,1982-01-01,63.15
Turkmenistan,1982-01-01,62.57
Uganda,1982-01-01,52.14
Ukraine,1982-01-01,69.51
United Arab Emirates,1982-01-01,67.79
United Kingdom,1982-01-01,74.03
United States,1982-01-01,74.65
Uruguay,1982-01-01,71.17
Uzbekistan,1982-01-01,66.93
Vanuatu,1982-01-01,58.5
Venezuela,1982-01-01,69.85
West Bank and Gaza,1982-01-01,67.21
Vietnam,1982-01-01,67.1
Yemen,1982-01-01,53.09
Zambia,1982-01-01,57.14
Zimbabwe,1982-01-01,63.73
Albania,1983-01-01,72.15
Algeria,1983-01-01,64.97
Angola,1983-01-01,46.96
Antigua and Barbuda,1983-01-01,71.52
Argentina,1983-01-01,71.04
Armenia,1983-01-01,72.43
Aruba,1983-01-01,72.93
Australia,1983-01-01,75.51
Austria,1983-01-01,73.19
Azerbaijan,1983-01-01,65.92
Bahamas,1983-01-01,67.31
Bahrain,1983-01-01,70.16
Bangladesh,1983-01-01,54.57
Barbados,1983-01-01,70.91
Belarus,1983-01-01,70.73
Belgium,1983-01-01,73.81
Belize,1983-01-01,70.8
Benin,1983-01-01,50.97
Bhutan,1983-01-01,54.87
Bolivia,1983-01-01,56.67
Bosnia and Herzegovina,1983-01-01,76.15
Botswana,1983-01-01,61.67
Brazil,1983-01-01,64.94
Brunei,1983-01-01,71.84
Bulgaria,1983-01-01,71.33
Burkina Faso,1983-01-01,50.17
Burundi,1983-01-01,46.75
Cambodia,1983-01-01,49.43
Cameroon,1983-01-01,56.45
Canada,1983-01-01,76.04
Cape Verde,1983-01-01,64.69
Central African Republic,1983-01-01,50.95
Chad,1983-01-01,51.78
Chile,1983-01-01,70.51
China,1983-01-01,65.49
Colombia,1983-01-01,69.72
Comoros,1983-01-01,54.48
"Congo, Dem. Rep.",1983-01-01,52.72
"Congo, Rep.",1983-01-01,55.93
Costa Rica,1983-01-01,74.66
Cote d'Ivoire,1983-01-01,54.31
Croatia,1983-01-01,71.08
Cuba,1983-01-01,74.36
Cyprus,1983-01-01,75.58
Czech Republic,1983-01-01,71
Denmark,1983-01-01,74.65
Djibouti,1983-01-01,58.55
Dominican Republic,1983-01-01,67.63
Ecuador,1983-01-01,66.85
Egypt,1983-01-01,60.93
El Salvador,1983-01-01,59.19
Equatorial Guinea,1983-01-01,46.11
Eritrea,1983-01-01,47.74
Estonia,1983-01-01,69.95
Ethiopia,1983-01-01,42.5
Fiji,1983-01-01,63.46
Finland,1983-01-01,74.51
France,1983-01-01,75.06
French Polynesia,1983-01-01,66.39
Gabon,1983-01-01,55.88
Gambia,1983-01-01,56.48
Georgia,1983-01-01,69.52
Germany,1983-01-01,73.97
Ghana,1983-01-01,54.34
Greece,1983-01-01,74.94
Greenland,1983-01-01,62.89
Grenada,1983-01-01,68.35
Guatemala,1983-01-01,60.62
Guinea,1983-01-01,45.37
Guinea-Bissau,1983-01-01,48.78
Guyana,1983-01-01,62.85
Haiti,1983-01-01,51.64
Honduras,1983-01-01,65.12
"Hong Kong, China",1983-01-01,75.77
Hungary,1983-01-01,69.03
Iceland,1983-01-01,76.91
India,1983-01-01,56.19
Indonesia,1983-01-01,60.64
Iran,1983-01-01,55.49
Iraq,1983-01-01,57.68
Ireland,1983-01-01,74.4
Israel,1983-01-01,74.49
Italy,1983-01-01,74.75
Jamaica,1983-01-01,74.55
Japan,1983-01-01,77.11
Jordan,1983-01-01,68.9
Kazakhstan,1983-01-01,67.28
Kenya,1983-01-01,61.42
Kiribati,1983-01-01,55.08
South Korea,1983-01-01,67.78
Kuwait,1983-01-01,74.81
Kyrgyz Republic,1983-01-01,64.04
Lao,1983-01-01,47.76
Latvia,1983-01-01,69.51
Lebanon,1983-01-01,67.68
Lesotho,1983-01-01,56.34
Liberia,1983-01-01,48.25
Libya,1983-01-01,70.04
Lithuania,1983-01-01,71.09
Luxembourg,1983-01-01,73.19
"Macao, China",1983-01-01,73.46
"Macedonia, FYR",1983-01-01,69.63
Madagascar,1983-01-01,53.86
Malawi,1983-01-01,46.91
Malaysia,1983-01-01,69.84
Maldives,1983-01-01,59.64
Mali,1983-01-01,45.02
Malta,1983-01-01,75.28
Mauritania,1983-01-01,56.9
Mauritius,1983-01-01,67.96
Mexico,1983-01-01,68.52
"Micronesia, Fed. Sts.",1983-01-01,63.81
Moldova,1983-01-01,65.98
Mongolia,1983-01-01,59.34
Montenegro,1983-01-01,73.68
Morocco,1983-01-01,62.49
Mozambique,1983-01-01,49.72
Namibia,1983-01-01,59.45
Nepal,1983-01-01,52.57
Netherlands,1983-01-01,76.21
New Caledonia,1983-01-01,68.28
New Zealand,1983-01-01,73.97
Nicaragua,1983-01-01,67.56
Niger,1983-01-01,43.66
Nigeria,1983-01-01,53.12
Norway,1983-01-01,76.19
Oman,1983-01-01,66.59
Pakistan,1983-01-01,59.77
Panama,1983-01-01,72.8
Papua New Guinea,1983-01-01,54.65
Paraguay,1983-01-01,72.41
Peru,1983-01-01,64.55
Philippines,1983-01-01,65.13
Poland,1983-01-01,71.29
Portugal,1983-01-01,72.65
Puerto Rico,1983-01-01,73.76
Qatar,1983-01-01,73.01
Romania,1983-01-01,70.1
Russia,1983-01-01,68.01
Rwanda,1983-01-01,48.69
St. Lucia,1983-01-01,69.29
St. Vincent and the Grenadines,1983-01-01,68.15
Samoa,1983-01-01,64.94
Saudi Arabia,1983-01-01,69.54
Senegal,1983-01-01,52.47
Serbia,1983-01-01,71.19
Seychelles,1983-01-01,69.02
Sierra Leone,1983-01-01,53.06
Singapore,1983-01-01,72.11
Slovak Republic,1983-01-01,70.64
Slovenia,1983-01-01,70.74
Solomon Islands,1983-01-01,61.16
South Africa,1983-01-01,58.64
Spain,1983-01-01,76
Sri Lanka,1983-01-01,69.83
Sudan,1983-01-01,57.44
Suriname,1983-01-01,68.57
Swaziland,1983-01-01,57.38
Sweden,1983-01-01,76.6
Switzerland,1983-01-01,76.27
Syria,1983-01-01,67.58
Tajikistan,1983-01-01,65.07
Tanzania,1983-01-01,55.05
Thailand,1983-01-01,66.69
Timor-Leste,1983-01-01,48.76
Togo,1983-01-01,55.48
Tonga,1983-01-01,67.8
Trinidad and Tobago,1983-01-01,68.28
Tunisia,1983-01-01,67.13
Turkey,1983-01-01,63.82
Turkmenistan,1983-01-01,62.89
Uganda,1983-01-01,52.17
Ukraine,1983-01-01,69.48
United Arab Emirates,1983-01-01,68.2
United Kingdom,1983-01-01,74.28
United States,1983-01-01,74.71
Uruguay,1983-01-01,71.46
Uzbekistan,1983-01-01,67.27
Vanuatu,1983-01-01,58.98
Venezuela,1983-01-01,70.17
West Bank and Gaza,1983-01-01,67.92
Vietnam,1983-01-01,67.3
Yemen,1983-01-01,54.02
Zambia,1983-01-01,56.71
Zimbabwe,1983-01-01,64.23
Albania,1984-01-01,72.42
Algeria,1984-01-01,66.15
Angola,1984-01-01,47.23
Antigua and Barbuda,1984-01-01,71.82
Argentina,1984-01-01,71.26
Armenia,1984-01-01,72.1
Aruba,1984-01-01,73.07
Australia,1984-01-01,75.98
Austria,1984-01-01,73.73
Azerbaijan,1984-01-01,66.15
Bahamas,1984-01-01,67.5
Bahrain,1984-01-01,70.46
Bangladesh,1984-01-01,55
Barbados,1984-01-01,71.23
Belarus,1984-01-01,70.09
Belgium,1984-01-01,74.31
Belize,1984-01-01,71.09
Benin,1984-01-01,51.62
Bhutan,1984-01-01,55.78
Bolivia,1984-01-01,57.47
Bosnia and Herzegovina,1984-01-01,76.63
Botswana,1984-01-01,62.08
Brazil,1984-01-01,65.34
Brunei,1984-01-01,72.12
Bulgaria,1984-01-01,71.43
Burkina Faso,1984-01-01,50.71
Burundi,1984-01-01,46.95
Cambodia,1984-01-01,53.22
Cameroon,1984-01-01,56.83
Canada,1984-01-01,76.33
Cape Verde,1984-01-01,65.43
Central African Republic,1984-01-01,50.81
Chad,1984-01-01,52.15
Chile,1984-01-01,71
China,1984-01-01,65.68
Colombia,1984-01-01,70.13
Comoros,1984-01-01,54.93
"Congo, Dem. Rep.",1984-01-01,53
"Congo, Rep.",1984-01-01,55.98
Costa Rica,1984-01-01,75.04
Cote d'Ivoire,1984-01-01,54.69
Croatia,1984-01-01,71.31
Cuba,1984-01-01,74.48
Cyprus,1984-01-01,75.76
Czech Republic,1984-01-01,71.26
Denmark,1984-01-01,74.81
Djibouti,1984-01-01,58.97
Dominican Republic,1984-01-01,68.18
Ecuador,1984-01-01,67.53
Egypt,1984-01-01,61.65
El Salvador,1984-01-01,60.11
Equatorial Guinea,1984-01-01,46.52
Eritrea,1984-01-01,48.21
Estonia,1984-01-01,69.83
Ethiopia,1984-01-01,39.46
Fiji,1984-01-01,63.71
Finland,1984-01-01,74.82
France,1984-01-01,75.56
French Polynesia,1984-01-01,66.87
Gabon,1984-01-01,56.66
Gambia,1984-01-01,57.37
Georgia,1984-01-01,69.62
Germany,1984-01-01,74.44
Ghana,1984-01-01,54.76
Greece,1984-01-01,75.21
Greenland,1984-01-01,63.05
Grenada,1984-01-01,68.59
Guatemala,1984-01-01,61.16
Guinea,1984-01-01,46.32
Guinea-Bissau,1984-01-01,49.13
Guyana,1984-01-01,63.02
Haiti,1984-01-01,52.02
Honduras,1984-01-01,66.01
"Hong Kong, China",1984-01-01,76.03
Hungary,1984-01-01,69.07
Iceland,1984-01-01,77.71
India,1984-01-01,56.51
Indonesia,1984-01-01,61.16
Iran,1984-01-01,56.19
Iraq,1984-01-01,58.34
Ireland,1984-01-01,74.87
Israel,1984-01-01,74.78
Italy,1984-01-01,75.51
Jamaica,1984-01-01,74.7
Japan,1984-01-01,77.5
Jordan,1984-01-01,69.33
Kazakhstan,1984-01-01,67.7
Kenya,1984-01-01,61.74
Kiribati,1984-01-01,55.56
South Korea,1984-01-01,68.37
Kuwait,1984-01-01,75.22
Kyrgyz Republic,1984-01-01,64.45
Lao,1984-01-01,48.12
Latvia,1984-01-01,69.56
Lebanon,1984-01-01,67.87
Lesotho,1984-01-01,56.83
Liberia,1984-01-01,48.46
Libya,1984-01-01,70.58
Lithuania,1984-01-01,70.6
Luxembourg,1984-01-01,72.94
"Macao, China",1984-01-01,73.75
"Macedonia, FYR",1984-01-01,69.92
Madagascar,1984-01-01,54.03
Malawi,1984-01-01,47.26
Malaysia,1984-01-01,70.14
Maldives,1984-01-01,60.6
Mali,1984-01-01,45.86
Malta,1984-01-01,75.54
Mauritania,1984-01-01,57.41
Mauritius,1984-01-01,68.14
Mexico,1984-01-01,68.97
"Micronesia, Fed. Sts.",1984-01-01,63.86
Moldova,1984-01-01,66.38
Mongolia,1984-01-01,59.76
Montenegro,1984-01-01,73.83
Morocco,1984-01-01,63.33
Mozambique,1984-01-01,49.87
Namibia,1984-01-01,59.87
Nepal,1984-01-01,53.36
Netherlands,1984-01-01,76.28
New Caledonia,1984-01-01,68.65
New Zealand,1984-01-01,74.53
Nicaragua,1984-01-01,68.2
Niger,1984-01-01,44.15
Nigeria,1984-01-01,53.36
Norway,1984-01-01,76.36
Oman,1984-01-01,67.48
Pakistan,1984-01-01,60.09
Panama,1984-01-01,73.13
Papua New Guinea,1984-01-01,54.92
Paraguay,1984-01-01,72.64
Peru,1984-01-01,65.18
Philippines,1984-01-01,65.53
Poland,1984-01-01,71.03
Portugal,1984-01-01,72.94
Puerto Rico,1984-01-01,73.89
Qatar,1984-01-01,73.27
Romania,1984-01-01,70.08
Russia,1984-01-01,67.53
Rwanda,1984-01-01,48.88
St. Lucia,1984-01-01,69.53
St. Vincent and the Grenadines,1984-01-01,68.43
Samoa,1984-01-01,65.51
Saudi Arabia,1984-01-01,70.3
Senegal,1984-01-01,53.48
Serbia,1984-01-01,71.38
Seychelles,1984-01-01,69.17
Sierra Leone,1984-01-01,53.16
Singapore,1984-01-01,72.49
Slovak Republic,1984-01-01,70.88
Slovenia,1984-01-01,71.2
Solomon Islands,1984-01-01,60.74
South Africa,1984-01-01,59.22
Spain,1984-01-01,76.38
Sri Lanka,1984-01-01,69.93
Sudan,1984-01-01,57.61
Suriname,1984-01-01,68.79
Swaziland,1984-01-01,58
Sweden,1984-01-01,76.86
Switzerland,1984-01-01,76.87
Syria,1984-01-01,68.05
Tajikistan,1984-01-01,65.34
Tanzania,1984-01-01,55.26
Thailand,1984-01-01,67.52
Timor-Leste,1984-01-01,50.76
Togo,1984-01-01,55.96
Tonga,1984-01-01,68.04
Trinidad and Tobago,1984-01-01,68.39
Tunisia,1984-01-01,67.87
Turkey,1984-01-01,64.49
Turkmenistan,1984-01-01,63.18
Uganda,1984-01-01,52.16
Ukraine,1984-01-01,69.17
United Arab Emirates,1984-01-01,68.6
United Kingdom,1984-01-01,74.66
United States,1984-01-01,74.81
Uruguay,1984-01-01,71.72
Uzbekistan,1984-01-01,67.59
Vanuatu,1984-01-01,59.44
Venezuela,1984-01-01,70.53
West Bank and Gaza,1984-01-01,68.59
Vietnam,1984-01-01,67.51
Yemen,1984-01-01,54.89
Zambia,1984-01-01,56.17
Zimbabwe,1984-01-01,64.63
Albania,1985-01-01,72.71
Algeria,1985-01-01,67.18
Angola,1985-01-01,47.5
Antigua and Barbuda,1985-01-01,72.13
Argentina,1985-01-01,71.46
Armenia,1985-01-01,71.7
Aruba,1985-01-01,73.18
Australia,1985-01-01,75.41
Austria,1985-01-01,73.95
Azerbaijan,1985-01-01,66.37
Bahamas,1985-01-01,67.67
Bahrain,1985-01-01,70.73
Bangladesh,1985-01-01,55.47
Barbados,1985-01-01,71.54
Belarus,1985-01-01,70.28
Belgium,1985-01-01,74.41
Belize,1985-01-01,71.34
Benin,1985-01-01,52.33
Bhutan,1985-01-01,56.69
Bolivia,1985-01-01,58.22
Bosnia and Herzegovina,1985-01-01,76.95
Botswana,1985-01-01,62.44
Brazil,1985-01-01,65.76
Brunei,1985-01-01,72.41
Bulgaria,1985-01-01,71.15
Burkina Faso,1985-01-01,51.08
Burundi,1985-01-01,47.08
Cambodia,1985-01-01,55.5
Cameroon,1985-01-01,57.17
Canada,1985-01-01,76.31
Cape Verde,1985-01-01,66.12
Central African Republic,1985-01-01,50.57
Chad,1985-01-01,52.51
Chile,1985-01-01,71.42
China,1985-01-01,65.87
Colombia,1985-01-01,70.48
Comoros,1985-01-01,55.36
"Congo, Dem. Rep.",1985-01-01,53.28
"Congo, Rep.",1985-01-01,55.94
Costa Rica,1985-01-01,75.37
Cote d'Ivoire,1985-01-01,55.02
Croatia,1985-01-01,71.54
Cuba,1985-01-01,74.57
Cyprus,1985-01-01,75.95
Czech Republic,1985-01-01,71.48
Denmark,1985-01-01,74.68
Djibouti,1985-01-01,59.38
Dominican Republic,1985-01-01,68.75
Ecuador,1985-01-01,68.18
Egypt,1985-01-01,62.38
El Salvador,1985-01-01,61.24
Equatorial Guinea,1985-01-01,46.92
Eritrea,1985-01-01,48.77
Estonia,1985-01-01,69.97
Ethiopia,1985-01-01,35.43
Fiji,1985-01-01,63.96
Finland,1985-01-01,74.49
France,1985-01-01,75.67
French Polynesia,1985-01-01,67.27
Gabon,1985-01-01,57.4
Gambia,1985-01-01,58.21
Georgia,1985-01-01,69.75
Germany,1985-01-01,74.55
Ghana,1985-01-01,55.23
Greece,1985-01-01,75.47
Greenland,1985-01-01,63.42
Grenada,1985-01-01,68.83
Guatemala,1985-01-01,61.72
Guinea,1985-01-01,47.33
Guinea-Bissau,1985-01-01,49.49
Guyana,1985-01-01,63.21
Haiti,1985-01-01,52.42
Honduras,1985-01-01,66.86
"Hong Kong, China",1985-01-01,76.28
Hungary,1985-01-01,69.01
Iceland,1985-01-01,77.85
India,1985-01-01,56.81
Indonesia,1985-01-01,61.66
Iran,1985-01-01,57.39
Iraq,1985-01-01,59.36
Ireland,1985-01-01,74.84
Israel,1985-01-01,75.1
Italy,1985-01-01,75.62
Jamaica,1985-01-01,74.79
Japan,1985-01-01,77.8
Jordan,1985-01-01,69.75
Kazakhstan,1985-01-01,68.07
Kenya,1985-01-01,61.96
Kiribati,1985-01-01,56.04
South Korea,1985-01-01,68.98
Kuwait,1985-01-01,75.59
Kyrgyz Republic,1985-01-01,64.86
Lao,1985-01-01,48.54
Latvia,1985-01-01,69.72
Lebanon,1985-01-01,68.07
Lesotho,1985-01-01,57.31
Liberia,1985-01-01,48.58
Libya,1985-01-01,71.09
Lithuania,1985-01-01,70.78
Luxembourg,1985-01-01,73.51
"Macao, China",1985-01-01,74.03
"Macedonia, FYR",1985-01-01,70.26
Madagascar,1985-01-01,54.19
Malawi,1985-01-01,47.6
Malaysia,1985-01-01,70.45
Maldives,1985-01-01,61.51
Mali,1985-01-01,46.68
Malta,1985-01-01,75.81
Mauritania,1985-01-01,57.86
Mauritius,1985-01-01,68.26
Mexico,1985-01-01,69.4
"Micronesia, Fed. Sts.",1985-01-01,63.92
Moldova,1985-01-01,66.83
Mongolia,1985-01-01,60.22
Montenegro,1985-01-01,73.96
Morocco,1985-01-01,64.14
Mozambique,1985-01-01,50.02
Namibia,1985-01-01,60.27
Nepal,1985-01-01,54.17
Netherlands,1985-01-01,76.34
New Caledonia,1985-01-01,69.02
New Zealand,1985-01-01,74.03
Nicaragua,1985-01-01,68.89
Niger,1985-01-01,44.63
Nigeria,1985-01-01,53.54
Norway,1985-01-01,76.07
Oman,1985-01-01,68.35
Pakistan,1985-01-01,60.43
Panama,1985-01-01,73.45
Papua New Guinea,1985-01-01,55.08
Paraguay,1985-01-01,72.87
Peru,1985-01-01,65.8
Philippines,1985-01-01,65.95
Poland,1985-01-01,70.78
Portugal,1985-01-01,73.22
Puerto Rico,1985-01-01,74
Qatar,1985-01-01,73.51
Romania,1985-01-01,70.05
Russia,1985-01-01,68.19
Rwanda,1985-01-01,49.15
St. Lucia,1985-01-01,69.7
St. Vincent and the Grenadines,1985-01-01,68.68
Samoa,1985-01-01,66.1
Saudi Arabia,1985-01-01,71.01
Senegal,1985-01-01,54.45
Serbia,1985-01-01,71.58
Seychelles,1985-01-01,69.3
Sierra Leone,1985-01-01,53.14
Singapore,1985-01-01,72.87
Slovak Republic,1985-01-01,70.89
Slovenia,1985-01-01,71.63
Solomon Islands,1985-01-01,60.26
South Africa,1985-01-01,59.78
Spain,1985-01-01,76.34
Sri Lanka,1985-01-01,69.97
Sudan,1985-01-01,57.81
Suriname,1985-01-01,68.98
Swaziland,1985-01-01,58.6
Sweden,1985-01-01,76.72
Switzerland,1985-01-01,76.99
Syria,1985-01-01,68.51
Tajikistan,1985-01-01,65.55
Tanzania,1985-01-01,55.44
Thailand,1985-01-01,68.36
Timor-Leste,1985-01-01,52.51
Togo,1985-01-01,56.39
Tonga,1985-01-01,68.27
Trinidad and Tobago,1985-01-01,68.5
Tunisia,1985-01-01,68.56
Turkey,1985-01-01,65.15
Turkmenistan,1985-01-01,63.44
Uganda,1985-01-01,52.09
Ukraine,1985-01-01,69.47
United Arab Emirates,1985-01-01,68.98
United Kingdom,1985-01-01,74.51
United States,1985-01-01,74.79
Uruguay,1985-01-01,71.97
Uzbekistan,1985-01-01,67.85
Vanuatu,1985-01-01,59.87
Venezuela,1985-01-01,70.89
West Bank and Gaza,1985-01-01,69.23
Vietnam,1985-01-01,67.77
Yemen,1985-01-01,55.69
Zambia,1985-01-01,55.54
Zimbabwe,1985-01-01,64.86
Albania,1986-01-01,72.96
Algeria,1986-01-01,68.04
Angola,1986-01-01,47.75
Antigua and Barbuda,1986-01-01,72.42
Argentina,1986-01-01,71.66
Armenia,1986-01-01,71.24
Aruba,1986-01-01,73.26
Australia,1986-01-01,76.08
Austria,1986-01-01,74.43
Azerbaijan,1986-01-01,66.48
Bahamas,1986-01-01,67.86
Bahrain,1986-01-01,70.98
Bangladesh,1986-01-01,55.96
Barbados,1986-01-01,71.85
Belarus,1986-01-01,71.66
Belgium,1986-01-01,74.61
Belize,1986-01-01,71.51
Benin,1986-01-01,53.09
Bhutan,1986-01-01,57.61
Bolivia,1986-01-01,58.96
Bosnia and Herzegovina,1986-01-01,76.89
Botswana,1986-01-01,62.7
Brazil,1986-01-01,66.18
Brunei,1986-01-01,72.69
Bulgaria,1986-01-01,71.63
Burkina Faso,1986-01-01,51.28
Burundi,1986-01-01,47.05
Cambodia,1986-01-01,56.49
Cameroon,1986-01-01,57.48
Canada,1986-01-01,76.46
Cape Verde,1986-01-01,66.75
Central African Republic,1986-01-01,50.21
Chad,1986-01-01,52.81
Chile,1986-01-01,71.8
China,1986-01-01,66.05
Colombia,1986-01-01,70.74
Comoros,1986-01-01,55.77
"Congo, Dem. Rep.",1986-01-01,53.55
"Congo, Rep.",1986-01-01,55.79
Costa Rica,1986-01-01,75.66
Cote d'Ivoire,1986-01-01,55.26
Croatia,1986-01-01,71.78
Cuba,1986-01-01,74.62
Cyprus,1986-01-01,76.12
Czech Republic,1986-01-01,71.42
Denmark,1986-01-01,74.86
Djibouti,1986-01-01,59.74
Dominican Republic,1986-01-01,69.34
Ecuador,1986-01-01,68.83
Egypt,1986-01-01,63.07
El Salvador,1986-01-01,62.54
Equatorial Guinea,1986-01-01,47.33
Eritrea,1986-01-01,49.38
Estonia,1986-01-01,71.11
Ethiopia,1986-01-01,41.39
Fiji,1986-01-01,64.2
Finland,1986-01-01,74.86
France,1986-01-01,75.95
French Polynesia,1986-01-01,67.59
Gabon,1986-01-01,58.04
Gambia,1986-01-01,58.97
Georgia,1986-01-01,69.86
Germany,1986-01-01,74.75
Ghana,1986-01-01,55.75
Greece,1986-01-01,75.73
Greenland,1986-01-01,63.81
Grenada,1986-01-01,69.06
Guatemala,1986-01-01,62.28
Guinea,1986-01-01,48.35
Guinea-Bissau,1986-01-01,49.87
Guyana,1986-01-01,63.41
Haiti,1986-01-01,52.81
Honduras,1986-01-01,67.67
"Hong Kong, China",1986-01-01,76.53
Hungary,1986-01-01,69.22
Iceland,1986-01-01,78.38
India,1986-01-01,57.11
Indonesia,1986-01-01,62.15
Iran,1986-01-01,59.01
Iraq,1986-01-01,60.65
Ireland,1986-01-01,74.93
Israel,1986-01-01,74.92
Italy,1986-01-01,75.94
Jamaica,1986-01-01,74.84
Japan,1986-01-01,78.22
Jordan,1986-01-01,70.15
Kazakhstan,1986-01-01,68.34
Kenya,1986-01-01,62.09
Kiribati,1986-01-01,56.5
South Korea,1986-01-01,69.58
Kuwait,1986-01-01,75.95
Kyrgyz Republic,1986-01-01,65.23
Lao,1986-01-01,49.02
Latvia,1986-01-01,71.09
Lebanon,1986-01-01,68.29
Lesotho,1986-01-01,57.88
Liberia,1986-01-01,48.62
Libya,1986-01-01,71.56
Lithuania,1986-01-01,72.45
Luxembourg,1986-01-01,74.44
"Macao, China",1986-01-01,74.31
"Macedonia, FYR",1986-01-01,70.6
Madagascar,1986-01-01,54.38
Malawi,1986-01-01,47.9
Malaysia,1986-01-01,70.73
Maldives,1986-01-01,62.41
Mali,1986-01-01,47.45
Malta,1986-01-01,76.08
Mauritania,1986-01-01,58.28
Mauritius,1986-01-01,68.38
Mexico,1986-01-01,69.84
"Micronesia, Fed. Sts.",1986-01-01,63.99
Moldova,1986-01-01,67.29
Mongolia,1986-01-01,60.71
Montenegro,1986-01-01,74.08
Morocco,1986-01-01,64.91
Mozambique,1986-01-01,50.21
Namibia,1986-01-01,60.65
Nepal,1986-01-01,54.98
Netherlands,1986-01-01,76.31
New Caledonia,1986-01-01,69.37
New Zealand,1986-01-01,74.28
Nicaragua,1986-01-01,69.67
Niger,1986-01-01,45.09
Nigeria,1986-01-01,53.67
Norway,1986-01-01,76.21
Oman,1986-01-01,69.17
Pakistan,1986-01-01,60.77
Panama,1986-01-01,73.76
Papua New Guinea,1986-01-01,55.19
Paraguay,1986-01-01,73.11
Peru,1986-01-01,66.41
Philippines,1986-01-01,66.35
Poland,1986-01-01,71.07
Portugal,1986-01-01,73.61
Puerto Rico,1986-01-01,74.07
Qatar,1986-01-01,73.74
Romania,1986-01-01,70.02
Russia,1986-01-01,69.8
Rwanda,1986-01-01,49.42
St. Lucia,1986-01-01,69.83
St. Vincent and the Grenadines,1986-01-01,68.92
Samoa,1986-01-01,66.67
Saudi Arabia,1986-01-01,71.66
Senegal,1986-01-01,55.36
Serbia,1986-01-01,71.78
Seychelles,1986-01-01,69.36
Sierra Leone,1986-01-01,52.98
Singapore,1986-01-01,73.27
Slovak Republic,1986-01-01,71.07
Slovenia,1986-01-01,72.17
Solomon Islands,1986-01-01,59.84
South Africa,1986-01-01,60.32
Spain,1986-01-01,76.59
Sri Lanka,1986-01-01,70
Sudan,1986-01-01,58.01
Suriname,1986-01-01,69.15
Swaziland,1986-01-01,59.15
Sweden,1986-01-01,76.98
Switzerland,1986-01-01,77.17
Syria,1986-01-01,68.94
Tajikistan,1986-01-01,65.69
Tanzania,1986-01-01,55.54
Thailand,1986-01-01,69.15
Timor-Leste,1986-01-01,53.99
Togo,1986-01-01,56.79
Tonga,1986-01-01,68.48
Trinidad and Tobago,1986-01-01,68.62
Tunisia,1986-01-01,69.2
Turkey,1986-01-01,65.76
Turkmenistan,1986-01-01,63.63
Uganda,1986-01-01,51.94
Ukraine,1986-01-01,70.82
United Arab Emirates,1986-01-01,69.34
United Kingdom,1986-01-01,74.78
United States,1986-01-01,74.87
Uruguay,1986-01-01,72.2
Uzbekistan,1986-01-01,68.02
Vanuatu,1986-01-01,60.27
Venezuela,1986-01-01,71.27
West Bank and Gaza,1986-01-01,69.82
Vietnam,1986-01-01,68.07
Yemen,1986-01-01,56.4
Zambia,1986-01-01,54.85
Zimbabwe,1986-01-01,64.9
Albania,1987-01-01,73.14
Algeria,1987-01-01,68.75
Angola,1987-01-01,47.99
Antigua and Barbuda,1987-01-01,72.7
Argentina,1987-01-01,71.84
Armenia,1987-01-01,70.82
Aruba,1987-01-01,73.33
Australia,1987-01-01,76.27
Austria,1987-01-01,74.86
Azerbaijan,1987-01-01,66.46
Bahamas,1987-01-01,68.02
Bahrain,1987-01-01,71.2
Bangladesh,1987-01-01,56.46
Barbados,1987-01-01,72.14
Belarus,1987-01-01,71.55
Belgium,1987-01-01,75.22
Belize,1987-01-01,71.6
Benin,1987-01-01,53.89
Bhutan,1987-01-01,58.54
Bolivia,1987-01-01,59.65
Bosnia and Herzegovina,1987-01-01,76.37
Botswana,1987-01-01,62.85
Brazil,1987-01-01,66.6
Brunei,1987-01-01,72.98
Bulgaria,1987-01-01,71.42
Burkina Faso,1987-01-01,51.38
Burundi,1987-01-01,46.88
Cambodia,1987-01-01,56.82
Cameroon,1987-01-01,57.75
Canada,1987-01-01,76.76
Cape Verde,1987-01-01,67.33
Central African Republic,1987-01-01,49.8
Chad,1987-01-01,53.09
Chile,1987-01-01,72.14
China,1987-01-01,66.23
Colombia,1987-01-01,70.96
Comoros,1987-01-01,56.15
"Congo, Dem. Rep.",1987-01-01,53.81
"Congo, Rep.",1987-01-01,55.54
Costa Rica,1987-01-01,75.9
Cote d'Ivoire,1987-01-01,55.43
Croatia,1987-01-01,72
Cuba,1987-01-01,74.65
Cyprus,1987-01-01,76.3
Czech Republic,1987-01-01,71.87
Denmark,1987-01-01,74.97
Djibouti,1987-01-01,60.09
Dominican Republic,1987-01-01,69.96
Ecuador,1987-01-01,69.46
Egypt,1987-01-01,63.7
El Salvador,1987-01-01,63.91
Equatorial Guinea,1987-01-01,47.73
Eritrea,1987-01-01,50.06
Estonia,1987-01-01,71.13
Ethiopia,1987-01-01,43.95
Fiji,1987-01-01,64.43
Finland,1987-01-01,74.89
France,1987-01-01,76.55
French Polynesia,1987-01-01,67.88
Gabon,1987-01-01,58.58
Gambia,1987-01-01,59.65
Georgia,1987-01-01,69.94
Germany,1987-01-01,75.15
Ghana,1987-01-01,56.31
Greece,1987-01-01,76.01
Greenland,1987-01-01,64.22
Grenada,1987-01-01,69.28
Guatemala,1987-01-01,62.86
Guinea,1987-01-01,49.37
Guinea-Bissau,1987-01-01,50.26
Guyana,1987-01-01,63.61
Haiti,1987-01-01,53.21
Honduras,1987-01-01,68.42
"Hong Kong, China",1987-01-01,76.78
Hungary,1987-01-01,69.69
Iceland,1987-01-01,77.53
India,1987-01-01,57.39
Indonesia,1987-01-01,62.63
Iran,1987-01-01,60.83
Iraq,1987-01-01,62.05
Ireland,1987-01-01,75.76
Israel,1987-01-01,75.29
Italy,1987-01-01,76.36
Jamaica,1987-01-01,74.85
Japan,1987-01-01,78.63
Jordan,1987-01-01,70.52
Kazakhstan,1987-01-01,68.48
Kenya,1987-01-01,62.13
Kiribati,1987-01-01,56.93
South Korea,1987-01-01,70.18
Kuwait,1987-01-01,76.29
Kyrgyz Republic,1987-01-01,65.54
Lao,1987-01-01,49.56
Latvia,1987-01-01,71.14
Lebanon,1987-01-01,68.53
Lesotho,1987-01-01,58.51
Liberia,1987-01-01,48.59
Libya,1987-01-01,72.03
Lithuania,1987-01-01,72.26
Luxembourg,1987-01-01,73.97
"Macao, China",1987-01-01,74.58
"Macedonia, FYR",1987-01-01,70.93
Madagascar,1987-01-01,54.63
Malawi,1987-01-01,48.17
Malaysia,1987-01-01,71.01
Maldives,1987-01-01,63.3
Mali,1987-01-01,48.18
Malta,1987-01-01,76.33
Mauritania,1987-01-01,58.64
Mauritius,1987-01-01,68.53
Mexico,1987-01-01,70.26
"Micronesia, Fed. Sts.",1987-01-01,64.07
Moldova,1987-01-01,67.69
Mongolia,1987-01-01,61.18
Montenegro,1987-01-01,74.21
Morocco,1987-01-01,65.66
Mozambique,1987-01-01,50.45
Namibia,1987-01-01,61
Nepal,1987-01-01,55.83
Netherlands,1987-01-01,76.78
New Caledonia,1987-01-01,69.72
New Zealand,1987-01-01,74.36
Nicaragua,1987-01-01,70.51
Niger,1987-01-01,45.57
Nigeria,1987-01-01,53.78
Norway,1987-01-01,76.07
Oman,1987-01-01,69.95
Pakistan,1987-01-01,61.11
Panama,1987-01-01,74.06
Papua New Guinea,1987-01-01,55.3
Paraguay,1987-01-01,73.36
Peru,1987-01-01,66.99
Philippines,1987-01-01,66.72
Poland,1987-01-01,71.12
Portugal,1987-01-01,74
Puerto Rico,1987-01-01,74.08
Qatar,1987-01-01,73.94
Romania,1987-01-01,70
Russia,1987-01-01,69.81
Rwanda,1987-01-01,49.69
St. Lucia,1987-01-01,69.93
St. Vincent and the Grenadines,1987-01-01,69.14
Samoa,1987-01-01,67.27
Saudi Arabia,1987-01-01,72.28
Senegal,1987-01-01,56.17
Serbia,1987-01-01,71.99
Seychelles,1987-01-01,69.37
Sierra Leone,1987-01-01,52.72
Singapore,1987-01-01,73.68
Slovak Republic,1987-01-01,71.24
Slovenia,1987-01-01,72.1
Solomon Islands,1987-01-01,59.58
South Africa,1987-01-01,60.83
Spain,1987-01-01,76.82
Sri Lanka,1987-01-01,70.05
Sudan,1987-01-01,58.23
Suriname,1987-01-01,69.29
Swaziland,1987-01-01,59.67
Sweden,1987-01-01,77.12
Switzerland,1987-01-01,77.47
Syria,1987-01-01,69.35
Tajikistan,1987-01-01,65.73
Tanzania,1987-01-01,55.58
Thailand,1987-01-01,69.84
Timor-Leste,1987-01-01,55.26
Togo,1987-01-01,57.14
Tonga,1987-01-01,68.67
Trinidad and Tobago,1987-01-01,68.74
Tunisia,1987-01-01,69.83
Turkey,1987-01-01,66.37
Turkmenistan,1987-01-01,63.77
Uganda,1987-01-01,51.72
Ukraine,1987-01-01,70.61
United Arab Emirates,1987-01-01,69.68
United Kingdom,1987-01-01,75.12
United States,1987-01-01,75.01
Uruguay,1987-01-01,72.41
Uzbekistan,1987-01-01,68.09
Vanuatu,1987-01-01,60.67
Venezuela,1987-01-01,71.63
West Bank and Gaza,1987-01-01,70.38
Vietnam,1987-01-01,68.38
Yemen,1987-01-01,57.04
Zambia,1987-01-01,54.09
Zimbabwe,1987-01-01,64.74
Albania,1988-01-01,73.25
Algeria,1988-01-01,69.33
Angola,1988-01-01,48.2
Antigua and Barbuda,1988-01-01,72.97
Argentina,1988-01-01,72.05
Armenia,1988-01-01,70.46
Aruba,1988-01-01,73.38
Australia,1988-01-01,76.3
Austria,1988-01-01,75.34
Azerbaijan,1988-01-01,66.28
Bahamas,1988-01-01,68.2
Bahrain,1988-01-01,71.41
Bangladesh,1988-01-01,56.94
Barbados,1988-01-01,72.43
Belarus,1988-01-01,71.28
Belgium,1988-01-01,75.53
Belize,1988-01-01,71.61
Benin,1988-01-01,54.67
Bhutan,1988-01-01,59.48
Bolivia,1988-01-01,60.33
Bosnia and Herzegovina,1988-01-01,75.39
Botswana,1988-01-01,62.85
Brazil,1988-01-01,67.04
Brunei,1988-01-01,73.26
Bulgaria,1988-01-01,71.49
Burkina Faso,1988-01-01,51.42
Burundi,1988-01-01,46.54
Cambodia,1988-01-01,56.99
Cameroon,1988-01-01,58.01
Canada,1988-01-01,76.82
Cape Verde,1988-01-01,67.85
Central African Republic,1988-01-01,49.34
Chad,1988-01-01,53.33
Chile,1988-01-01,72.47
China,1988-01-01,66.39
Colombia,1988-01-01,71.14
Comoros,1988-01-01,56.5
"Congo, Dem. Rep.",1988-01-01,54.07
"Congo, Rep.",1988-01-01,55.21
Costa Rica,1988-01-01,76.14
Cote d'Ivoire,1988-01-01,55.5
Croatia,1988-01-01,72.22
Cuba,1988-01-01,74.67
Cyprus,1988-01-01,76.47
Czech Republic,1988-01-01,72.08
Denmark,1988-01-01,75.06
Djibouti,1988-01-01,60.42
Dominican Republic,1988-01-01,70.58
Ecuador,1988-01-01,70.06
Egypt,1988-01-01,64.27
El Salvador,1988-01-01,65.28
Equatorial Guinea,1988-01-01,48.14
Eritrea,1988-01-01,50.8
Estonia,1988-01-01,71.17
Ethiopia,1988-01-01,44.4
Fiji,1988-01-01,64.66
Finland,1988-01-01,74.85
France,1988-01-01,76.78
French Polynesia,1988-01-01,68.15
Gabon,1988-01-01,59
Gambia,1988-01-01,60.26
Georgia,1988-01-01,69.96
Germany,1988-01-01,75.33
Ghana,1988-01-01,56.89
Greece,1988-01-01,76.32
Greenland,1988-01-01,64.14
Grenada,1988-01-01,69.5
Guatemala,1988-01-01,63.45
Guinea,1988-01-01,50.33
Guinea-Bissau,1988-01-01,50.67
Guyana,1988-01-01,63.8
Haiti,1988-01-01,53.59
Honduras,1988-01-01,69.11
"Hong Kong, China",1988-01-01,77.02
Hungary,1988-01-01,70.09
Iceland,1988-01-01,77.39
India,1988-01-01,57.65
Indonesia,1988-01-01,63.1
Iran,1988-01-01,62.67
Iraq,1988-01-01,63.41
Ireland,1988-01-01,75.82
Israel,1988-01-01,75.65
Italy,1988-01-01,76.54
Jamaica,1988-01-01,74.85
Japan,1988-01-01,78.54
Jordan,1988-01-01,70.87
Kazakhstan,1988-01-01,68.47
Kenya,1988-01-01,62.1
Kiribati,1988-01-01,57.33
South Korea,1988-01-01,70.75
Kuwait,1988-01-01,76.62
Kyrgyz Republic,1988-01-01,65.77
Lao,1988-01-01,50.16
Latvia,1988-01-01,71.05
Lebanon,1988-01-01,68.78
Lesotho,1988-01-01,59.21
Liberia,1988-01-01,48.55
Libya,1988-01-01,72.48
Lithuania,1988-01-01,72.1
Luxembourg,1988-01-01,74.57
"Macao, China",1988-01-01,74.84
"Macedonia, FYR",1988-01-01,71.23
Madagascar,1988-01-01,54.98
Malawi,1988-01-01,48.42
Malaysia,1988-01-01,71.28
Maldives,1988-01-01,64.19
Mali,1988-01-01,48.86
Malta,1988-01-01,76.59
Mauritania,1988-01-01,58.96
Mauritius,1988-01-01,68.74
Mexico,1988-01-01,70.67
"Micronesia, Fed. Sts.",1988-01-01,64.15
Moldova,1988-01-01,67.98
Mongolia,1988-01-01,61.61
Montenegro,1988-01-01,74.35
Morocco,1988-01-01,66.38
Mozambique,1988-01-01,50.74
Namibia,1988-01-01,61.3
Nepal,1988-01-01,56.68
Netherlands,1988-01-01,76.98
New Caledonia,1988-01-01,70.05
New Zealand,1988-01-01,74.64
Nicaragua,1988-01-01,71.4
Niger,1988-01-01,46.07
Nigeria,1988-01-01,53.88
Norway,1988-01-01,76.17
Oman,1988-01-01,70.7
Pakistan,1988-01-01,61.45
Panama,1988-01-01,74.34
Papua New Guinea,1988-01-01,55.47
Paraguay,1988-01-01,73.62
Peru,1988-01-01,67.57
Philippines,1988-01-01,67.05
Poland,1988-01-01,71.49
Portugal,1988-01-01,74.02
Puerto Rico,1988-01-01,74.04
Qatar,1988-01-01,74.14
Romania,1988-01-01,69.98
Russia,1988-01-01,69.66
Rwanda,1988-01-01,49.96
St. Lucia,1988-01-01,70.03
St. Vincent and the Grenadines,1988-01-01,69.34
Samoa,1988-01-01,67.87
Saudi Arabia,1988-01-01,72.85
Senegal,1988-01-01,56.86
Serbia,1988-01-01,72.17
Seychelles,1988-01-01,69.31
Sierra Leone,1988-01-01,52.36
Singapore,1988-01-01,74.1
Slovak Republic,1988-01-01,71.32
Slovenia,1988-01-01,72.75
Solomon Islands,1988-01-01,59.52
South Africa,1988-01-01,61.29
Spain,1988-01-01,76.82
Sri Lanka,1988-01-01,70.16
Sudan,1988-01-01,58.44
Suriname,1988-01-01,69.43
Swaziland,1988-01-01,60.13
Sweden,1988-01-01,77.01
Switzerland,1988-01-01,77.49
Syria,1988-01-01,69.75
Tajikistan,1988-01-01,65.67
Tanzania,1988-01-01,55.51
Thailand,1988-01-01,70.38
Timor-Leste,1988-01-01,56.41
Togo,1988-01-01,57.42
Tonga,1988-01-01,68.83
Trinidad and Tobago,1988-01-01,68.87
Tunisia,1988-01-01,70.48
Turkey,1988-01-01,66.96
Turkmenistan,1988-01-01,63.85
Uganda,1988-01-01,51.42
Ukraine,1988-01-01,70.49
United Arab Emirates,1988-01-01,70
United Kingdom,1988-01-01,75.23
United States,1988-01-01,75.02
Uruguay,1988-01-01,72.61
Uzbekistan,1988-01-01,68.06
Vanuatu,1988-01-01,61.07
Venezuela,1988-01-01,71.95
West Bank and Gaza,1988-01-01,70.88
Vietnam,1988-01-01,68.68
Yemen,1988-01-01,57.6
Zambia,1988-01-01,53.33
Zimbabwe,1988-01-01,64.39
Albania,1989-01-01,73.3
Algeria,1989-01-01,69.81
Angola,1989-01-01,48.4
Antigua and Barbuda,1989-01-01,73.24
Argentina,1989-01-01,72.26
Armenia,1989-01-01,70.22
Aruba,1989-01-01,73.43
Australia,1989-01-01,76.4
Austria,1989-01-01,75.43
Azerbaijan,1989-01-01,65.98
Bahamas,1989-01-01,68.35
Bahrain,1989-01-01,71.61
Bangladesh,1989-01-01,57.42
Barbados,1989-01-01,72.72
Belarus,1989-01-01,71.05
Belgium,1989-01-01,75.59
Belize,1989-01-01,71.54
Benin,1989-01-01,55.42
Bhutan,1989-01-01,60.44
Bolivia,1989-01-01,60.98
Bosnia and Herzegovina,1989-01-01,74.07
Botswana,1989-01-01,62.69
Brazil,1989-01-01,67.47
Brunei,1989-01-01,73.54
Bulgaria,1989-01-01,71.55
Burkina Faso,1989-01-01,51.42
Burundi,1989-01-01,46.1
Cambodia,1989-01-01,57.22
Cameroon,1989-01-01,58.22
Canada,1989-01-01,77.09
Cape Verde,1989-01-01,68.3
Central African Republic,1989-01-01,48.86
Chad,1989-01-01,53.52
Chile,1989-01-01,72.79
China,1989-01-01,66.56
Colombia,1989-01-01,71.32
Comoros,1989-01-01,56.81
"Congo, Dem. Rep.",1989-01-01,54.31
"Congo, Rep.",1989-01-01,54.78
Costa Rica,1989-01-01,76.37
Cote d'Ivoire,1989-01-01,55.46
Croatia,1989-01-01,72.4
Cuba,1989-01-01,74.67
Cyprus,1989-01-01,76.64
Czech Republic,1989-01-01,72.13
Denmark,1989-01-01,75.1
Djibouti,1989-01-01,60.72
Dominican Republic,1989-01-01,71.2
Ecuador,1989-01-01,70.64
Egypt,1989-01-01,64.76
El Salvador,1989-01-01,66.55
Equatorial Guinea,1989-01-01,48.52
Eritrea,1989-01-01,51.58
Estonia,1989-01-01,70.73
Ethiopia,1989-01-01,44.82
Fiji,1989-01-01,64.88
Finland,1989-01-01,75.07
France,1989-01-01,76.91
French Polynesia,1989-01-01,68.42
Gabon,1989-01-01,59.32
Gambia,1989-01-01,60.81
Georgia,1989-01-01,69.95
Germany,1989-01-01,75.51
Ghana,1989-01-01,57.47
Greece,1989-01-01,76.66
Greenland,1989-01-01,64.22
Grenada,1989-01-01,69.7
Guatemala,1989-01-01,64.02
Guinea,1989-01-01,51.22
Guinea-Bissau,1989-01-01,51.09
Guyana,1989-01-01,64.01
Haiti,1989-01-01,53.95
Honduras,1989-01-01,69.73
"Hong Kong, China",1989-01-01,77.27
Hungary,1989-01-01,69.53
Iceland,1989-01-01,78.46
India,1989-01-01,57.93
Indonesia,1989-01-01,63.55
Iran,1989-01-01,64.43
Iraq,1989-01-01,64.65
Ireland,1989-01-01,75.87
Israel,1989-01-01,76.24
Italy,1989-01-01,76.94
Jamaica,1989-01-01,74.83
Japan,1989-01-01,78.97
Jordan,1989-01-01,71.2
Kazakhstan,1989-01-01,68.31
Kenya,1989-01-01,62
Kiribati,1989-01-01,57.68
South Korea,1989-01-01,71.29
Kuwait,1989-01-01,76.92
Kyrgyz Republic,1989-01-01,65.93
Lao,1989-01-01,50.8
Latvia,1989-01-01,70.55
Lebanon,1989-01-01,69.03
Lesotho,1989-01-01,59.92
Liberia,1989-01-01,48.53
Libya,1989-01-01,72.94
Lithuania,1989-01-01,71.79
Luxembourg,1989-01-01,74.49
"Macao, China",1989-01-01,75.1
"Macedonia, FYR",1989-01-01,71.48
Madagascar,1989-01-01,55.43
Malawi,1989-01-01,48.64
Malaysia,1989-01-01,71.54
Maldives,1989-01-01,65.08
Mali,1989-01-01,49.47
Malta,1989-01-01,76.84
Mauritania,1989-01-01,59.25
Mauritius,1989-01-01,68.99
Mexico,1989-01-01,71.09
"Micronesia, Fed. Sts.",1989-01-01,64.23
Moldova,1989-01-01,68.16
Mongolia,1989-01-01,61.98
Montenegro,1989-01-01,74.47
Morocco,1989-01-01,67.06
Mozambique,1989-01-01,51.08
Namibia,1989-01-01,61.54
Nepal,1989-01-01,57.53
Netherlands,1989-01-01,76.82
New Caledonia,1989-01-01,70.38
New Zealand,1989-01-01,75.05
Nicaragua,1989-01-01,72.35
Niger,1989-01-01,46.62
Nigeria,1989-01-01,53.98
Norway,1989-01-01,76.52
Oman,1989-01-01,71.41
Pakistan,1989-01-01,61.78
Panama,1989-01-01,74.62
Papua New Guinea,1989-01-01,55.7
Paraguay,1989-01-01,73.91
Peru,1989-01-01,68.14
Philippines,1989-01-01,67.34
Poland,1989-01-01,71.25
Portugal,1989-01-01,74.58
Puerto Rico,1989-01-01,73.93
Qatar,1989-01-01,74.32
Romania,1989-01-01,69.99
Russia,1989-01-01,69.57
Rwanda,1989-01-01,50.23
St. Lucia,1989-01-01,70.12
St. Vincent and the Grenadines,1989-01-01,69.53
Samoa,1989-01-01,68.49
Saudi Arabia,1989-01-01,73.39
Senegal,1989-01-01,57.41
Serbia,1989-01-01,72.35
Seychelles,1989-01-01,69.22
Sierra Leone,1989-01-01,51.98
Singapore,1989-01-01,74.51
Slovak Republic,1989-01-01,71.12
Slovenia,1989-01-01,73.19
Solomon Islands,1989-01-01,59.7
South Africa,1989-01-01,61.69
Spain,1989-01-01,76.89
Sri Lanka,1989-01-01,70.32
Sudan,1989-01-01,58.67
Suriname,1989-01-01,69.57
Swaziland,1989-01-01,60.5
Sweden,1989-01-01,77.67
Switzerland,1989-01-01,77.68
Syria,1989-01-01,70.14
Tajikistan,1989-01-01,65.5
Tanzania,1989-01-01,55.39
Thailand,1989-01-01,70.76
Timor-Leste,1989-01-01,57.47
Togo,1989-01-01,57.65
Tonga,1989-01-01,68.98
Trinidad and Tobago,1989-01-01,68.98
Tunisia,1989-01-01,71.13
Turkey,1989-01-01,67.53
Turkmenistan,1989-01-01,63.89
Uganda,1989-01-01,51.08
Ukraine,1989-01-01,70.43
United Arab Emirates,1989-01-01,70.31
United Kingdom,1989-01-01,75.36
United States,1989-01-01,75.1
Uruguay,1989-01-01,72.81
Uzbekistan,1989-01-01,67.96
Vanuatu,1989-01-01,61.48
Venezuela,1989-01-01,72.24
West Bank and Gaza,1989-01-01,71.36
Vietnam,1989-01-01,69
Yemen,1989-01-01,58.08
Zambia,1989-01-01,52.59
Zimbabwe,1989-01-01,63.81
Albania,1990-01-01,73.3
Algeria,1990-01-01,70.2
Angola,1990-01-01,48.6
Antigua and Barbuda,1990-01-01,73.5
Argentina,1990-01-01,72.5
Armenia,1990-01-01,70.1
Aruba,1990-01-01,73.47
Australia,1990-01-01,77
Austria,1990-01-01,75.7
Azerbaijan,1990-01-01,65.6
Bahamas,1990-01-01,68.5
Bahrain,1990-01-01,71.8
Bangladesh,1990-01-01,57.9
Barbados,1990-01-01,73
Belarus,1990-01-01,70.5
Belgium,1990-01-01,76
Belize,1990-01-01,71.4
Benin,1990-01-01,56.1
Bhutan,1990-01-01,61.4
Bolivia,1990-01-01,61.6
Bosnia and Herzegovina,1990-01-01,72.7
Botswana,1990-01-01,62.3
Brazil,1990-01-01,67.9
Brunei,1990-01-01,73.8
Bulgaria,1990-01-01,71.4
Burkina Faso,1990-01-01,51.4
Burundi,1990-01-01,45.6
Cambodia,1990-01-01,57.6
Cameroon,1990-01-01,58.4
Canada,1990-01-01,77.4
Cape Verde,1990-01-01,68.7
Central African Republic,1990-01-01,48.4
Chad,1990-01-01,53.7
Chile,1990-01-01,73.1
China,1990-01-01,66.7
Colombia,1990-01-01,71.5
Comoros,1990-01-01,57.1
"Congo, Dem. Rep.",1990-01-01,54.5
"Congo, Rep.",1990-01-01,54.3
Costa Rica,1990-01-01,76.6
Cote d'Ivoire,1990-01-01,55.3
Croatia,1990-01-01,72.6
Cuba,1990-01-01,74.7
Cyprus,1990-01-01,76.8
Czech Republic,1990-01-01,71.8
Denmark,1990-01-01,75.1
Djibouti,1990-01-01,61
Dominican Republic,1990-01-01,71.8
Ecuador,1990-01-01,71.2
Egypt,1990-01-01,65.2
El Salvador,1990-01-01,67.7
Equatorial Guinea,1990-01-01,48.9
Eritrea,1990-01-01,52.4
Estonia,1990-01-01,70.1
Ethiopia,1990-01-01,45.2
Fiji,1990-01-01,65.1
Finland,1990-01-01,75.1
France,1990-01-01,77.2
French Polynesia,1990-01-01,68.7
Gabon,1990-01-01,59.5
Gambia,1990-01-01,61.3
Georgia,1990-01-01,69.9
Germany,1990-01-01,75.4
Ghana,1990-01-01,58
Greece,1990-01-01,77
Greenland,1990-01-01,64.6
Grenada,1990-01-01,69.9
Guatemala,1990-01-01,64.6
Guinea,1990-01-01,52
Guinea-Bissau,1990-01-01,51.5
Guyana,1990-01-01,64.2
Haiti,1990-01-01,54.3
Honduras,1990-01-01,70.3
"Hong Kong, China",1990-01-01,77.52
Hungary,1990-01-01,69.5
Iceland,1990-01-01,78.3
India,1990-01-01,58.2
Indonesia,1990-01-01,64
Iran,1990-01-01,66
Iraq,1990-01-01,65.7
Ireland,1990-01-01,76.3
Israel,1990-01-01,76.7
Italy,1990-01-01,77
Jamaica,1990-01-01,74.8
Japan,1990-01-01,79
Jordan,1990-01-01,71.5
Kazakhstan,1990-01-01,68
Kenya,1990-01-01,61.8
Kiribati,1990-01-01,58
South Korea,1990-01-01,71.8
Kuwait,1990-01-01,77.2
Kyrgyz Republic,1990-01-01,66
Lao,1990-01-01,51.5
Latvia,1990-01-01,69.6
Lebanon,1990-01-01,69.3
Lesotho,1990-01-01,60.5
Liberia,1990-01-01,48.6
Libya,1990-01-01,73.4
Lithuania,1990-01-01,71.5
Luxembourg,1990-01-01,75.2
"Macao, China",1990-01-01,75.36
"Macedonia, FYR",1990-01-01,71.7
Madagascar,1990-01-01,56
Malawi,1990-01-01,48.8
Malaysia,1990-01-01,71.8
Maldives,1990-01-01,66
Mali,1990-01-01,50
Malta,1990-01-01,77.1
Mauritania,1990-01-01,59.5
Mauritius,1990-01-01,69.3
Mexico,1990-01-01,71.5
"Micronesia, Fed. Sts.",1990-01-01,64.3
Moldova,1990-01-01,68.2
Mongolia,1990-01-01,62.3
Montenegro,1990-01-01,74.6
Morocco,1990-01-01,67.7
Mozambique,1990-01-01,51.5
Namibia,1990-01-01,61.7
Nepal,1990-01-01,58.4
Netherlands,1990-01-01,77
New Caledonia,1990-01-01,70.7
New Zealand,1990-01-01,75.6
Nicaragua,1990-01-01,73.3
Niger,1990-01-01,47.2
Nigeria,1990-01-01,54.1
Norway,1990-01-01,76.6
Oman,1990-01-01,72.1
Pakistan,1990-01-01,62.1
Panama,1990-01-01,74.9
Papua New Guinea,1990-01-01,56
Paraguay,1990-01-01,74.2
Peru,1990-01-01,68.7
Philippines,1990-01-01,67.6
Poland,1990-01-01,70.9
Portugal,1990-01-01,74.2
Puerto Rico,1990-01-01,73.8
Qatar,1990-01-01,74.5
Romania,1990-01-01,70
Russia,1990-01-01,69.2
Rwanda,1990-01-01,50.5
St. Lucia,1990-01-01,70.2
St. Vincent and the Grenadines,1990-01-01,69.7
Samoa,1990-01-01,69.1
Saudi Arabia,1990-01-01,73.9
Senegal,1990-01-01,57.8
Serbia,1990-01-01,72.5
Seychelles,1990-01-01,69.1
Sierra Leone,1990-01-01,51.6
Singapore,1990-01-01,74.9
Slovak Republic,1990-01-01,71
Slovenia,1990-01-01,73.7
Solomon Islands,1990-01-01,60.1
South Africa,1990-01-01,62
Spain,1990-01-01,76.9
Sri Lanka,1990-01-01,70.5
Sudan,1990-01-01,58.9
Suriname,1990-01-01,69.7
Swaziland,1990-01-01,60.7
Sweden,1990-01-01,77.6
Switzerland,1990-01-01,77.5
Syria,1990-01-01,70.5
Tajikistan,1990-01-01,65.3
Tanzania,1990-01-01,55.2
Thailand,1990-01-01,71
Timor-Leste,1990-01-01,58.5
Togo,1990-01-01,57.8
Tonga,1990-01-01,69.1
Trinidad and Tobago,1990-01-01,69.1
Tunisia,1990-01-01,71.8
Turkey,1990-01-01,68.1
Turkmenistan,1990-01-01,63.9
Uganda,1990-01-01,50.7
Ukraine,1990-01-01,70
United Arab Emirates,1990-01-01,70.6
United Kingdom,1990-01-01,75.7
United States,1990-01-01,75.4
Uruguay,1990-01-01,73
Uzbekistan,1990-01-01,67.8
Vanuatu,1990-01-01,61.9
Venezuela,1990-01-01,72.5
West Bank and Gaza,1990-01-01,71.8
Vietnam,1990-01-01,69.3
Yemen,1990-01-01,58.5
Zambia,1990-01-01,51.9
Zimbabwe,1990-01-01,63
Albania,1991-01-01,73.4
Algeria,1991-01-01,70.5
Angola,1991-01-01,49.3
Antigua and Barbuda,1991-01-01,73.6
Argentina,1991-01-01,72.7
Armenia,1991-01-01,69.7
Aruba,1991-01-01,73.51
Australia,1991-01-01,77.4
Austria,1991-01-01,75.8
Azerbaijan,1991-01-01,65.3
Bahamas,1991-01-01,68.9
Bahrain,1991-01-01,72
Bangladesh,1991-01-01,56.4
Barbados,1991-01-01,73.2
Belarus,1991-01-01,70.1
Belgium,1991-01-01,76.2
Belize,1991-01-01,71.2
Benin,1991-01-01,56.3
Bhutan,1991-01-01,61.9
Bolivia,1991-01-01,62.2
Bosnia and Herzegovina,1991-01-01,72.7
Botswana,1991-01-01,62
Brazil,1991-01-01,68.1
Brunei,1991-01-01,73.8
Bulgaria,1991-01-01,71.3
Burkina Faso,1991-01-01,51.4
Burundi,1991-01-01,45.4
Cambodia,1991-01-01,57.9
Cameroon,1991-01-01,58.2
Canada,1991-01-01,77.6
Cape Verde,1991-01-01,68.6
Central African Republic,1991-01-01,48.1
Chad,1991-01-01,54.3
Chile,1991-01-01,74.1
China,1991-01-01,67
Colombia,1991-01-01,71.1
Comoros,1991-01-01,57.4
"Congo, Dem. Rep.",1991-01-01,54.4
"Congo, Rep.",1991-01-01,54.4
Costa Rica,1991-01-01,76.5
Cote d'Ivoire,1991-01-01,54.9
Croatia,1991-01-01,71.9
Cuba,1991-01-01,74.8
Cyprus,1991-01-01,76.4
Czech Republic,1991-01-01,72
Denmark,1991-01-01,75.4
Djibouti,1991-01-01,60.7
Dominican Republic,1991-01-01,72.2
Ecuador,1991-01-01,71.4
Egypt,1991-01-01,65.4
El Salvador,1991-01-01,68.1
Equatorial Guinea,1991-01-01,48.7
Eritrea,1991-01-01,53.4
Estonia,1991-01-01,69.6
Ethiopia,1991-01-01,46.9
Fiji,1991-01-01,65.1
Finland,1991-01-01,75.4
France,1991-01-01,77.3
French Polynesia,1991-01-01,69.01
Gabon,1991-01-01,59.8
Gambia,1991-01-01,61.5
Georgia,1991-01-01,69.9
Germany,1991-01-01,75.6
Ghana,1991-01-01,58.4
Greece,1991-01-01,77.1
Greenland,1991-01-01,65.1
Grenada,1991-01-01,70.2
Guatemala,1991-01-01,64
Guinea,1991-01-01,52.3
Guinea-Bissau,1991-01-01,51.7
Guyana,1991-01-01,64.3
Haiti,1991-01-01,54.4
Honduras,1991-01-01,70.3
"Hong Kong, China",1991-01-01,77.77
Hungary,1991-01-01,69.2
Iceland,1991-01-01,78.4
India,1991-01-01,58.5
Indonesia,1991-01-01,64.5
Iran,1991-01-01,67.8
Iraq,1991-01-01,63.9
Ireland,1991-01-01,76.7
Israel,1991-01-01,76.5
Italy,1991-01-01,77
Jamaica,1991-01-01,74.9
Japan,1991-01-01,79.1
Jordan,1991-01-01,71.9
Kazakhstan,1991-01-01,67.6
Kenya,1991-01-01,61.1
Kiribati,1991-01-01,58.2
South Korea,1991-01-01,72.2
Kuwait,1991-01-01,64.4
Kyrgyz Republic,1991-01-01,65.9
Lao,1991-01-01,52
Latvia,1991-01-01,69.1
Lebanon,1991-01-01,71.9
Lesotho,1991-01-01,60.6
Liberia,1991-01-01,51.5
Libya,1991-01-01,73.7
Lithuania,1991-01-01,70.5
Luxembourg,1991-01-01,75.5
"Macao, China",1991-01-01,75.61
"Macedonia, FYR",1991-01-01,71.7
Madagascar,1991-01-01,56.2
Malawi,1991-01-01,48.6
Malaysia,1991-01-01,72
Maldives,1991-01-01,66.7
Mali,1991-01-01,50.5
Malta,1991-01-01,77.3
Mauritania,1991-01-01,60.2
Mauritius,1991-01-01,69.6
Mexico,1991-01-01,71.9
"Micronesia, Fed. Sts.",1991-01-01,64.5
Moldova,1991-01-01,67.4
Mongolia,1991-01-01,62.3
Montenegro,1991-01-01,74.4
Morocco,1991-01-01,68.1
Mozambique,1991-01-01,51.7
Namibia,1991-01-01,61.9
Nepal,1991-01-01,59.1
Netherlands,1991-01-01,77.2
New Caledonia,1991-01-01,71.01
New Zealand,1991-01-01,75.9
Nicaragua,1991-01-01,73.7
Niger,1991-01-01,47.9
Nigeria,1991-01-01,54.3
Norway,1991-01-01,77
Oman,1991-01-01,72.5
Pakistan,1991-01-01,62.2
Panama,1991-01-01,75
Papua New Guinea,1991-01-01,56
Paraguay,1991-01-01,74.2
Peru,1991-01-01,69.2
Philippines,1991-01-01,67.9
Poland,1991-01-01,70.7
Portugal,1991-01-01,74.2
Puerto Rico,1991-01-01,73.8
Qatar,1991-01-01,74.4
Romania,1991-01-01,70.5
Russia,1991-01-01,69.1
Rwanda,1991-01-01,49.3
St. Lucia,1991-01-01,70.4
St. Vincent and the Grenadines,1991-01-01,69.7
Samoa,1991-01-01,69.1
Saudi Arabia,1991-01-01,74.3
Senegal,1991-01-01,58
Serbia,1991-01-01,71.4
Seychelles,1991-01-01,69.1
Sierra Leone,1991-01-01,51.4
Singapore,1991-01-01,75.6
Slovak Republic,1991-01-01,71.1
Slovenia,1991-01-01,73.6
Solomon Islands,1991-01-01,60
South Africa,1991-01-01,62.5
Spain,1991-01-01,77
Sri Lanka,1991-01-01,71.3
Sudan,1991-01-01,59.2
Suriname,1991-01-01,69.9
Swaziland,1991-01-01,60.7
Sweden,1991-01-01,77.7
Switzerland,1991-01-01,77.6
Syria,1991-01-01,71
Tajikistan,1991-01-01,65.3
Tanzania,1991-01-01,55.1
Thailand,1991-01-01,71
Timor-Leste,1991-01-01,59.2
Togo,1991-01-01,57.8
Tonga,1991-01-01,69.3
Trinidad and Tobago,1991-01-01,69.3
Tunisia,1991-01-01,72
Turkey,1991-01-01,68.5
Turkmenistan,1991-01-01,63.5
Uganda,1991-01-01,50
Ukraine,1991-01-01,69.4
United Arab Emirates,1991-01-01,70.8
United Kingdom,1991-01-01,76
United States,1991-01-01,75.5
Uruguay,1991-01-01,72.6
Uzbekistan,1991-01-01,67.6
Vanuatu,1991-01-01,62
Venezuela,1991-01-01,72.4
West Bank and Gaza,1991-01-01,72
Vietnam,1991-01-01,69.6
Yemen,1991-01-01,58.9
Zambia,1991-01-01,50.7
Zimbabwe,1991-01-01,62.7
Albania,1992-01-01,73.6
Algeria,1992-01-01,70.9
Angola,1992-01-01,49.6
Antigua and Barbuda,1992-01-01,73.5
Argentina,1992-01-01,72.8
Armenia,1992-01-01,68.8
Aruba,1992-01-01,73.54
Australia,1992-01-01,77.6
Austria,1992-01-01,76
Azerbaijan,1992-01-01,63.7
Bahamas,1992-01-01,69.2
Bahrain,1992-01-01,72.1
Bangladesh,1992-01-01,59.7
Barbados,1992-01-01,73.2
Belarus,1992-01-01,69.6
Belgium,1992-01-01,76.3
Belize,1992-01-01,71.1
Benin,1992-01-01,56.6
Bhutan,1992-01-01,62.4
Bolivia,1992-01-01,62.7
Bosnia and Herzegovina,1992-01-01,68
Botswana,1992-01-01,61.2
Brazil,1992-01-01,68.3
Brunei,1992-01-01,74
Bulgaria,1992-01-01,71.2
Burkina Faso,1992-01-01,51.3
Burundi,1992-01-01,45.3
Cambodia,1992-01-01,58.2
Cameroon,1992-01-01,57.9
Canada,1992-01-01,77.7
Cape Verde,1992-01-01,68.6
Central African Republic,1992-01-01,48
Chad,1992-01-01,53.9
Chile,1992-01-01,75
China,1992-01-01,67.2
Colombia,1992-01-01,71.1
Comoros,1992-01-01,57.8
"Congo, Dem. Rep.",1992-01-01,54.3
"Congo, Rep.",1992-01-01,54.4
Costa Rica,1992-01-01,76.6
Cote d'Ivoire,1992-01-01,54.4
Croatia,1992-01-01,72.3
Cuba,1992-01-01,74.7
Cyprus,1992-01-01,76.7
Czech Republic,1992-01-01,72.3
Denmark,1992-01-01,75.4
Djibouti,1992-01-01,60.4
Dominican Republic,1992-01-01,72.5
Ecuador,1992-01-01,71.7
Egypt,1992-01-01,66.1
El Salvador,1992-01-01,68.9
Equatorial Guinea,1992-01-01,48.7
Eritrea,1992-01-01,54.9
Estonia,1992-01-01,69.3
Ethiopia,1992-01-01,47.8
Fiji,1992-01-01,65
Finland,1992-01-01,75.7
France,1992-01-01,77.6
French Polynesia,1992-01-01,69.33
Gabon,1992-01-01,60.2
Gambia,1992-01-01,61.5
Georgia,1992-01-01,69.4
Germany,1992-01-01,76
Ghana,1992-01-01,58.7
Greece,1992-01-01,77.1
Greenland,1992-01-01,65.5
Grenada,1992-01-01,70.2
Guatemala,1992-01-01,63.8
Guinea,1992-01-01,52.5
Guinea-Bissau,1992-01-01,51.8
Guyana,1992-01-01,64.5
Haiti,1992-01-01,54.9
Honduras,1992-01-01,70.1
"Hong Kong, China",1992-01-01,78.01
Hungary,1992-01-01,69.1
Iceland,1992-01-01,78.6
India,1992-01-01,58.8
Indonesia,1992-01-01,64.9
Iran,1992-01-01,68.5
Iraq,1992-01-01,65.4
Ireland,1992-01-01,76.8
Israel,1992-01-01,76.3
Italy,1992-01-01,77.3
Jamaica,1992-01-01,74.9
Japan,1992-01-01,79.3
Jordan,1992-01-01,72.2
Kazakhstan,1992-01-01,67.1
Kenya,1992-01-01,60.3
Kiribati,1992-01-01,58.4
South Korea,1992-01-01,72.7
Kuwait,1992-01-01,80
Kyrgyz Republic,1992-01-01,65.6
Lao,1992-01-01,52.4
Latvia,1992-01-01,68.4
Lebanon,1992-01-01,72.2
Lesotho,1992-01-01,60.4
Liberia,1992-01-01,51.8
Libya,1992-01-01,73.8
Lithuania,1992-01-01,70.3
Luxembourg,1992-01-01,75.8
"Macao, China",1992-01-01,75.86
"Macedonia, FYR",1992-01-01,71.6
Madagascar,1992-01-01,56.4
Malawi,1992-01-01,48.3
Malaysia,1992-01-01,72.2
Maldives,1992-01-01,67.3
Mali,1992-01-01,50.8
Malta,1992-01-01,77.5
Mauritania,1992-01-01,60.4
Mauritius,1992-01-01,69.7
Mexico,1992-01-01,72.1
"Micronesia, Fed. Sts.",1992-01-01,64.7
Moldova,1992-01-01,67.6
Mongolia,1992-01-01,62.2
Montenegro,1992-01-01,74.2
Morocco,1992-01-01,68.4
Mozambique,1992-01-01,52.1
Namibia,1992-01-01,62
Nepal,1992-01-01,60
Netherlands,1992-01-01,77.3
New Caledonia,1992-01-01,71.31
New Zealand,1992-01-01,76.2
Nicaragua,1992-01-01,73.6
Niger,1992-01-01,48.2
Nigeria,1992-01-01,54.4
Norway,1992-01-01,77.1
Oman,1992-01-01,72.9
Pakistan,1992-01-01,62.1
Panama,1992-01-01,75
Papua New Guinea,1992-01-01,56.2
Paraguay,1992-01-01,74.1
Peru,1992-01-01,69.5
Philippines,1992-01-01,68.2
Poland,1992-01-01,71.1
Portugal,1992-01-01,74.6
Puerto Rico,1992-01-01,73.7
Qatar,1992-01-01,74.5
Romania,1992-01-01,70
Russia,1992-01-01,68
Rwanda,1992-01-01,48
St. Lucia,1992-01-01,70.5
St. Vincent and the Grenadines,1992-01-01,69.7
Samoa,1992-01-01,69.5
Saudi Arabia,1992-01-01,74.6
Senegal,1992-01-01,58
Serbia,1992-01-01,72.4
Seychelles,1992-01-01,69.2
Sierra Leone,1992-01-01,51.9
Singapore,1992-01-01,76
Slovak Republic,1992-01-01,71.4
Slovenia,1992-01-01,73.8
Solomon Islands,1992-01-01,60.4
South Africa,1992-01-01,62.4
Spain,1992-01-01,77.4
Sri Lanka,1992-01-01,72
Sudan,1992-01-01,59.4
Suriname,1992-01-01,69.8
Swaziland,1992-01-01,61
Sweden,1992-01-01,78.1
Switzerland,1992-01-01,77.9
Syria,1992-01-01,71.8
Tajikistan,1992-01-01,62.6
Tanzania,1992-01-01,54.7
Thailand,1992-01-01,70.9
Timor-Leste,1992-01-01,59.9
Togo,1992-01-01,57.9
Tonga,1992-01-01,69.4
Trinidad and Tobago,1992-01-01,69.2
Tunisia,1992-01-01,72.2
Turkey,1992-01-01,69.2
Turkmenistan,1992-01-01,63.5
Uganda,1992-01-01,49.6
Ukraine,1992-01-01,68.8
United Arab Emirates,1992-01-01,71.1
United Kingdom,1992-01-01,76.2
United States,1992-01-01,75.8
Uruguay,1992-01-01,73.2
Uzbekistan,1992-01-01,67.3
Vanuatu,1992-01-01,62.1
Venezuela,1992-01-01,72.4
West Bank and Gaza,1992-01-01,72.4
Vietnam,1992-01-01,69.8
Yemen,1992-01-01,59.3
Zambia,1992-01-01,49.6
Zimbabwe,1992-01-01,61.4
Albania,1993-01-01,73.6
Algeria,1993-01-01,71.2
Angola,1993-01-01,48.4
Antigua and Barbuda,1993-01-01,73.4
Argentina,1993-01-01,73.1
Armenia,1993-01-01,68.3
Aruba,1993-01-01,73.57
Australia,1993-01-01,77.9
Austria,1993-01-01,76.2
Azerbaijan,1993-01-01,64
Bahamas,1993-01-01,69.7
Bahrain,1993-01-01,72.5
Bangladesh,1993-01-01,60.5
Barbados,1993-01-01,73.1
Belarus,1993-01-01,68.9
Belgium,1993-01-01,76.5
Belize,1993-01-01,70.8
Benin,1993-01-01,56.9
Bhutan,1993-01-01,62.8
Bolivia,1993-01-01,63.2
Bosnia and Herzegovina,1993-01-01,68.3
Botswana,1993-01-01,60.1
Brazil,1993-01-01,68.5
Brunei,1993-01-01,74.2
Bulgaria,1993-01-01,71.1
Burkina Faso,1993-01-01,51.3
Burundi,1993-01-01,45.1
Cambodia,1993-01-01,58.1
Cameroon,1993-01-01,57.4
Canada,1993-01-01,77.8
Cape Verde,1993-01-01,68.4
Central African Republic,1993-01-01,47.5
Chad,1993-01-01,54
Chile,1993-01-01,75.2
China,1993-01-01,67.5
Colombia,1993-01-01,71.4
Comoros,1993-01-01,58.2
"Congo, Dem. Rep.",1993-01-01,54.3
"Congo, Rep.",1993-01-01,53.5
Costa Rica,1993-01-01,76.6
Cote d'Ivoire,1993-01-01,53.7
Croatia,1993-01-01,72.9
Cuba,1993-01-01,74.7
Cyprus,1993-01-01,76.8
Czech Republic,1993-01-01,72.7
Denmark,1993-01-01,75.4
Djibouti,1993-01-01,60.7
Dominican Republic,1993-01-01,72.5
Ecuador,1993-01-01,71.8
Egypt,1993-01-01,66.4
El Salvador,1993-01-01,69.3
Equatorial Guinea,1993-01-01,48.6
Eritrea,1993-01-01,56.2
Estonia,1993-01-01,68.2
Ethiopia,1993-01-01,48.4
Fiji,1993-01-01,64.8
Finland,1993-01-01,76
France,1993-01-01,77.7
French Polynesia,1993-01-01,69.68
Gabon,1993-01-01,60.1
Gambia,1993-01-01,62
Georgia,1993-01-01,69.2
Germany,1993-01-01,76.1
Ghana,1993-01-01,59.5
Greece,1993-01-01,77.5
Greenland,1993-01-01,65.9
Grenada,1993-01-01,70
Guatemala,1993-01-01,64.2
Guinea,1993-01-01,53
Guinea-Bissau,1993-01-01,52
Guyana,1993-01-01,64.4
Haiti,1993-01-01,54.7
Honduras,1993-01-01,69.9
"Hong Kong, China",1993-01-01,78.25
Hungary,1993-01-01,69.2
Iceland,1993-01-01,78.8
India,1993-01-01,59.1
Indonesia,1993-01-01,65.3
Iran,1993-01-01,69.1
Iraq,1993-01-01,65.4
Ireland,1993-01-01,76.9
Israel,1993-01-01,76.9
Italy,1993-01-01,77.6
Jamaica,1993-01-01,74.8
Japan,1993-01-01,79.4
Jordan,1993-01-01,72.2
Kazakhstan,1993-01-01,65.3
Kenya,1993-01-01,59.5
Kiribati,1993-01-01,58.4
South Korea,1993-01-01,73.1
Kuwait,1993-01-01,78.7
Kyrgyz Republic,1993-01-01,65.3
Lao,1993-01-01,52.8
Latvia,1993-01-01,66.7
Lebanon,1993-01-01,72.5
Lesotho,1993-01-01,60.1
Liberia,1993-01-01,50.1
Libya,1993-01-01,74.2
Lithuania,1993-01-01,69.1
Luxembourg,1993-01-01,76.2
"Macao, China",1993-01-01,76.1
"Macedonia, FYR",1993-01-01,71.5
Madagascar,1993-01-01,56.3
Malawi,1993-01-01,48
Malaysia,1993-01-01,72.4
Maldives,1993-01-01,67.9
Mali,1993-01-01,51.2
Malta,1993-01-01,77.9
Mauritania,1993-01-01,60.7
Mauritius,1993-01-01,69.8
Mexico,1993-01-01,72.4
"Micronesia, Fed. Sts.",1993-01-01,64.9
Moldova,1993-01-01,67.4
Mongolia,1993-01-01,62
Montenegro,1993-01-01,73.9
Morocco,1993-01-01,68.6
Mozambique,1993-01-01,52.3
Namibia,1993-01-01,62
Nepal,1993-01-01,60.2
Netherlands,1993-01-01,77.2
New Caledonia,1993-01-01,71.6
New Zealand,1993-01-01,76.5
Nicaragua,1993-01-01,73.9
Niger,1993-01-01,48.6
Nigeria,1993-01-01,54.5
Norway,1993-01-01,77.5
Oman,1993-01-01,73.3
Pakistan,1993-01-01,62
Panama,1993-01-01,75.2
Papua New Guinea,1993-01-01,56.4
Paraguay,1993-01-01,74.1
Peru,1993-01-01,70
Philippines,1993-01-01,68.3
Poland,1993-01-01,71.7
Portugal,1993-01-01,74.7
Puerto Rico,1993-01-01,73.8
Qatar,1993-01-01,74.5
Romania,1993-01-01,69.8
Russia,1993-01-01,65.2
Rwanda,1993-01-01,46.7
St. Lucia,1993-01-01,70.7
St. Vincent and the Grenadines,1993-01-01,69.7
Samoa,1993-01-01,69.7
Saudi Arabia,1993-01-01,74.9
Senegal,1993-01-01,58.2
Serbia,1993-01-01,72.3
Seychelles,1993-01-01,69.3
Sierra Leone,1993-01-01,52.1
Singapore,1993-01-01,76.2
Slovak Republic,1993-01-01,71.9
Slovenia,1993-01-01,73.9
Solomon Islands,1993-01-01,60.6
South Africa,1993-01-01,63
Spain,1993-01-01,77.6
Sri Lanka,1993-01-01,72.9
Sudan,1993-01-01,59.5
Suriname,1993-01-01,69.7
Swaziland,1993-01-01,61.3
Sweden,1993-01-01,78.3
Switzerland,1993-01-01,78.3
Syria,1993-01-01,72
Tajikistan,1993-01-01,64.2
Tanzania,1993-01-01,54.5
Thailand,1993-01-01,70.8
Timor-Leste,1993-01-01,60.6
Togo,1993-01-01,57.8
Tonga,1993-01-01,69.5
Trinidad and Tobago,1993-01-01,69.3
Tunisia,1993-01-01,72.2
Turkey,1993-01-01,69.7
Turkmenistan,1993-01-01,63.5
Uganda,1993-01-01,49
Ukraine,1993-01-01,68.3
United Arab Emirates,1993-01-01,71.3
United Kingdom,1993-01-01,76.3
United States,1993-01-01,75.7
Uruguay,1993-01-01,73.2
Uzbekistan,1993-01-01,67
Vanuatu,1993-01-01,62.2
Venezuela,1993-01-01,72.5
West Bank and Gaza,1993-01-01,72.8
Vietnam,1993-01-01,70.1
Yemen,1993-01-01,59.6
Zambia,1993-01-01,48.6
Zimbabwe,1993-01-01,59.8
Albania,1994-01-01,73.6
Algeria,1994-01-01,71.4
Angola,1994-01-01,50
Antigua and Barbuda,1994-01-01,73.4
Argentina,1994-01-01,73.4
Armenia,1994-01-01,68.6
Aruba,1994-01-01,73.6
Australia,1994-01-01,78.1
Austria,1994-01-01,76.5
Azerbaijan,1994-01-01,63.5
Bahamas,1994-01-01,69.5
Bahrain,1994-01-01,72.9
Bangladesh,1994-01-01,61.2
Barbados,1994-01-01,73
Belarus,1994-01-01,68.6
Belgium,1994-01-01,76.6
Belize,1994-01-01,70.6
Benin,1994-01-01,56.8
Bhutan,1994-01-01,63.1
Bolivia,1994-01-01,63.8
Bosnia and Herzegovina,1994-01-01,71.1
Botswana,1994-01-01,58.6
Brazil,1994-01-01,68.8
Brunei,1994-01-01,74.4
Bulgaria,1994-01-01,70.9
Burkina Faso,1994-01-01,51.3
Burundi,1994-01-01,45
Cambodia,1994-01-01,58
Cameroon,1994-01-01,57
Canada,1994-01-01,77.9
Cape Verde,1994-01-01,68.3
Central African Republic,1994-01-01,47.2
Chad,1994-01-01,53.6
Chile,1994-01-01,75.3
China,1994-01-01,67.9
Colombia,1994-01-01,71.6
Comoros,1994-01-01,58.5
"Congo, Dem. Rep.",1994-01-01,54.3
"Congo, Rep.",1994-01-01,53.2
Costa Rica,1994-01-01,76.7
Cote d'Ivoire,1994-01-01,53.2
Croatia,1994-01-01,73.4
Cuba,1994-01-01,74.8
Cyprus,1994-01-01,76.4
Czech Republic,1994-01-01,73
Denmark,1994-01-01,75.4
Djibouti,1994-01-01,60
Dominican Republic,1994-01-01,72.5
Ecuador,1994-01-01,72.2
Egypt,1994-01-01,66.7
El Salvador,1994-01-01,69.6
Equatorial Guinea,1994-01-01,48.5
Eritrea,1994-01-01,57
Estonia,1994-01-01,66.3
Ethiopia,1994-01-01,48.8
Fiji,1994-01-01,64.7
Finland,1994-01-01,76.4
France,1994-01-01,78
French Polynesia,1994-01-01,70.05
Gabon,1994-01-01,59.9
Gambia,1994-01-01,62.3
Georgia,1994-01-01,70.2
Germany,1994-01-01,76.4
Ghana,1994-01-01,59.6
Greece,1994-01-01,77.7
Greenland,1994-01-01,66.3
Grenada,1994-01-01,70.4
Guatemala,1994-01-01,64.6
Guinea,1994-01-01,53.1
Guinea-Bissau,1994-01-01,52.2
Guyana,1994-01-01,64.5
Haiti,1994-01-01,55.4
Honduras,1994-01-01,70.1
"Hong Kong, China",1994-01-01,78.48
Hungary,1994-01-01,69.5
Iceland,1994-01-01,79.1
India,1994-01-01,59.5
Indonesia,1994-01-01,65.7
Iran,1994-01-01,69.6
Iraq,1994-01-01,65.4
Ireland,1994-01-01,77.3
Israel,1994-01-01,77.1
Italy,1994-01-01,77.8
Jamaica,1994-01-01,74.8
Japan,1994-01-01,79.8
Jordan,1994-01-01,72.4
Kazakhstan,1994-01-01,64.6
Kenya,1994-01-01,58.7
Kiribati,1994-01-01,58.7
South Korea,1994-01-01,73.6
Kuwait,1994-01-01,77.6
Kyrgyz Republic,1994-01-01,65
Lao,1994-01-01,53.2
Latvia,1994-01-01,65.7
Lebanon,1994-01-01,73
Lesotho,1994-01-01,59.2
Liberia,1994-01-01,48.9
Libya,1994-01-01,74.4
Lithuania,1994-01-01,68.7
Luxembourg,1994-01-01,76.5
"Macao, China",1994-01-01,76.33
"Macedonia, FYR",1994-01-01,71.7
Madagascar,1994-01-01,56.8
Malawi,1994-01-01,47.4
Malaysia,1994-01-01,72.4
Maldives,1994-01-01,68.6
Mali,1994-01-01,51.2
Malta,1994-01-01,78.2
Mauritania,1994-01-01,60.7
Mauritius,1994-01-01,70
Mexico,1994-01-01,72.7
"Micronesia, Fed. Sts.",1994-01-01,65.1
Moldova,1994-01-01,65.8
Mongolia,1994-01-01,62
Montenegro,1994-01-01,73.7
Morocco,1994-01-01,69.1
Mozambique,1994-01-01,52.6
Namibia,1994-01-01,61.5
Nepal,1994-01-01,61
Netherlands,1994-01-01,77.5
New Caledonia,1994-01-01,71.89
New Zealand,1994-01-01,76.7
Nicaragua,1994-01-01,74.1
Niger,1994-01-01,49.1
Nigeria,1994-01-01,54.9
Norway,1994-01-01,77.7
Oman,1994-01-01,73.6
Pakistan,1994-01-01,61.9
Panama,1994-01-01,75.2
Papua New Guinea,1994-01-01,56.7
Paraguay,1994-01-01,74
Peru,1994-01-01,70.5
Philippines,1994-01-01,68.6
Poland,1994-01-01,71.7
Portugal,1994-01-01,75.5
Puerto Rico,1994-01-01,73.1
Qatar,1994-01-01,74.4
Romania,1994-01-01,69.5
Russia,1994-01-01,63.8
Rwanda,1994-01-01,13.2
St. Lucia,1994-01-01,70.9
St. Vincent and the Grenadines,1994-01-01,69.6
Samoa,1994-01-01,69.8
Saudi Arabia,1994-01-01,75.1
Senegal,1994-01-01,58.2
Serbia,1994-01-01,72.1
Seychelles,1994-01-01,69.6
Sierra Leone,1994-01-01,51.6
Singapore,1994-01-01,76.3
Slovak Republic,1994-01-01,72.3
Slovenia,1994-01-01,74.2
Solomon Islands,1994-01-01,60.9
South Africa,1994-01-01,62.8
Spain,1994-01-01,77.8
Sri Lanka,1994-01-01,72.8
Sudan,1994-01-01,60.2
Suriname,1994-01-01,69.8
Swaziland,1994-01-01,60.7
Sweden,1994-01-01,78.5
Switzerland,1994-01-01,78.4
Syria,1994-01-01,72.3
Tajikistan,1994-01-01,64.1
Tanzania,1994-01-01,54
Thailand,1994-01-01,70.6
Timor-Leste,1994-01-01,61.3
Togo,1994-01-01,57.6
Tonga,1994-01-01,69.5
Trinidad and Tobago,1994-01-01,69.2
Tunisia,1994-01-01,72.5
Turkey,1994-01-01,69.8
Turkmenistan,1994-01-01,63.4
Uganda,1994-01-01,48.5
Ukraine,1994-01-01,67.5
United Arab Emirates,1994-01-01,71.6
United Kingdom,1994-01-01,76.6
United States,1994-01-01,75.8
Uruguay,1994-01-01,73.3
Uzbekistan,1994-01-01,66.7
Vanuatu,1994-01-01,62.2
Venezuela,1994-01-01,72.4
West Bank and Gaza,1994-01-01,73.3
Vietnam,1994-01-01,70.3
Yemen,1994-01-01,59.7
Zambia,1994-01-01,47.7
Zimbabwe,1994-01-01,58.2
Albania,1995-01-01,73.7
Algeria,1995-01-01,71.6
Angola,1995-01-01,50.9
Antigua and Barbuda,1995-01-01,73.5
Argentina,1995-01-01,73.5
Armenia,1995-01-01,69.1
Aruba,1995-01-01,73.62
Australia,1995-01-01,78.3
Austria,1995-01-01,76.8
Azerbaijan,1995-01-01,64.6
Bahamas,1995-01-01,69.7
Bahrain,1995-01-01,73
Bangladesh,1995-01-01,61.6
Barbados,1995-01-01,73.3
Belarus,1995-01-01,68.2
Belgium,1995-01-01,76.9
Belize,1995-01-01,70.5
Benin,1995-01-01,56.7
Bhutan,1995-01-01,63.8
Bolivia,1995-01-01,64.4
Bosnia and Herzegovina,1995-01-01,67
Botswana,1995-01-01,56.8
Brazil,1995-01-01,69
Brunei,1995-01-01,74.7
Bulgaria,1995-01-01,71
Burkina Faso,1995-01-01,51.3
Burundi,1995-01-01,44.5
Cambodia,1995-01-01,58.1
Cameroon,1995-01-01,56.5
Canada,1995-01-01,78
Cape Verde,1995-01-01,68.3
Central African Republic,1995-01-01,46.7
Chad,1995-01-01,53.6
Chile,1995-01-01,75.4
China,1995-01-01,68.4
Colombia,1995-01-01,72
Comoros,1995-01-01,58.9
"Congo, Dem. Rep.",1995-01-01,54
"Congo, Rep.",1995-01-01,52.6
Costa Rica,1995-01-01,76.8
Cote d'Ivoire,1995-01-01,52.5
Croatia,1995-01-01,73
Cuba,1995-01-01,75
Cyprus,1995-01-01,76.7
Czech Republic,1995-01-01,73.4
Denmark,1995-01-01,75.6
Djibouti,1995-01-01,60.4
Dominican Republic,1995-01-01,72.6
Ecuador,1995-01-01,72.3
Egypt,1995-01-01,67.4
El Salvador,1995-01-01,70
Equatorial Guinea,1995-01-01,48.5
Eritrea,1995-01-01,57.8
Estonia,1995-01-01,67.7
Ethiopia,1995-01-01,49.2
Fiji,1995-01-01,64.5
Finland,1995-01-01,76.7
France,1995-01-01,78.2
French Polynesia,1995-01-01,70.43
Gabon,1995-01-01,59.8
Gambia,1995-01-01,62.6
Georgia,1995-01-01,70.7
Germany,1995-01-01,76.6
Ghana,1995-01-01,60
Greece,1995-01-01,77.8
Greenland,1995-01-01,66.5
Grenada,1995-01-01,70.7
Guatemala,1995-01-01,66.9
Guinea,1995-01-01,53.4
Guinea-Bissau,1995-01-01,52.3
Guyana,1995-01-01,64.4
Haiti,1995-01-01,56.2
Honduras,1995-01-01,70.1
"Hong Kong, China",1995-01-01,78.72
Hungary,1995-01-01,70.1
Iceland,1995-01-01,78.9
India,1995-01-01,59.9
Indonesia,1995-01-01,66.1
Iran,1995-01-01,69.9
Iraq,1995-01-01,65.3
Ireland,1995-01-01,77.1
Israel,1995-01-01,77.4
Italy,1995-01-01,78.1
Jamaica,1995-01-01,74.7
Japan,1995-01-01,79.7
Jordan,1995-01-01,72.5
Kazakhstan,1995-01-01,63.6
Kenya,1995-01-01,58.1
Kiribati,1995-01-01,58.9
South Korea,1995-01-01,74
Kuwait,1995-01-01,76.5
Kyrgyz Republic,1995-01-01,65.1
Lao,1995-01-01,53.6
Latvia,1995-01-01,66.5
Lebanon,1995-01-01,73.4
Lesotho,1995-01-01,58.7
Liberia,1995-01-01,50.9
Libya,1995-01-01,74.6
Lithuania,1995-01-01,69
Luxembourg,1995-01-01,76.9
"Macao, China",1995-01-01,76.56
"Macedonia, FYR",1995-01-01,71.8
Madagascar,1995-01-01,57.2
Malawi,1995-01-01,46.9
Malaysia,1995-01-01,72.4
Maldives,1995-01-01,69.3
Mali,1995-01-01,51.4
Malta,1995-01-01,78.4
Mauritania,1995-01-01,61.2
Mauritius,1995-01-01,70.3
Mexico,1995-01-01,73
"Micronesia, Fed. Sts.",1995-01-01,65.4
Moldova,1995-01-01,65.4
Mongolia,1995-01-01,61.7
Montenegro,1995-01-01,73.5
Morocco,1995-01-01,69.5
Mozambique,1995-01-01,52.7
Namibia,1995-01-01,60.5
Nepal,1995-01-01,61.7
Netherlands,1995-01-01,77.6
New Caledonia,1995-01-01,72.16
New Zealand,1995-01-01,77
Nicaragua,1995-01-01,74.4
Niger,1995-01-01,49.5
Nigeria,1995-01-01,55
Norway,1995-01-01,77.9
Oman,1995-01-01,73.9
Pakistan,1995-01-01,61.8
Panama,1995-01-01,75.3
Papua New Guinea,1995-01-01,56.9
Paraguay,1995-01-01,74.1
Peru,1995-01-01,71.1
Philippines,1995-01-01,68.8
Poland,1995-01-01,71.9
Portugal,1995-01-01,75.5
Puerto Rico,1995-01-01,73.3
Qatar,1995-01-01,74.4
Romania,1995-01-01,69.4
Russia,1995-01-01,64.4
Rwanda,1995-01-01,43.8
St. Lucia,1995-01-01,71.1
St. Vincent and the Grenadines,1995-01-01,69.6
Samoa,1995-01-01,70
Saudi Arabia,1995-01-01,75.5
Senegal,1995-01-01,58.4
Serbia,1995-01-01,72
Seychelles,1995-01-01,69.8
Sierra Leone,1995-01-01,50.9
Singapore,1995-01-01,76.4
Slovak Republic,1995-01-01,72.4
Slovenia,1995-01-01,74.6
Solomon Islands,1995-01-01,61.1
South Africa,1995-01-01,62.7
Spain,1995-01-01,77.9
Sri Lanka,1995-01-01,71.7
Sudan,1995-01-01,60.5
Suriname,1995-01-01,70.1
Swaziland,1995-01-01,59.1
Sweden,1995-01-01,78.9
Switzerland,1995-01-01,78.5
Syria,1995-01-01,72.7
Tajikistan,1995-01-01,64.1
Tanzania,1995-01-01,53.9
Thailand,1995-01-01,70.6
Timor-Leste,1995-01-01,61.8
Togo,1995-01-01,57.6
Tonga,1995-01-01,69.6
Trinidad and Tobago,1995-01-01,69.3
Tunisia,1995-01-01,72.9
Turkey,1995-01-01,70
Turkmenistan,1995-01-01,63.3
Uganda,1995-01-01,48.3
Ukraine,1995-01-01,66.5
United Arab Emirates,1995-01-01,71.9
United Kingdom,1995-01-01,76.7
United States,1995-01-01,75.9
Uruguay,1995-01-01,73.4
Uzbekistan,1995-01-01,66.6
Vanuatu,1995-01-01,62.3
Venezuela,1995-01-01,72.7
West Bank and Gaza,1995-01-01,73.7
Vietnam,1995-01-01,70.6
Yemen,1995-01-01,60.3
Zambia,1995-01-01,46.9
Zimbabwe,1995-01-01,56
Albania,1996-01-01,73.8
Algeria,1996-01-01,72.1
Angola,1996-01-01,51.3
Antigua and Barbuda,1996-01-01,73.5
Argentina,1996-01-01,73.5
Armenia,1996-01-01,69.4
Aruba,1996-01-01,73.65
Australia,1996-01-01,78.5
Austria,1996-01-01,77.1
Azerbaijan,1996-01-01,65
Bahamas,1996-01-01,70
Bahrain,1996-01-01,73.4
Bangladesh,1996-01-01,62.4
Barbados,1996-01-01,73.7
Belarus,1996-01-01,68.1
Belgium,1996-01-01,77.2
Belize,1996-01-01,70.4
Benin,1996-01-01,56.6
Bhutan,1996-01-01,64.7
Bolivia,1996-01-01,65.1
Bosnia and Herzegovina,1996-01-01,73.8
Botswana,1996-01-01,54.8
Brazil,1996-01-01,69.3
Brunei,1996-01-01,74.9
Bulgaria,1996-01-01,70.9
Burkina Faso,1996-01-01,51.5
Burundi,1996-01-01,44.3
Cambodia,1996-01-01,58.3
Cameroon,1996-01-01,56.2
Canada,1996-01-01,78.3
Cape Verde,1996-01-01,68.2
Central African Republic,1996-01-01,46.3
Chad,1996-01-01,53
Chile,1996-01-01,75.7
China,1996-01-01,68.8
Colombia,1996-01-01,72.2
Comoros,1996-01-01,58.4
"Congo, Dem. Rep.",1996-01-01,51.8
"Congo, Rep.",1996-01-01,52.2
Costa Rica,1996-01-01,76.8
Cote d'Ivoire,1996-01-01,52.3
Croatia,1996-01-01,73.4
Cuba,1996-01-01,75.2
Cyprus,1996-01-01,77.1
Czech Republic,1996-01-01,73.8
Denmark,1996-01-01,75.9
Djibouti,1996-01-01,60.3
Dominican Republic,1996-01-01,72.6
Ecuador,1996-01-01,72.5
Egypt,1996-01-01,67.9
El Salvador,1996-01-01,70.3
Equatorial Guinea,1996-01-01,48.9
Eritrea,1996-01-01,58.4
Estonia,1996-01-01,69.8
Ethiopia,1996-01-01,50
Fiji,1996-01-01,64.3
Finland,1996-01-01,76.8
France,1996-01-01,78.4
French Polynesia,1996-01-01,70.82
Gabon,1996-01-01,59.6
Gambia,1996-01-01,62.8
Georgia,1996-01-01,71.2
Germany,1996-01-01,76.9
Ghana,1996-01-01,60.1
Greece,1996-01-01,77.9
Greenland,1996-01-01,66.8
Grenada,1996-01-01,70.8
Guatemala,1996-01-01,68.1
Guinea,1996-01-01,53.8
Guinea-Bissau,1996-01-01,52.6
Guyana,1996-01-01,64.3
Haiti,1996-01-01,56.7
Honduras,1996-01-01,70.1
"Hong Kong, China",1996-01-01,78.99
Hungary,1996-01-01,70.5
Iceland,1996-01-01,79.4
India,1996-01-01,60.2
Indonesia,1996-01-01,66.4
Iran,1996-01-01,69.8
Iraq,1996-01-01,65.3
Ireland,1996-01-01,77.5
Israel,1996-01-01,77.7
Italy,1996-01-01,78.3
Jamaica,1996-01-01,74.5
Japan,1996-01-01,80.2
Jordan,1996-01-01,72.6
Kazakhstan,1996-01-01,63.5
Kenya,1996-01-01,57.4
Kiribati,1996-01-01,59.2
South Korea,1996-01-01,74.5
Kuwait,1996-01-01,76
Kyrgyz Republic,1996-01-01,65.2
Lao,1996-01-01,54
Latvia,1996-01-01,68.6
Lebanon,1996-01-01,74
Lesotho,1996-01-01,57.9
Liberia,1996-01-01,50.4
Libya,1996-01-01,74.6
Lithuania,1996-01-01,70.2
Luxembourg,1996-01-01,77.1
"Macao, China",1996-01-01,76.78
"Macedonia, FYR",1996-01-01,72.1
Madagascar,1996-01-01,57.6
Malawi,1996-01-01,46.3
Malaysia,1996-01-01,72.5
Maldives,1996-01-01,70
Mali,1996-01-01,51.8
Malta,1996-01-01,78.5
Mauritania,1996-01-01,61.5
Mauritius,1996-01-01,70.5
Mexico,1996-01-01,73.3
"Micronesia, Fed. Sts.",1996-01-01,65.7
Moldova,1996-01-01,66.1
Mongolia,1996-01-01,61.7
Montenegro,1996-01-01,73.4
Morocco,1996-01-01,70
Mozambique,1996-01-01,52.6
Namibia,1996-01-01,59.3
Nepal,1996-01-01,62.5
Netherlands,1996-01-01,77.6
New Caledonia,1996-01-01,72.43
New Zealand,1996-01-01,77.3
Nicaragua,1996-01-01,74.7
Niger,1996-01-01,50.2
Nigeria,1996-01-01,55
Norway,1996-01-01,78.2
Oman,1996-01-01,74.2
Pakistan,1996-01-01,61.9
Panama,1996-01-01,75.4
Papua New Guinea,1996-01-01,57
Paraguay,1996-01-01,74.1
Peru,1996-01-01,71.7
Philippines,1996-01-01,68.9
Poland,1996-01-01,72.4
Portugal,1996-01-01,75.5
Puerto Rico,1996-01-01,73.6
Qatar,1996-01-01,74.5
Romania,1996-01-01,69.1
Russia,1996-01-01,65.7
Rwanda,1996-01-01,44.6
St. Lucia,1996-01-01,71.2
St. Vincent and the Grenadines,1996-01-01,69.4
Samoa,1996-01-01,70.2
Saudi Arabia,1996-01-01,75.8
Senegal,1996-01-01,58.8
Serbia,1996-01-01,71.9
Seychelles,1996-01-01,69.9
Sierra Leone,1996-01-01,51.9
Singapore,1996-01-01,76.7
Slovak Republic,1996-01-01,72.8
Slovenia,1996-01-01,75
Solomon Islands,1996-01-01,61.4
South Africa,1996-01-01,61.6
Spain,1996-01-01,78.1
Sri Lanka,1996-01-01,71.3
Sudan,1996-01-01,60.6
Suriname,1996-01-01,70.2
Swaziland,1996-01-01,57.1
Sweden,1996-01-01,79.1
Switzerland,1996-01-01,79.1
Syria,1996-01-01,73.1
Tajikistan,1996-01-01,63.3
Tanzania,1996-01-01,53.8
Thailand,1996-01-01,70.6
Timor-Leste,1996-01-01,62.3
Togo,1996-01-01,57.3
Tonga,1996-01-01,69.7
Trinidad and Tobago,1996-01-01,69.3
Tunisia,1996-01-01,73.4
Turkey,1996-01-01,70.6
Turkmenistan,1996-01-01,63.2
Uganda,1996-01-01,48.2
Ukraine,1996-01-01,66.7
United Arab Emirates,1996-01-01,72.1
United Kingdom,1996-01-01,76.9
United States,1996-01-01,76.3
Uruguay,1996-01-01,73.5
Uzbekistan,1996-01-01,66.7
Vanuatu,1996-01-01,62.4
Venezuela,1996-01-01,73.1
West Bank and Gaza,1996-01-01,74
Vietnam,1996-01-01,70.9
Yemen,1996-01-01,60.7
Zambia,1996-01-01,46.3
Zimbabwe,1996-01-01,54.4
Albania,1997-01-01,74.1
Algeria,1997-01-01,72.4
Angola,1997-01-01,51.7
Antigua and Barbuda,1997-01-01,73.9
Argentina,1997-01-01,73.6
Armenia,1997-01-01,70
Aruba,1997-01-01,73.67
Australia,1997-01-01,78.8
Austria,1997-01-01,77.6
Azerbaijan,1997-01-01,65.3
Bahamas,1997-01-01,70.2
Bahrain,1997-01-01,73.8
Bangladesh,1997-01-01,63.2
Barbados,1997-01-01,73.9
Belarus,1997-01-01,68
Belgium,1997-01-01,77.4
Belize,1997-01-01,69.7
Benin,1997-01-01,56.9
Bhutan,1997-01-01,65.1
Bolivia,1997-01-01,65.6
Bosnia and Herzegovina,1997-01-01,74.4
Botswana,1997-01-01,52.9
Brazil,1997-01-01,69.6
Brunei,1997-01-01,75.2
Bulgaria,1997-01-01,70.6
Burkina Faso,1997-01-01,51.6
Burundi,1997-01-01,45
Cambodia,1997-01-01,58.7
Cameroon,1997-01-01,55.5
Canada,1997-01-01,78.6
Cape Verde,1997-01-01,68.2
Central African Republic,1997-01-01,45.9
Chad,1997-01-01,52.5
Chile,1997-01-01,76.2
China,1997-01-01,69.1
Colombia,1997-01-01,72.8
Comoros,1997-01-01,59.4
"Congo, Dem. Rep.",1997-01-01,53.2
"Congo, Rep.",1997-01-01,46.3
Costa Rica,1997-01-01,77
Cote d'Ivoire,1997-01-01,52.3
Croatia,1997-01-01,73.4
Cuba,1997-01-01,75.4
Cyprus,1997-01-01,77.1
Czech Republic,1997-01-01,74.2
Denmark,1997-01-01,76.2
Djibouti,1997-01-01,60.1
Dominican Republic,1997-01-01,72.9
Ecuador,1997-01-01,72.7
Egypt,1997-01-01,68.2
El Salvador,1997-01-01,70.8
Equatorial Guinea,1997-01-01,50.3
Eritrea,1997-01-01,59
Estonia,1997-01-01,70
Ethiopia,1997-01-01,50.6
Fiji,1997-01-01,64.1
Finland,1997-01-01,77.1
France,1997-01-01,78.7
French Polynesia,1997-01-01,71.21
Gabon,1997-01-01,59.9
Gambia,1997-01-01,63.1
Georgia,1997-01-01,71.3
Germany,1997-01-01,77.3
Ghana,1997-01-01,59.8
Greece,1997-01-01,78.1
Greenland,1997-01-01,66.9
Grenada,1997-01-01,70.8
Guatemala,1997-01-01,67.7
Guinea,1997-01-01,54
Guinea-Bissau,1997-01-01,52.8
Guyana,1997-01-01,64.3
Haiti,1997-01-01,57
Honduras,1997-01-01,70.2
"Hong Kong, China",1997-01-01,79.29
Hungary,1997-01-01,70.9
Iceland,1997-01-01,79.6
India,1997-01-01,60.5
Indonesia,1997-01-01,66.7
Iran,1997-01-01,70.3
Iraq,1997-01-01,65.2
Ireland,1997-01-01,77.4
Israel,1997-01-01,77.9
Italy,1997-01-01,78.7
Jamaica,1997-01-01,74.4
Japan,1997-01-01,80.4
Jordan,1997-01-01,72.8
Kazakhstan,1997-01-01,63.9
Kenya,1997-01-01,56.7
Kiribati,1997-01-01,59.4
South Korea,1997-01-01,74.9
Kuwait,1997-01-01,76.2
Kyrgyz Republic,1997-01-01,65.3
Lao,1997-01-01,54.4
Latvia,1997-01-01,69.3
Lebanon,1997-01-01,74.4
Lesotho,1997-01-01,56.6
Liberia,1997-01-01,53.8
Libya,1997-01-01,74.8
Lithuania,1997-01-01,71.1
Luxembourg,1997-01-01,77.4
"Macao, China",1997-01-01,77
"Macedonia, FYR",1997-01-01,72.3
Madagascar,1997-01-01,58
Malawi,1997-01-01,45.8
Malaysia,1997-01-01,72.8
Maldives,1997-01-01,70.8
Mali,1997-01-01,52.2
Malta,1997-01-01,78.8
Mauritania,1997-01-01,62
Mauritius,1997-01-01,70.7
Mexico,1997-01-01,73.6
"Micronesia, Fed. Sts.",1997-01-01,65.9
Moldova,1997-01-01,67.9
Mongolia,1997-01-01,61.9
Montenegro,1997-01-01,73.3
Morocco,1997-01-01,70.4
Mozambique,1997-01-01,52.5
Namibia,1997-01-01,58.1
Nepal,1997-01-01,63.4
Netherlands,1997-01-01,77.9
New Caledonia,1997-01-01,72.7
New Zealand,1997-01-01,77.6
Nicaragua,1997-01-01,75
Niger,1997-01-01,50.6
Nigeria,1997-01-01,55
Norway,1997-01-01,78.3
Oman,1997-01-01,74.5
Pakistan,1997-01-01,61.8
Panama,1997-01-01,75.6
Papua New Guinea,1997-01-01,57.2
Paraguay,1997-01-01,74.2
Peru,1997-01-01,72.4
Philippines,1997-01-01,69
Poland,1997-01-01,72.7
Portugal,1997-01-01,75.8
Puerto Rico,1997-01-01,74.5
Qatar,1997-01-01,74.6
Romania,1997-01-01,69.1
Russia,1997-01-01,67
Rwanda,1997-01-01,44
St. Lucia,1997-01-01,71.5
St. Vincent and the Grenadines,1997-01-01,69.7
Samoa,1997-01-01,70.4
Saudi Arabia,1997-01-01,76
Senegal,1997-01-01,58.9
Serbia,1997-01-01,72.1
Seychelles,1997-01-01,70.1
Sierra Leone,1997-01-01,51.3
Singapore,1997-01-01,77.2
Slovak Republic,1997-01-01,72.8
Slovenia,1997-01-01,75.2
Solomon Islands,1997-01-01,61.5
South Africa,1997-01-01,60
Spain,1997-01-01,78.6
Sri Lanka,1997-01-01,71.4
Sudan,1997-01-01,60.8
Suriname,1997-01-01,70.2
Swaziland,1997-01-01,55.8
Sweden,1997-01-01,79.4
Switzerland,1997-01-01,79.2
Syria,1997-01-01,73.4
Tajikistan,1997-01-01,64.8
Tanzania,1997-01-01,53.8
Thailand,1997-01-01,70.5
Timor-Leste,1997-01-01,62.4
Togo,1997-01-01,56.9
Tonga,1997-01-01,69.7
Trinidad and Tobago,1997-01-01,69.4
Tunisia,1997-01-01,73.9
Turkey,1997-01-01,71.2
Turkmenistan,1997-01-01,63.2
Uganda,1997-01-01,48.5
Ukraine,1997-01-01,67.3
United Arab Emirates,1997-01-01,72.4
United Kingdom,1997-01-01,77.1
United States,1997-01-01,76.6
Uruguay,1997-01-01,73.7
Uzbekistan,1997-01-01,66.9
Vanuatu,1997-01-01,61.2
Venezuela,1997-01-01,73.6
West Bank and Gaza,1997-01-01,74.2
Vietnam,1997-01-01,71.1
Yemen,1997-01-01,61.1
Zambia,1997-01-01,45.9
Zimbabwe,1997-01-01,52.8
Albania,1998-01-01,74.2
Algeria,1998-01-01,72.6
Angola,1998-01-01,51.8
Antigua and Barbuda,1998-01-01,74.1
Argentina,1998-01-01,73.8
Armenia,1998-01-01,70.5
Aruba,1998-01-01,73.7
Australia,1998-01-01,79.2
Austria,1998-01-01,77.8
Azerbaijan,1998-01-01,65.6
Bahamas,1998-01-01,70.1
Bahrain,1998-01-01,74
Bangladesh,1998-01-01,63.9
Barbados,1998-01-01,74.1
Belarus,1998-01-01,67.9
Belgium,1998-01-01,77.5
Belize,1998-01-01,69.5
Benin,1998-01-01,57
Bhutan,1998-01-01,65.6
Bolivia,1998-01-01,66.3
Bosnia and Herzegovina,1998-01-01,74.8
Botswana,1998-01-01,50.9
Brazil,1998-01-01,69.9
Brunei,1998-01-01,75.6
Bulgaria,1998-01-01,71
Burkina Faso,1998-01-01,51.8
Burundi,1998-01-01,45.5
Cambodia,1998-01-01,59
Cameroon,1998-01-01,55
Canada,1998-01-01,78.8
Cape Verde,1998-01-01,68.2
Central African Republic,1998-01-01,45.7
Chad,1998-01-01,52.1
Chile,1998-01-01,76.6
China,1998-01-01,69.4
Colombia,1998-01-01,73.1
Comoros,1998-01-01,60
"Congo, Dem. Rep.",1998-01-01,53.5
"Congo, Rep.",1998-01-01,49.9
Costa Rica,1998-01-01,77.2
Cote d'Ivoire,1998-01-01,52.2
Croatia,1998-01-01,73.5
Cuba,1998-01-01,75.6
Cyprus,1998-01-01,77.1
Czech Republic,1998-01-01,74.5
Denmark,1998-01-01,76.7
Djibouti,1998-01-01,60
Dominican Republic,1998-01-01,72.9
Ecuador,1998-01-01,72.8
Egypt,1998-01-01,68.6
El Salvador,1998-01-01,71
Equatorial Guinea,1998-01-01,51.2
Eritrea,1998-01-01,58.8
Estonia,1998-01-01,69.5
Ethiopia,1998-01-01,51.1
Fiji,1998-01-01,64.2
Finland,1998-01-01,77.3
France,1998-01-01,78.7
French Polynesia,1998-01-01,71.59
Gabon,1998-01-01,60
Gambia,1998-01-01,63.4
Georgia,1998-01-01,71.4
Germany,1998-01-01,77.6
Ghana,1998-01-01,60.1
Greece,1998-01-01,78.2
Greenland,1998-01-01,67.2
Grenada,1998-01-01,70.6
Guatemala,1998-01-01,67.7
Guinea,1998-01-01,54
Guinea-Bissau,1998-01-01,51.7
Guyana,1998-01-01,64.3
Haiti,1998-01-01,57.5
Honduras,1998-01-01,63.9
"Hong Kong, China",1998-01-01,79.63
Hungary,1998-01-01,71.1
Iceland,1998-01-01,79.9
India,1998-01-01,60.8
Indonesia,1998-01-01,67
Iran,1998-01-01,70.8
Iraq,1998-01-01,65.7
Ireland,1998-01-01,77.6
Israel,1998-01-01,78.1
Italy,1998-01-01,78.9
Jamaica,1998-01-01,74.5
Japan,1998-01-01,80.5
Jordan,1998-01-01,73
Kazakhstan,1998-01-01,64.2
Kenya,1998-01-01,56.1
Kiribati,1998-01-01,59.5
South Korea,1998-01-01,75.4
Kuwait,1998-01-01,76.3
Kyrgyz Republic,1998-01-01,65.6
Lao,1998-01-01,54.9
Latvia,1998-01-01,69
Lebanon,1998-01-01,74.9
Lesotho,1998-01-01,54.6
Liberia,1998-01-01,54.4
Libya,1998-01-01,74.8
Lithuania,1998-01-01,71.3
Luxembourg,1998-01-01,77.7
"Macao, China",1998-01-01,77.21
"Macedonia, FYR",1998-01-01,72.4
Madagascar,1998-01-01,58.3
Malawi,1998-01-01,45.3
Malaysia,1998-01-01,73
Maldives,1998-01-01,71.7
Mali,1998-01-01,50.9
Malta,1998-01-01,78.9
Mauritania,1998-01-01,62.5
Mauritius,1998-01-01,71
Mexico,1998-01-01,73.7
"Micronesia, Fed. Sts.",1998-01-01,66.1
Moldova,1998-01-01,68.5
Mongolia,1998-01-01,62.1
Montenegro,1998-01-01,73.1
Morocco,1998-01-01,70.8
Mozambique,1998-01-01,52.6
Namibia,1998-01-01,56.7
Nepal,1998-01-01,63.9
Netherlands,1998-01-01,78.1
New Caledonia,1998-01-01,72.95
New Zealand,1998-01-01,78
Nicaragua,1998-01-01,73.2
Niger,1998-01-01,51.2
Nigeria,1998-01-01,55.1
Norway,1998-01-01,78.3
Oman,1998-01-01,74.8
Pakistan,1998-01-01,62
Panama,1998-01-01,75.8
Papua New Guinea,1998-01-01,56.5
Paraguay,1998-01-01,74.2
Peru,1998-01-01,73.1
Philippines,1998-01-01,69
Poland,1998-01-01,73
Portugal,1998-01-01,76.1
Puerto Rico,1998-01-01,75.1
Qatar,1998-01-01,74.6
Romania,1998-01-01,69.8
Russia,1998-01-01,67.2
Rwanda,1998-01-01,45.6
St. Lucia,1998-01-01,71.7
St. Vincent and the Grenadines,1998-01-01,69.8
Samoa,1998-01-01,70.6
Saudi Arabia,1998-01-01,76.3
Senegal,1998-01-01,59.1
Serbia,1998-01-01,71.5
Seychelles,1998-01-01,70.4
Sierra Leone,1998-01-01,49.7
Singapore,1998-01-01,77.6
Slovak Republic,1998-01-01,72.8
Slovenia,1998-01-01,75.4
Solomon Islands,1998-01-01,61.6
South Africa,1998-01-01,58.9
Spain,1998-01-01,78.8
Sri Lanka,1998-01-01,72
Sudan,1998-01-01,61.2
Suriname,1998-01-01,70.1
Swaziland,1998-01-01,53.5
Sweden,1998-01-01,79.5
Switzerland,1998-01-01,79.5
Syria,1998-01-01,73.8
Tajikistan,1998-01-01,64.9
Tanzania,1998-01-01,53.7
Thailand,1998-01-01,70.4
Timor-Leste,1998-01-01,62.8
Togo,1998-01-01,56.6
Tonga,1998-01-01,69.7
Trinidad and Tobago,1998-01-01,69.6
Tunisia,1998-01-01,74.3
Turkey,1998-01-01,72
Turkmenistan,1998-01-01,63.3
Uganda,1998-01-01,48.7
Ukraine,1998-01-01,68.1
United Arab Emirates,1998-01-01,72.8
United Kingdom,1998-01-01,77.3
United States,1998-01-01,76.8
Uruguay,1998-01-01,74
Uzbekistan,1998-01-01,67.1
Vanuatu,1998-01-01,62.5
Venezuela,1998-01-01,73.6
West Bank and Gaza,1998-01-01,74.5
Vietnam,1998-01-01,71.5
Yemen,1998-01-01,61.5
Zambia,1998-01-01,45.4
Zimbabwe,1998-01-01,50.9
Albania,1999-01-01,74.2
Algeria,1999-01-01,73
Angola,1999-01-01,51.8
Antigua and Barbuda,1999-01-01,74
Argentina,1999-01-01,73.9
Armenia,1999-01-01,70.8
Aruba,1999-01-01,73.73
Australia,1999-01-01,79.4
Austria,1999-01-01,78
Azerbaijan,1999-01-01,65.9
Bahamas,1999-01-01,70.1
Bahrain,1999-01-01,74.2
Bangladesh,1999-01-01,64.6
Barbados,1999-01-01,74.2
Belarus,1999-01-01,67.7
Belgium,1999-01-01,77.7
Belize,1999-01-01,69.3
Benin,1999-01-01,57.1
Bhutan,1999-01-01,66.5
Bolivia,1999-01-01,66.9
Bosnia and Herzegovina,1999-01-01,75.3
Botswana,1999-01-01,49.2
Brazil,1999-01-01,70.3
Brunei,1999-01-01,75.8
Bulgaria,1999-01-01,71.4
Burkina Faso,1999-01-01,52.2
Burundi,1999-01-01,46.3
Cambodia,1999-01-01,59.5
Cameroon,1999-01-01,54.7
Canada,1999-01-01,79
Cape Verde,1999-01-01,68.2
Central African Republic,1999-01-01,45.5
Chad,1999-01-01,51.7
Chile,1999-01-01,76.9
China,1999-01-01,69.6
Colombia,1999-01-01,73.2
Comoros,1999-01-01,61.4
"Congo, Dem. Rep.",1999-01-01,54
"Congo, Rep.",1999-01-01,51.6
Costa Rica,1999-01-01,77.5
Cote d'Ivoire,1999-01-01,52.2
Croatia,1999-01-01,73.8
Cuba,1999-01-01,75.8
Cyprus,1999-01-01,77.5
Czech Republic,1999-01-01,74.7
Denmark,1999-01-01,76.3
Djibouti,1999-01-01,59.9
Dominican Republic,1999-01-01,73.2
Ecuador,1999-01-01,73.1
Egypt,1999-01-01,69
El Salvador,1999-01-01,71.6
Equatorial Guinea,1999-01-01,52
Eritrea,1999-01-01,52.2
Estonia,1999-01-01,70.2
Ethiopia,1999-01-01,50.6
Fiji,1999-01-01,64.1
Finland,1999-01-01,77.5
France,1999-01-01,78.8
French Polynesia,1999-01-01,71.96
Gabon,1999-01-01,59.7
Gambia,1999-01-01,63.4
Georgia,1999-01-01,71.4
Germany,1999-01-01,77.8
Ghana,1999-01-01,60.1
Greece,1999-01-01,78.3
Greenland,1999-01-01,67.5
Grenada,1999-01-01,70.6
Guatemala,1999-01-01,68.8
Guinea,1999-01-01,54
Guinea-Bissau,1999-01-01,52.5
Guyana,1999-01-01,64.3
Haiti,1999-01-01,58
Honduras,1999-01-01,70.3
"Hong Kong, China",1999-01-01,79.99
Hungary,1999-01-01,71.3
Iceland,1999-01-01,80.2
India,1999-01-01,61.2
Indonesia,1999-01-01,67.2
Iran,1999-01-01,71.3
Iraq,1999-01-01,65.9
Ireland,1999-01-01,77.7
Israel,1999-01-01,78.5
Italy,1999-01-01,79.3
Jamaica,1999-01-01,74.6
Japan,1999-01-01,80.6
Jordan,1999-01-01,73.2
Kazakhstan,1999-01-01,65
Kenya,1999-01-01,55.8
Kiribati,1999-01-01,59.6
South Korea,1999-01-01,75.8
Kuwait,1999-01-01,77.3
Kyrgyz Republic,1999-01-01,65.8
Lao,1999-01-01,55.5
Latvia,1999-01-01,70
Lebanon,1999-01-01,75.6
Lesotho,1999-01-01,52.9
Liberia,1999-01-01,55.2
Libya,1999-01-01,74.9
Lithuania,1999-01-01,71.8
Luxembourg,1999-01-01,78.1
"Macao, China",1999-01-01,77.42
"Macedonia, FYR",1999-01-01,72.6
Madagascar,1999-01-01,58.8
Malawi,1999-01-01,45.1
Malaysia,1999-01-01,73.1
Maldives,1999-01-01,72.3
Mali,1999-01-01,53.5
Malta,1999-01-01,79
Mauritania,1999-01-01,63.2
Mauritius,1999-01-01,71.2
Mexico,1999-01-01,74.1
"Micronesia, Fed. Sts.",1999-01-01,66.3
Moldova,1999-01-01,68.4
Mongolia,1999-01-01,62.3
Montenegro,1999-01-01,73
Morocco,1999-01-01,71.1
Mozambique,1999-01-01,52.6
Namibia,1999-01-01,55.4
Nepal,1999-01-01,64.6
Netherlands,1999-01-01,78
New Caledonia,1999-01-01,73.21
New Zealand,1999-01-01,78.2
Nicaragua,1999-01-01,75.6
Niger,1999-01-01,51.8
Nigeria,1999-01-01,55.2
Norway,1999-01-01,78.5
Oman,1999-01-01,75.1
Pakistan,1999-01-01,62.1
Panama,1999-01-01,76.2
Papua New Guinea,1999-01-01,57.4
Paraguay,1999-01-01,74.3
Peru,1999-01-01,73.9
Philippines,1999-01-01,69.2
Poland,1999-01-01,73.1
Portugal,1999-01-01,76.4
Puerto Rico,1999-01-01,75.2
Qatar,1999-01-01,74.6
Romania,1999-01-01,70.6
Russia,1999-01-01,65.9
Rwanda,1999-01-01,47.2
St. Lucia,1999-01-01,71.8
St. Vincent and the Grenadines,1999-01-01,69.6
Samoa,1999-01-01,70.7
Saudi Arabia,1999-01-01,76.6
Senegal,1999-01-01,59.2
Serbia,1999-01-01,71
Seychelles,1999-01-01,70.7
Sierra Leone,1999-01-01,49.2
Singapore,1999-01-01,78
Slovak Republic,1999-01-01,73
Slovenia,1999-01-01,75.7
Solomon Islands,1999-01-01,61.7
South Africa,1999-01-01,57.9
Spain,1999-01-01,78.8
Sri Lanka,1999-01-01,72.4
Sudan,1999-01-01,62
Suriname,1999-01-01,69.9
Swaziland,1999-01-01,51.4
Sweden,1999-01-01,79.5
Switzerland,1999-01-01,79.8
Syria,1999-01-01,74.1
Tajikistan,1999-01-01,65.5
Tanzania,1999-01-01,53.8
Thailand,1999-01-01,70.5
Timor-Leste,1999-01-01,62.3
Togo,1999-01-01,56.8
Tonga,1999-01-01,69.6
Trinidad and Tobago,1999-01-01,69.3
Tunisia,1999-01-01,74.7
Turkey,1999-01-01,71.5
Turkmenistan,1999-01-01,63.5
Uganda,1999-01-01,48.9
Ukraine,1999-01-01,67.7
United Arab Emirates,1999-01-01,73
United Kingdom,1999-01-01,77.5
United States,1999-01-01,76.9
Uruguay,1999-01-01,74.3
Uzbekistan,1999-01-01,67.4
Vanuatu,1999-01-01,62
Venezuela,1999-01-01,70.2
West Bank and Gaza,1999-01-01,74.7
Vietnam,1999-01-01,71.7
Yemen,1999-01-01,62
Zambia,1999-01-01,45
Zimbabwe,1999-01-01,49.3
Albania,2000-01-01,74.7
Algeria,2000-01-01,73.3
Angola,2000-01-01,52.3
Antigua and Barbuda,2000-01-01,73.8
Argentina,2000-01-01,74.2
Armenia,2000-01-01,71.3
Aruba,2000-01-01,73.78
Australia,2000-01-01,79.8
Austria,2000-01-01,78.2
Azerbaijan,2000-01-01,66.5
Bahamas,2000-01-01,70.2
Bahrain,2000-01-01,73.7
Bangladesh,2000-01-01,64.9
Barbados,2000-01-01,74
Belarus,2000-01-01,68.1
Belgium,2000-01-01,77.8
Belize,2000-01-01,69
Benin,2000-01-01,57.2
Bhutan,2000-01-01,65.9
Bolivia,2000-01-01,67.6
Bosnia and Herzegovina,2000-01-01,75.7
Botswana,2000-01-01,47.6
Brazil,2000-01-01,70.7
Brunei,2000-01-01,75.9
Bulgaria,2000-01-01,71.6
Burkina Faso,2000-01-01,52.6
Burundi,2000-01-01,46.7
Cambodia,2000-01-01,60
Cameroon,2000-01-01,54.3
Canada,2000-01-01,79.2
Cape Verde,2000-01-01,68.4
Central African Republic,2000-01-01,45.3
Chad,2000-01-01,51.5
Chile,2000-01-01,77.3
China,2000-01-01,69.8
Colombia,2000-01-01,73.3
Comoros,2000-01-01,62.1
"Congo, Dem. Rep.",2000-01-01,54.3
"Congo, Rep.",2000-01-01,52.5
Costa Rica,2000-01-01,77.7
Cote d'Ivoire,2000-01-01,52
Croatia,2000-01-01,74.2
Cuba,2000-01-01,76.2
Cyprus,2000-01-01,77.7
Czech Republic,2000-01-01,75
Denmark,2000-01-01,77.1
Djibouti,2000-01-01,60
Dominican Republic,2000-01-01,73.3
Ecuador,2000-01-01,73.2
Egypt,2000-01-01,69.7
El Salvador,2000-01-01,71.9
Equatorial Guinea,2000-01-01,52.9
Eritrea,2000-01-01,37.6
Estonia,2000-01-01,70.4
Ethiopia,2000-01-01,52.1
Fiji,2000-01-01,64.2
Finland,2000-01-01,77.8
France,2000-01-01,79.1
French Polynesia,2000-01-01,72.31
Gabon,2000-01-01,59.3
Gambia,2000-01-01,63.6
Georgia,2000-01-01,71.4
Germany,2000-01-01,78.1
Ghana,2000-01-01,60
Greece,2000-01-01,78.6
Greenland,2000-01-01,67.8
Grenada,2000-01-01,70.5
Guatemala,2000-01-01,68.8
Guinea,2000-01-01,54.2
Guinea-Bissau,2000-01-01,52.8
Guyana,2000-01-01,64.2
Haiti,2000-01-01,58.7
Honduras,2000-01-01,70.5
"Hong Kong, China",2000-01-01,80.36
Hungary,2000-01-01,71.8
Iceland,2000-01-01,80.5
India,2000-01-01,61.5
Indonesia,2000-01-01,67.5
Iran,2000-01-01,71.4
Iraq,2000-01-01,65.8
Ireland,2000-01-01,77.8
Israel,2000-01-01,78.6
Italy,2000-01-01,79.6
Jamaica,2000-01-01,74.4
Japan,2000-01-01,81
Jordan,2000-01-01,73.4
Kazakhstan,2000-01-01,64.9
Kenya,2000-01-01,55.6
Kiribati,2000-01-01,59.8
South Korea,2000-01-01,76.3
Kuwait,2000-01-01,77.7
Kyrgyz Republic,2000-01-01,65.9
Lao,2000-01-01,56.1
Latvia,2000-01-01,70.5
Lebanon,2000-01-01,75.9
Lesotho,2000-01-01,50.7
Liberia,2000-01-01,55.8
Libya,2000-01-01,74.8
Lithuania,2000-01-01,72.1
Luxembourg,2000-01-01,78.5
"Macao, China",2000-01-01,77.63
"Macedonia, FYR",2000-01-01,72.9
Madagascar,2000-01-01,59.1
Malawi,2000-01-01,45.4
Malaysia,2000-01-01,73.3
Maldives,2000-01-01,73
Mali,2000-01-01,53.5
Malta,2000-01-01,79.2
Mauritania,2000-01-01,63.8
Mauritius,2000-01-01,71.4
Mexico,2000-01-01,74.6
"Micronesia, Fed. Sts.",2000-01-01,66.6
Moldova,2000-01-01,68.6
Mongolia,2000-01-01,62.5
Montenegro,2000-01-01,73.3
Morocco,2000-01-01,71.5
Mozambique,2000-01-01,52.3
Namibia,2000-01-01,54
Nepal,2000-01-01,65.2
Netherlands,2000-01-01,78.1
New Caledonia,2000-01-01,73.46
New Zealand,2000-01-01,78.4
Nicaragua,2000-01-01,76
Niger,2000-01-01,52.4
Nigeria,2000-01-01,55.2
Norway,2000-01-01,78.6
Oman,2000-01-01,75.2
Pakistan,2000-01-01,62.3
Panama,2000-01-01,76.5
Papua New Guinea,2000-01-01,57.5
Paraguay,2000-01-01,74.2
Peru,2000-01-01,74.6
Philippines,2000-01-01,69.1
Poland,2000-01-01,73.8
Portugal,2000-01-01,76.8
Puerto Rico,2000-01-01,75.6
Qatar,2000-01-01,74.7
Romania,2000-01-01,71.1
Russia,2000-01-01,65.1
Rwanda,2000-01-01,49.2
St. Lucia,2000-01-01,72
St. Vincent and the Grenadines,2000-01-01,69.1
Samoa,2000-01-01,70.8
Saudi Arabia,2000-01-01,76.8
Senegal,2000-01-01,59.7
Serbia,2000-01-01,72.1
Seychelles,2000-01-01,70.9
Sierra Leone,2000-01-01,51.5
Singapore,2000-01-01,78.3
Slovak Republic,2000-01-01,73.3
Slovenia,2000-01-01,76.1
Solomon Islands,2000-01-01,61.7
South Africa,2000-01-01,56.4
Spain,2000-01-01,79.2
Sri Lanka,2000-01-01,72.4
Sudan,2000-01-01,62.4
Suriname,2000-01-01,69.7
Swaziland,2000-01-01,48.8
Sweden,2000-01-01,79.7
Switzerland,2000-01-01,79.8
Syria,2000-01-01,74.4
Tajikistan,2000-01-01,65.8
Tanzania,2000-01-01,54.3
Thailand,2000-01-01,70.7
Timor-Leste,2000-01-01,60.7
Togo,2000-01-01,56.7
Tonga,2000-01-01,69.6
Trinidad and Tobago,2000-01-01,69.5
Tunisia,2000-01-01,75
Turkey,2000-01-01,73.8
Turkmenistan,2000-01-01,63.7
Uganda,2000-01-01,49.1
Ukraine,2000-01-01,67.3
United Arab Emirates,2000-01-01,73.3
United Kingdom,2000-01-01,77.8
United States,2000-01-01,76.9
Uruguay,2000-01-01,74.6
Uzbekistan,2000-01-01,67.6
Vanuatu,2000-01-01,62.5
Venezuela,2000-01-01,73.8
West Bank and Gaza,2000-01-01,74.4
Vietnam,2000-01-01,72
Yemen,2000-01-01,62.4
Zambia,2000-01-01,44.8
Zimbabwe,2000-01-01,47.9
Albania,2001-01-01,75.1
Algeria,2001-01-01,73.5
Angola,2001-01-01,52.5
Antigua and Barbuda,2001-01-01,74.1
Argentina,2001-01-01,74.3
Armenia,2001-01-01,71.4
Aruba,2001-01-01,73.85
Australia,2001-01-01,80.1
Austria,2001-01-01,78.6
Azerbaijan,2001-01-01,67.2
Bahamas,2001-01-01,70.3
Bahrain,2001-01-01,74.3
Bangladesh,2001-01-01,65.4
Barbados,2001-01-01,74.4
Belarus,2001-01-01,68
Belgium,2001-01-01,78
Belize,2001-01-01,68.8
Benin,2001-01-01,57.4
Bhutan,2001-01-01,67.5
Bolivia,2001-01-01,68.3
Bosnia and Herzegovina,2001-01-01,76.2
Botswana,2001-01-01,46.5
Brazil,2001-01-01,71.1
Brunei,2001-01-01,76.1
Bulgaria,2001-01-01,71.8
Burkina Faso,2001-01-01,53.2
Burundi,2001-01-01,48.4
Cambodia,2001-01-01,60.8
Cameroon,2001-01-01,54.2
Canada,2001-01-01,79.5
Cape Verde,2001-01-01,68.6
Central African Republic,2001-01-01,45.2
Chad,2001-01-01,51.7
Chile,2001-01-01,77.4
China,2001-01-01,70
Colombia,2001-01-01,73.5
Comoros,2001-01-01,63
"Congo, Dem. Rep.",2001-01-01,54.5
"Congo, Rep.",2001-01-01,53.5
Costa Rica,2001-01-01,78
Cote d'Ivoire,2001-01-01,52.1
Croatia,2001-01-01,74.6
Cuba,2001-01-01,76.4
Cyprus,2001-01-01,78.5
Czech Republic,2001-01-01,75.3
Denmark,2001-01-01,77.2
Djibouti,2001-01-01,60.1
Dominican Republic,2001-01-01,73.4
Ecuador,2001-01-01,73.4
Egypt,2001-01-01,69.7
El Salvador,2001-01-01,71.7
Equatorial Guinea,2001-01-01,54
Eritrea,2001-01-01,59.9
Estonia,2001-01-01,70
Ethiopia,2001-01-01,52.7
Fiji,2001-01-01,64.4
Finland,2001-01-01,78.1
France,2001-01-01,79.2
French Polynesia,2001-01-01,72.67
Gabon,2001-01-01,59
Gambia,2001-01-01,63.9
Georgia,2001-01-01,71.7
Germany,2001-01-01,78.4
Ghana,2001-01-01,59.9
Greece,2001-01-01,78.9
Greenland,2001-01-01,68
Grenada,2001-01-01,70.3
Guatemala,2001-01-01,69.3
Guinea,2001-01-01,54.4
Guinea-Bissau,2001-01-01,52.7
Guyana,2001-01-01,63.9
Haiti,2001-01-01,59.2
Honduras,2001-01-01,70.6
"Hong Kong, China",2001-01-01,80.73
Hungary,2001-01-01,72.3
Iceland,2001-01-01,80.8
India,2001-01-01,61.9
Indonesia,2001-01-01,67.8
Iran,2001-01-01,71.3
Iraq,2001-01-01,66.4
Ireland,2001-01-01,78.4
Israel,2001-01-01,78.8
Italy,2001-01-01,79.8
Jamaica,2001-01-01,74.2
Japan,2001-01-01,81.3
Jordan,2001-01-01,73.6
Kazakhstan,2001-01-01,65.1
Kenya,2001-01-01,55.6
Kiribati,2001-01-01,60.1
South Korea,2001-01-01,76.7
Kuwait,2001-01-01,77.6
Kyrgyz Republic,2001-01-01,66
Lao,2001-01-01,56.6
Latvia,2001-01-01,70
Lebanon,2001-01-01,76.3
Lesotho,2001-01-01,48.9
Liberia,2001-01-01,56.3
Libya,2001-01-01,75
Lithuania,2001-01-01,71.6
Luxembourg,2001-01-01,78.7
"Macao, China",2001-01-01,77.83
"Macedonia, FYR",2001-01-01,73
Madagascar,2001-01-01,59.6
Malawi,2001-01-01,45.9
Malaysia,2001-01-01,73.6
Maldives,2001-01-01,73.7
Mali,2001-01-01,54.1
Malta,2001-01-01,79.4
Mauritania,2001-01-01,64.2
Mauritius,2001-01-01,71.6
Mexico,2001-01-01,74.9
"Micronesia, Fed. Sts.",2001-01-01,66.8
Moldova,2001-01-01,69.2
Mongolia,2001-01-01,62.7
Montenegro,2001-01-01,73.5
Morocco,2001-01-01,71.8
Mozambique,2001-01-01,52.8
Namibia,2001-01-01,53.4
Nepal,2001-01-01,65.9
Netherlands,2001-01-01,78.3
New Caledonia,2001-01-01,73.7
New Zealand,2001-01-01,78.6
Nicaragua,2001-01-01,76.2
Niger,2001-01-01,52.9
Nigeria,2001-01-01,55.4
Norway,2001-01-01,78.9
Oman,2001-01-01,75.4
Pakistan,2001-01-01,62.5
Panama,2001-01-01,76.7
Papua New Guinea,2001-01-01,57.6
Paraguay,2001-01-01,74.2
Peru,2001-01-01,75.2
Philippines,2001-01-01,69
Poland,2001-01-01,74.2
Portugal,2001-01-01,76.8
Puerto Rico,2001-01-01,75.8
Qatar,2001-01-01,75
Romania,2001-01-01,71.1
Russia,2001-01-01,65.1
Rwanda,2001-01-01,51
St. Lucia,2001-01-01,72.1
St. Vincent and the Grenadines,2001-01-01,69.7
Samoa,2001-01-01,71
Saudi Arabia,2001-01-01,77.1
Senegal,2001-01-01,60.2
Serbia,2001-01-01,72.4
Seychelles,2001-01-01,71.1
Sierra Leone,2001-01-01,51.8
Singapore,2001-01-01,78.6
Slovak Republic,2001-01-01,73.6
Slovenia,2001-01-01,76.3
Solomon Islands,2001-01-01,61.7
South Africa,2001-01-01,55.9
Spain,2001-01-01,79.5
Sri Lanka,2001-01-01,73.3
Sudan,2001-01-01,62.8
Suriname,2001-01-01,69.5
Swaziland,2001-01-01,46.6
Sweden,2001-01-01,79.8
Switzerland,2001-01-01,80.2
Syria,2001-01-01,74.6
Tajikistan,2001-01-01,66.1
Tanzania,2001-01-01,54.8
Thailand,2001-01-01,71.2
Timor-Leste,2001-01-01,64.4
Togo,2001-01-01,56.7
Tonga,2001-01-01,69.6
Trinidad and Tobago,2001-01-01,69.8
Tunisia,2001-01-01,75.3
Turkey,2001-01-01,74.4
Turkmenistan,2001-01-01,64.1
Uganda,2001-01-01,49.7
Ukraine,2001-01-01,67.5
United Arab Emirates,2001-01-01,73.6
United Kingdom,2001-01-01,78
United States,2001-01-01,76.9
Uruguay,2001-01-01,74.8
Uzbekistan,2001-01-01,67.8
Vanuatu,2001-01-01,62.5
Venezuela,2001-01-01,73.8
West Bank and Gaza,2001-01-01,74.7
Vietnam,2001-01-01,72.2
Yemen,2001-01-01,62.8
Zambia,2001-01-01,44.9
Zimbabwe,2001-01-01,47
Albania,2002-01-01,75.5
Algeria,2002-01-01,73.8
Angola,2002-01-01,53.3
Antigua and Barbuda,2002-01-01,74.3
Argentina,2002-01-01,74.3
Armenia,2002-01-01,71.6
Aruba,2002-01-01,73.94
Australia,2002-01-01,80.3
Austria,2002-01-01,78.8
Azerbaijan,2002-01-01,67.6
Bahamas,2002-01-01,70.4
Bahrain,2002-01-01,74.8
Bangladesh,2002-01-01,65.8
Barbados,2002-01-01,74.6
Belarus,2002-01-01,67.9
Belgium,2002-01-01,78.2
Belize,2002-01-01,69.3
Benin,2002-01-01,57.7
Bhutan,2002-01-01,68.1
Bolivia,2002-01-01,68.7
Bosnia and Herzegovina,2002-01-01,76.4
Botswana,2002-01-01,45.6
Brazil,2002-01-01,71.4
Brunei,2002-01-01,76.3
Bulgaria,2002-01-01,72.1
Burkina Faso,2002-01-01,53.8
Burundi,2002-01-01,49.8
Cambodia,2002-01-01,61.6
Cameroon,2002-01-01,54.2
Canada,2002-01-01,79.6
Cape Verde,2002-01-01,68.7
Central African Republic,2002-01-01,45.2
Chad,2002-01-01,51.9
Chile,2002-01-01,77.7
China,2002-01-01,70.2
Colombia,2002-01-01,73.7
Comoros,2002-01-01,63.8
"Congo, Dem. Rep.",2002-01-01,54.7
"Congo, Rep.",2002-01-01,54.3
Costa Rica,2002-01-01,78.2
Cote d'Ivoire,2002-01-01,52.3
Croatia,2002-01-01,74.9
Cuba,2002-01-01,76.8
Cyprus,2002-01-01,78.7
Czech Republic,2002-01-01,75.4
Denmark,2002-01-01,77.2
Djibouti,2002-01-01,60.2
Dominican Republic,2002-01-01,73.5
Ecuador,2002-01-01,73.6
Egypt,2002-01-01,69.8
El Salvador,2002-01-01,72.5
Equatorial Guinea,2002-01-01,54.9
Eritrea,2002-01-01,60
Estonia,2002-01-01,70.9
Ethiopia,2002-01-01,53.6
Fiji,2002-01-01,64.5
Finland,2002-01-01,78.3
France,2002-01-01,79.4
French Polynesia,2002-01-01,73.03
Gabon,2002-01-01,59.4
Gambia,2002-01-01,63.8
Georgia,2002-01-01,71.6
Germany,2002-01-01,78.6
Ghana,2002-01-01,60
Greece,2002-01-01,79.1
Greenland,2002-01-01,68.3
Grenada,2002-01-01,70.2
Guatemala,2002-01-01,70
Guinea,2002-01-01,54.7
Guinea-Bissau,2002-01-01,52.7
Guyana,2002-01-01,63.5
Haiti,2002-01-01,59.6
Honduras,2002-01-01,70.7
"Hong Kong, China",2002-01-01,81.08
Hungary,2002-01-01,72.6
Iceland,2002-01-01,81
India,2002-01-01,62.3
Indonesia,2002-01-01,68
Iran,2002-01-01,71.3
Iraq,2002-01-01,66.1
Ireland,2002-01-01,78.8
Israel,2002-01-01,78.6
Italy,2002-01-01,80.1
Jamaica,2002-01-01,74.5
Japan,2002-01-01,81.6
Jordan,2002-01-01,73.8
Kazakhstan,2002-01-01,65.4
Kenya,2002-01-01,55.7
Kiribati,2002-01-01,60.2
South Korea,2002-01-01,77.1
Kuwait,2002-01-01,78.2
Kyrgyz Republic,2002-01-01,65.9
Lao,2002-01-01,57.6
Latvia,2002-01-01,70.4
Lebanon,2002-01-01,76.6
Lesotho,2002-01-01,47
Liberia,2002-01-01,55.4
Libya,2002-01-01,75
Lithuania,2002-01-01,72.1
Luxembourg,2002-01-01,79
"Macao, China",2002-01-01,78.04
"Macedonia, FYR",2002-01-01,73.3
Madagascar,2002-01-01,59.8
Malawi,2002-01-01,46.4
Malaysia,2002-01-01,73.8
Maldives,2002-01-01,74.4
Mali,2002-01-01,54.6
Malta,2002-01-01,79.8
Mauritania,2002-01-01,64.9
Mauritius,2002-01-01,71.7
Mexico,2002-01-01,74.9
"Micronesia, Fed. Sts.",2002-01-01,66
Moldova,2002-01-01,69.6
Mongolia,2002-01-01,62.9
Montenegro,2002-01-01,74
Morocco,2002-01-01,72
Mozambique,2002-01-01,52.7
Namibia,2002-01-01,52.7
Nepal,2002-01-01,65.9
Netherlands,2002-01-01,78.5
New Caledonia,2002-01-01,73.94
New Zealand,2002-01-01,78.9
Nicaragua,2002-01-01,76.3
Niger,2002-01-01,53.7
Nigeria,2002-01-01,55.3
Norway,2002-01-01,79.1
Oman,2002-01-01,75.4
Pakistan,2002-01-01,62.6
Panama,2002-01-01,76.9
Papua New Guinea,2002-01-01,57.6
Paraguay,2002-01-01,74.1
Peru,2002-01-01,75.7
Philippines,2002-01-01,69
Poland,2002-01-01,74.6
Portugal,2002-01-01,77.3
Puerto Rico,2002-01-01,76.2
Qatar,2002-01-01,75
Romania,2002-01-01,71.2
Russia,2002-01-01,64.9
Rwanda,2002-01-01,53.5
St. Lucia,2002-01-01,72.3
St. Vincent and the Grenadines,2002-01-01,69.7
Samoa,2002-01-01,71.2
Saudi Arabia,2002-01-01,77.2
Senegal,2002-01-01,60.4
Serbia,2002-01-01,72.5
Seychelles,2002-01-01,71.3
Sierra Leone,2002-01-01,51.6
Singapore,2002-01-01,78.9
Slovak Republic,2002-01-01,73.8
Slovenia,2002-01-01,76.6
Solomon Islands,2002-01-01,61.7
South Africa,2002-01-01,54.8
Spain,2002-01-01,79.6
Sri Lanka,2002-01-01,73.7
Sudan,2002-01-01,63.3
Suriname,2002-01-01,69.4
Swaziland,2002-01-01,45.1
Sweden,2002-01-01,80
Switzerland,2002-01-01,80.4
Syria,2002-01-01,74.9
Tajikistan,2002-01-01,66.5
Tanzania,2002-01-01,55.4
Thailand,2002-01-01,71.7
Timor-Leste,2002-01-01,65.3
Togo,2002-01-01,56.7
Tonga,2002-01-01,69.7
Trinidad and Tobago,2002-01-01,69.9
Tunisia,2002-01-01,75.5
Turkey,2002-01-01,75.1
Turkmenistan,2002-01-01,64.4
Uganda,2002-01-01,50.3
Ukraine,2002-01-01,67.5
United Arab Emirates,2002-01-01,73.8
United Kingdom,2002-01-01,78.2
United States,2002-01-01,77.1
Uruguay,2002-01-01,75
Uzbekistan,2002-01-01,67.9
Vanuatu,2002-01-01,62.5
Venezuela,2002-01-01,73.8
West Bank and Gaza,2002-01-01,74.4
Vietnam,2002-01-01,72.5
Yemen,2002-01-01,63.3
Zambia,2002-01-01,45.1
Zimbabwe,2002-01-01,45.9
Albania,2003-01-01,75.7
Algeria,2003-01-01,73.9
Angola,2003-01-01,53.9
Antigua and Barbuda,2003-01-01,74.5
Argentina,2003-01-01,74.5
Armenia,2003-01-01,71.5
Aruba,2003-01-01,74.05
Australia,2003-01-01,80.6
Austria,2003-01-01,79
Azerbaijan,2003-01-01,67.6
Bahamas,2003-01-01,71.1
Bahrain,2003-01-01,75.3
Bangladesh,2003-01-01,66.3
Barbados,2003-01-01,74.8
Belarus,2003-01-01,68.2
Belgium,2003-01-01,78.5
Belize,2003-01-01,69.6
Benin,2003-01-01,57.9
Bhutan,2003-01-01,68.5
Bolivia,2003-01-01,69.3
Bosnia and Herzegovina,2003-01-01,76.7
Botswana,2003-01-01,45.7
Brazil,2003-01-01,71.7
Brunei,2003-01-01,76.5
Bulgaria,2003-01-01,72.3
Burkina Faso,2003-01-01,54.5
Burundi,2003-01-01,51.3
Cambodia,2003-01-01,62.4
Cameroon,2003-01-01,54.3
Canada,2003-01-01,79.8
Cape Verde,2003-01-01,68.9
Central African Republic,2003-01-01,45.2
Chad,2003-01-01,52.1
Chile,2003-01-01,77.8
China,2003-01-01,70.9
Colombia,2003-01-01,74.5
Comoros,2003-01-01,64.8
"Congo, Dem. Rep.",2003-01-01,54.9
"Congo, Rep.",2003-01-01,55
Costa Rica,2003-01-01,78.4
Cote d'Ivoire,2003-01-01,52.6
Croatia,2003-01-01,75.1
Cuba,2003-01-01,76.9
Cyprus,2003-01-01,79
Czech Republic,2003-01-01,75.6
Denmark,2003-01-01,77.6
Djibouti,2003-01-01,60.3
Dominican Republic,2003-01-01,73.5
Ecuador,2003-01-01,73.7
Egypt,2003-01-01,69.8
El Salvador,2003-01-01,72.6
Equatorial Guinea,2003-01-01,55.3
Eritrea,2003-01-01,59.9
Estonia,2003-01-01,71.5
Ethiopia,2003-01-01,54.3
Fiji,2003-01-01,64.6
Finland,2003-01-01,78.5
France,2003-01-01,79.6
French Polynesia,2003-01-01,73.4
Gabon,2003-01-01,59.4
Gambia,2003-01-01,64.4
Georgia,2003-01-01,71.7
Germany,2003-01-01,78.8
Ghana,2003-01-01,60.2
Greece,2003-01-01,79.3
Greenland,2003-01-01,68.5
Grenada,2003-01-01,70.2
Guatemala,2003-01-01,70.1
Guinea,2003-01-01,55.1
Guinea-Bissau,2003-01-01,52.8
Guyana,2003-01-01,63.7
Haiti,2003-01-01,59.7
Honduras,2003-01-01,70.8
"Hong Kong, China",2003-01-01,81.4
Hungary,2003-01-01,72.7
Iceland,2003-01-01,81.3
India,2003-01-01,62.8
Indonesia,2003-01-01,68.2
Iran,2003-01-01,70.1
Iraq,2003-01-01,66.1
Ireland,2003-01-01,79.1
Israel,2003-01-01,79.1
Italy,2003-01-01,80.1
Jamaica,2003-01-01,74.8
Japan,2003-01-01,81.7
Jordan,2003-01-01,74
Kazakhstan,2003-01-01,65.3
Kenya,2003-01-01,55.8
Kiribati,2003-01-01,60.4
South Korea,2003-01-01,77.7
Kuwait,2003-01-01,78.5
Kyrgyz Republic,2003-01-01,66
Lao,2003-01-01,58.4
Latvia,2003-01-01,70.8
Lebanon,2003-01-01,76.9
Lesotho,2003-01-01,45.4
Liberia,2003-01-01,55.2
Libya,2003-01-01,75.1
Lithuania,2003-01-01,72.1
Luxembourg,2003-01-01,79.1
"Macao, China",2003-01-01,78.25
"Macedonia, FYR",2003-01-01,73.4
Madagascar,2003-01-01,60.1
Malawi,2003-01-01,47
Malaysia,2003-01-01,73.9
Maldives,2003-01-01,75.3
Mali,2003-01-01,55.5
Malta,2003-01-01,80.1
Mauritania,2003-01-01,65.5
Mauritius,2003-01-01,71.9
Mexico,2003-01-01,74.9
"Micronesia, Fed. Sts.",2003-01-01,67.3
Moldova,2003-01-01,69.9
Mongolia,2003-01-01,63.1
Montenegro,2003-01-01,74.5
Morocco,2003-01-01,72.3
Mozambique,2003-01-01,52.9
Namibia,2003-01-01,52.4
Nepal,2003-01-01,66.8
Netherlands,2003-01-01,78.7
New Caledonia,2003-01-01,74.17
New Zealand,2003-01-01,79.1
Nicaragua,2003-01-01,76.3
Niger,2003-01-01,54.4
Nigeria,2003-01-01,55.6
Norway,2003-01-01,79.5
Oman,2003-01-01,75.6
Pakistan,2003-01-01,62.8
Panama,2003-01-01,77
Papua New Guinea,2003-01-01,57.7
Paraguay,2003-01-01,74.1
Peru,2003-01-01,76.2
Philippines,2003-01-01,69.1
Poland,2003-01-01,74.9
Portugal,2003-01-01,77.6
Puerto Rico,2003-01-01,76.5
Qatar,2003-01-01,75.2
Romania,2003-01-01,71.6
Russia,2003-01-01,64.7
Rwanda,2003-01-01,55.5
St. Lucia,2003-01-01,72.5
St. Vincent and the Grenadines,2003-01-01,70.1
Samoa,2003-01-01,71.4
Saudi Arabia,2003-01-01,77.4
Senegal,2003-01-01,61.3
Serbia,2003-01-01,72.7
Seychelles,2003-01-01,71.5
Sierra Leone,2003-01-01,51.7
Singapore,2003-01-01,79.3
Slovak Republic,2003-01-01,73.9
Slovenia,2003-01-01,76.8
Solomon Islands,2003-01-01,61.7
South Africa,2003-01-01,53.7
Spain,2003-01-01,79.6
Sri Lanka,2003-01-01,74
Sudan,2003-01-01,63.5
Suriname,2003-01-01,69.5
Swaziland,2003-01-01,44
Sweden,2003-01-01,80.2
Switzerland,2003-01-01,80.6
Syria,2003-01-01,75.1
Tajikistan,2003-01-01,66.9
Tanzania,2003-01-01,55.9
Thailand,2003-01-01,72.1
Timor-Leste,2003-01-01,65.7
Togo,2003-01-01,56.4
Tonga,2003-01-01,69.6
Trinidad and Tobago,2003-01-01,70.4
Tunisia,2003-01-01,75.7
Turkey,2003-01-01,75.1
Turkmenistan,2003-01-01,64.8
Uganda,2003-01-01,51.2
Ukraine,2003-01-01,67.7
United Arab Emirates,2003-01-01,74.1
United Kingdom,2003-01-01,78.4
United States,2003-01-01,77.3
Uruguay,2003-01-01,75
Uzbekistan,2003-01-01,68.1
Vanuatu,2003-01-01,62.5
Venezuela,2003-01-01,73.5
West Bank and Gaza,2003-01-01,74.4
Vietnam,2003-01-01,72.8
Yemen,2003-01-01,63.7
Zambia,2003-01-01,45.3
Zimbabwe,2003-01-01,45.3
Albania,2004-01-01,75.9
Algeria,2004-01-01,74.4
Angola,2004-01-01,54.5
Antigua and Barbuda,2004-01-01,74.6
Argentina,2004-01-01,75
Armenia,2004-01-01,71.8
Aruba,2004-01-01,74.18
Australia,2004-01-01,80.9
Austria,2004-01-01,79.4
Azerbaijan,2004-01-01,67.8
Bahamas,2004-01-01,71.7
Bahrain,2004-01-01,75.7
Bangladesh,2004-01-01,66.8
Barbados,2004-01-01,74.9
Belarus,2004-01-01,68.5
Belgium,2004-01-01,79
Belize,2004-01-01,69.9
Benin,2004-01-01,58.2
Bhutan,2004-01-01,68.9
Bolivia,2004-01-01,69.8
Bosnia and Herzegovina,2004-01-01,76.9
Botswana,2004-01-01,46.9
Brazil,2004-01-01,72
Brunei,2004-01-01,76.7
Bulgaria,2004-01-01,72.5
Burkina Faso,2004-01-01,55.1
Burundi,2004-01-01,53
Cambodia,2004-01-01,63.2
Cameroon,2004-01-01,54.4
Canada,2004-01-01,80.1
Cape Verde,2004-01-01,69.1
Central African Republic,2004-01-01,45.4
Chad,2004-01-01,52.6
Chile,2004-01-01,78
China,2004-01-01,71.4
Colombia,2004-01-01,74.7
Comoros,2004-01-01,65.5
"Congo, Dem. Rep.",2004-01-01,55.9
"Congo, Rep.",2004-01-01,55.8
Costa Rica,2004-01-01,78.7
Cote d'Ivoire,2004-01-01,52.8
Croatia,2004-01-01,75.3
Cuba,2004-01-01,77
Cyprus,2004-01-01,79.1
Czech Republic,2004-01-01,75.9
Denmark,2004-01-01,77.8
Djibouti,2004-01-01,60.4
Dominican Republic,2004-01-01,73.1
Ecuador,2004-01-01,73.9
Egypt,2004-01-01,69.9
El Salvador,2004-01-01,72.8
Equatorial Guinea,2004-01-01,55.9
Eritrea,2004-01-01,60
Estonia,2004-01-01,72
Ethiopia,2004-01-01,55.2
Fiji,2004-01-01,64.7
Finland,2004-01-01,78.8
France,2004-01-01,80.2
French Polynesia,2004-01-01,73.77
Gabon,2004-01-01,59.4
Gambia,2004-01-01,64.7
Georgia,2004-01-01,71.5
Germany,2004-01-01,79.2
Ghana,2004-01-01,60.5
Greece,2004-01-01,79.4
Greenland,2004-01-01,68.8
Grenada,2004-01-01,69.3
Guatemala,2004-01-01,70.2
Guinea,2004-01-01,55.6
Guinea-Bissau,2004-01-01,52.8
Guyana,2004-01-01,64.2
Haiti,2004-01-01,58.6
Honduras,2004-01-01,71
"Hong Kong, China",2004-01-01,81.68
Hungary,2004-01-01,72.9
Iceland,2004-01-01,81.5
India,2004-01-01,63.2
Indonesia,2004-01-01,66.7
Iran,2004-01-01,71.5
Iraq,2004-01-01,66.3
Ireland,2004-01-01,79.3
Israel,2004-01-01,79.5
Italy,2004-01-01,80.9
Jamaica,2004-01-01,75
Japan,2004-01-01,81.9
Jordan,2004-01-01,74.1
Kazakhstan,2004-01-01,65.3
Kenya,2004-01-01,56.2
Kiribati,2004-01-01,60.6
South Korea,2004-01-01,78.2
Kuwait,2004-01-01,78.1
Kyrgyz Republic,2004-01-01,66.2
Lao,2004-01-01,59.3
Latvia,2004-01-01,71.2
Lebanon,2004-01-01,77.1
Lesotho,2004-01-01,44.2
Liberia,2004-01-01,57.9
Libya,2004-01-01,75.2
Lithuania,2004-01-01,72.2
Luxembourg,2004-01-01,79.5
"Macao, China",2004-01-01,78.46
"Macedonia, FYR",2004-01-01,73.6
Madagascar,2004-01-01,60.6
Malawi,2004-01-01,47.5
Malaysia,2004-01-01,74
Maldives,2004-01-01,74.7
Mali,2004-01-01,56.2
Malta,2004-01-01,80.3
Mauritania,2004-01-01,65.9
Mauritius,2004-01-01,72.1
Mexico,2004-01-01,75.2
"Micronesia, Fed. Sts.",2004-01-01,67.4
Moldova,2004-01-01,70.2
Mongolia,2004-01-01,63.4
Montenegro,2004-01-01,74.8
Morocco,2004-01-01,72.5
Mozambique,2004-01-01,53
Namibia,2004-01-01,52.5
Nepal,2004-01-01,67
Netherlands,2004-01-01,79.1
New Caledonia,2004-01-01,74.4
New Zealand,2004-01-01,79.4
Nicaragua,2004-01-01,76.4
Niger,2004-01-01,55.2
Nigeria,2004-01-01,56.1
Norway,2004-01-01,79.8
Oman,2004-01-01,75.8
Pakistan,2004-01-01,63.1
Panama,2004-01-01,77.1
Papua New Guinea,2004-01-01,57.7
Paraguay,2004-01-01,73.8
Peru,2004-01-01,76.7
Philippines,2004-01-01,69.1
Poland,2004-01-01,75
Portugal,2004-01-01,78.2
Puerto Rico,2004-01-01,76.5
Qatar,2004-01-01,75.8
Romania,2004-01-01,72
Russia,2004-01-01,65.1
Rwanda,2004-01-01,57.6
St. Lucia,2004-01-01,72.8
St. Vincent and the Grenadines,2004-01-01,70.2
Samoa,2004-01-01,71.6
Saudi Arabia,2004-01-01,77.5
Senegal,2004-01-01,61.7
Serbia,2004-01-01,72.9
Seychelles,2004-01-01,71.7
Sierra Leone,2004-01-01,52
Singapore,2004-01-01,79.8
Slovak Republic,2004-01-01,74.2
Slovenia,2004-01-01,77.2
Solomon Islands,2004-01-01,61.7
South Africa,2004-01-01,52.8
Spain,2004-01-01,80
Sri Lanka,2004-01-01,69.4
Sudan,2004-01-01,63.7
Suriname,2004-01-01,69.7
Swaziland,2004-01-01,43
Sweden,2004-01-01,80.2
Switzerland,2004-01-01,81
Syria,2004-01-01,75.3
Tajikistan,2004-01-01,67.5
Tanzania,2004-01-01,56.5
Thailand,2004-01-01,72.2
Timor-Leste,2004-01-01,66.5
Togo,2004-01-01,56.8
Tonga,2004-01-01,69.8
Trinidad and Tobago,2004-01-01,70.9
Tunisia,2004-01-01,76
Turkey,2004-01-01,75.8
Turkmenistan,2004-01-01,65.3
Uganda,2004-01-01,52
Ukraine,2004-01-01,67.5
United Arab Emirates,2004-01-01,74.4
United Kingdom,2004-01-01,78.7
United States,2004-01-01,77.6
Uruguay,2004-01-01,75.3
Uzbekistan,2004-01-01,68.3
Vanuatu,2004-01-01,62.6
Venezuela,2004-01-01,74.3
West Bank and Gaza,2004-01-01,74.4
Vietnam,2004-01-01,73
Yemen,2004-01-01,64.2
Zambia,2004-01-01,46.3
Zimbabwe,2004-01-01,44.7
Albania,2005-01-01,76.2
Algeria,2005-01-01,74.8
Angola,2005-01-01,55.2
Antigua and Barbuda,2005-01-01,74.9
Argentina,2005-01-01,75.3
Armenia,2005-01-01,71.8
Aruba,2005-01-01,74.32
Australia,2005-01-01,81.2
Austria,2005-01-01,79.5
Azerbaijan,2005-01-01,68.2
Bahamas,2005-01-01,71.7
Bahrain,2005-01-01,76.1
Bangladesh,2005-01-01,67.1
Barbados,2005-01-01,75
Belarus,2005-01-01,68.7
Belgium,2005-01-01,79.1
Belize,2005-01-01,70
Benin,2005-01-01,58.6
Bhutan,2005-01-01,69.3
Bolivia,2005-01-01,70.2
Bosnia and Herzegovina,2005-01-01,77
Botswana,2005-01-01,49.3
Brazil,2005-01-01,72.4
Brunei,2005-01-01,76.7
Bulgaria,2005-01-01,72.6
Burkina Faso,2005-01-01,55.9
Burundi,2005-01-01,54.7
Cambodia,2005-01-01,64
Cameroon,2005-01-01,54.9
Canada,2005-01-01,80.2
Cape Verde,2005-01-01,69.3
Central African Republic,2005-01-01,45.5
Chad,2005-01-01,53
Chile,2005-01-01,78.2
China,2005-01-01,71.9
Colombia,2005-01-01,75.1
Comoros,2005-01-01,66
"Congo, Dem. Rep.",2005-01-01,56.4
"Congo, Rep.",2005-01-01,56.7
Costa Rica,2005-01-01,79
Cote d'Ivoire,2005-01-01,53.4
Croatia,2005-01-01,75.7
Cuba,2005-01-01,77.1
Cyprus,2005-01-01,79
Czech Republic,2005-01-01,76.2
Denmark,2005-01-01,78.3
Djibouti,2005-01-01,60.7
Dominican Republic,2005-01-01,73.3
Ecuador,2005-01-01,74.1
Egypt,2005-01-01,70.1
El Salvador,2005-01-01,73
Equatorial Guinea,2005-01-01,56
Eritrea,2005-01-01,59.9
Estonia,2005-01-01,72.5
Ethiopia,2005-01-01,56.1
Fiji,2005-01-01,64.8
Finland,2005-01-01,79
France,2005-01-01,80.4
French Polynesia,2005-01-01,74.13
Gabon,2005-01-01,60.1
Gambia,2005-01-01,64.9
Georgia,2005-01-01,71.8
Germany,2005-01-01,79.4
Ghana,2005-01-01,60.8
Greece,2005-01-01,79.6
Greenland,2005-01-01,69.1
Grenada,2005-01-01,70.3
Guatemala,2005-01-01,69.8
Guinea,2005-01-01,56
Guinea-Bissau,2005-01-01,52.9
Guyana,2005-01-01,64.4
Haiti,2005-01-01,60
Honduras,2005-01-01,71.2
"Hong Kong, China",2005-01-01,81.92
Hungary,2005-01-01,73.1
Iceland,2005-01-01,81.7
India,2005-01-01,63.6
Indonesia,2005-01-01,68.7
Iran,2005-01-01,71.9
Iraq,2005-01-01,65.7
Ireland,2005-01-01,79.7
Israel,2005-01-01,79.7
Italy,2005-01-01,81.1
Jamaica,2005-01-01,75.4
Japan,2005-01-01,82
Jordan,2005-01-01,74.5
Kazakhstan,2005-01-01,65.3
Kenya,2005-01-01,57.2
Kiribati,2005-01-01,60.8
South Korea,2005-01-01,78.7
Kuwait,2005-01-01,77.7
Kyrgyz Republic,2005-01-01,66.5
Lao,2005-01-01,60.1
Latvia,2005-01-01,71.1
Lebanon,2005-01-01,77.3
Lesotho,2005-01-01,43.1
Liberia,2005-01-01,58.4
Libya,2005-01-01,75.4
Lithuania,2005-01-01,71.7
Luxembourg,2005-01-01,80
"Macao, China",2005-01-01,78.67
"Macedonia, FYR",2005-01-01,73.8
Madagascar,2005-01-01,61.2
Malawi,2005-01-01,48.5
Malaysia,2005-01-01,74.3
Maldives,2005-01-01,76.9
Mali,2005-01-01,56.9
Malta,2005-01-01,80.7
Mauritania,2005-01-01,66.3
Mauritius,2005-01-01,72.4
Mexico,2005-01-01,75.1
"Micronesia, Fed. Sts.",2005-01-01,67.6
Moldova,2005-01-01,69.5
Mongolia,2005-01-01,63.6
Montenegro,2005-01-01,75
Morocco,2005-01-01,72.7
Mozambique,2005-01-01,52.9
Namibia,2005-01-01,53.1
Nepal,2005-01-01,67.4
Netherlands,2005-01-01,79.6
New Caledonia,2005-01-01,74.62
New Zealand,2005-01-01,79.8
Nicaragua,2005-01-01,76.6
Niger,2005-01-01,55.9
Nigeria,2005-01-01,56.8
Norway,2005-01-01,80.2
Oman,2005-01-01,76
Pakistan,2005-01-01,62.2
Panama,2005-01-01,77.2
Papua New Guinea,2005-01-01,57.9
Paraguay,2005-01-01,74
Peru,2005-01-01,77.2
Philippines,2005-01-01,69.1
Poland,2005-01-01,75.1
Portugal,2005-01-01,78.4
Puerto Rico,2005-01-01,76.6
Qatar,2005-01-01,76.3
Romania,2005-01-01,72.4
Russia,2005-01-01,65.1
Rwanda,2005-01-01,59.6
St. Lucia,2005-01-01,73.1
St. Vincent and the Grenadines,2005-01-01,70.4
Samoa,2005-01-01,71.8
Saudi Arabia,2005-01-01,77.8
Senegal,2005-01-01,62.2
Serbia,2005-01-01,73.2
Seychelles,2005-01-01,72
Sierra Leone,2005-01-01,52.3
Singapore,2005-01-01,80
Slovak Republic,2005-01-01,74.3
Slovenia,2005-01-01,77.6
Solomon Islands,2005-01-01,61.8
South Africa,2005-01-01,52.7
Spain,2005-01-01,80.3
Sri Lanka,2005-01-01,73.9
Sudan,2005-01-01,64.6
Suriname,2005-01-01,69.9
Swaziland,2005-01-01,42.5
Sweden,2005-01-01,80.6
Switzerland,2005-01-01,81.3
Syria,2005-01-01,75.5
Tajikistan,2005-01-01,68
Tanzania,2005-01-01,57.1
Thailand,2005-01-01,73.1
Timor-Leste,2005-01-01,67.5
Togo,2005-01-01,56.8
Tonga,2005-01-01,70
Trinidad and Tobago,2005-01-01,71.1
Tunisia,2005-01-01,76.2
Turkey,2005-01-01,76.2
Turkmenistan,2005-01-01,65.8
Uganda,2005-01-01,53.5
Ukraine,2005-01-01,67.1
United Arab Emirates,2005-01-01,75.2
United Kingdom,2005-01-01,79
United States,2005-01-01,77.6
Uruguay,2005-01-01,75.5
Uzbekistan,2005-01-01,68.5
Vanuatu,2005-01-01,62.7
Venezuela,2005-01-01,74.6
West Bank and Gaza,2005-01-01,74.6
Vietnam,2005-01-01,73.3
Yemen,2005-01-01,64.6
Zambia,2005-01-01,47.1
Zimbabwe,2005-01-01,45.1
Albania,2006-01-01,76.4
Algeria,2006-01-01,75
Angola,2006-01-01,55.7
Antigua and Barbuda,2006-01-01,74.9
Argentina,2006-01-01,75.3
Armenia,2006-01-01,71.7
Aruba,2006-01-01,74.47
Australia,2006-01-01,81.4
Austria,2006-01-01,80
Azerbaijan,2006-01-01,68.7
Bahamas,2006-01-01,72
Bahrain,2006-01-01,76.3
Bangladesh,2006-01-01,67.5
Barbados,2006-01-01,75
Belarus,2006-01-01,69.1
Belgium,2006-01-01,79.5
Belize,2006-01-01,70.3
Benin,2006-01-01,58.9
Bhutan,2006-01-01,69.8
Bolivia,2006-01-01,70.6
Bosnia and Herzegovina,2006-01-01,77.1
Botswana,2006-01-01,51.2
Brazil,2006-01-01,72.7
Brunei,2006-01-01,76.8
Bulgaria,2006-01-01,72.7
Burkina Faso,2006-01-01,56.6
Burundi,2006-01-01,56.4
Cambodia,2006-01-01,64.8
Cameroon,2006-01-01,55.4
Canada,2006-01-01,80.5
Cape Verde,2006-01-01,69.6
Central African Republic,2006-01-01,45.8
Chad,2006-01-01,53.1
Chile,2006-01-01,78.2
China,2006-01-01,72.6
Colombia,2006-01-01,75.3
Comoros,2006-01-01,66.3
"Congo, Dem. Rep.",2006-01-01,56.8
"Congo, Rep.",2006-01-01,57.8
Costa Rica,2006-01-01,79.3
Cote d'Ivoire,2006-01-01,54.1
Croatia,2006-01-01,75.9
Cuba,2006-01-01,77.3
Cyprus,2006-01-01,79.5
Czech Republic,2006-01-01,76.5
Denmark,2006-01-01,78.3
Djibouti,2006-01-01,60.7
Dominican Republic,2006-01-01,73.5
Ecuador,2006-01-01,74.3
Egypt,2006-01-01,70.1
El Salvador,2006-01-01,73.3
Equatorial Guinea,2006-01-01,56.8
Eritrea,2006-01-01,60
Estonia,2006-01-01,72.9
Ethiopia,2006-01-01,57.2
Fiji,2006-01-01,64.8
Finland,2006-01-01,79.2
France,2006-01-01,80.7
French Polynesia,2006-01-01,74.48
Gabon,2006-01-01,60.9
Gambia,2006-01-01,65.2
Georgia,2006-01-01,71.9
Germany,2006-01-01,79.7
Ghana,2006-01-01,61.2
Greece,2006-01-01,80
Greenland,2006-01-01,69.5
Grenada,2006-01-01,70.5
Guatemala,2006-01-01,70.2
Guinea,2006-01-01,56.4
Guinea-Bissau,2006-01-01,53
Guyana,2006-01-01,64.8
Haiti,2006-01-01,60.3
Honduras,2006-01-01,71.4
"Hong Kong, China",2006-01-01,82.12
Hungary,2006-01-01,73.3
Iceland,2006-01-01,81.8
India,2006-01-01,63.9
Indonesia,2006-01-01,68.9
Iran,2006-01-01,72.4
Iraq,2006-01-01,65.1
Ireland,2006-01-01,79.8
Israel,2006-01-01,79.6
Italy,2006-01-01,81.2
Jamaica,2006-01-01,75.5
Japan,2006-01-01,82.2
Jordan,2006-01-01,75.5
Kazakhstan,2006-01-01,65.3
Kenya,2006-01-01,58.4
Kiribati,2006-01-01,61
South Korea,2006-01-01,79.1
Kuwait,2006-01-01,77.7
Kyrgyz Republic,2006-01-01,66.7
Lao,2006-01-01,60.8
Latvia,2006-01-01,70.8
Lebanon,2006-01-01,77.4
Lesotho,2006-01-01,43.1
Liberia,2006-01-01,58.8
Libya,2006-01-01,75.5
Lithuania,2006-01-01,71.5
Luxembourg,2006-01-01,80.3
"Macao, China",2006-01-01,78.89
"Macedonia, FYR",2006-01-01,74.1
Madagascar,2006-01-01,61.7
Malawi,2006-01-01,49.6
Malaysia,2006-01-01,74.5
Maldives,2006-01-01,77.5
Mali,2006-01-01,57.4
Malta,2006-01-01,81
Mauritania,2006-01-01,67
Mauritius,2006-01-01,72.5
Mexico,2006-01-01,75.4
"Micronesia, Fed. Sts.",2006-01-01,67.7
Moldova,2006-01-01,69.8
Mongolia,2006-01-01,64
Montenegro,2006-01-01,75.2
Morocco,2006-01-01,72.9
Mozambique,2006-01-01,53
Namibia,2006-01-01,54.9
Nepal,2006-01-01,67.8
Netherlands,2006-01-01,79.9
New Caledonia,2006-01-01,74.84
New Zealand,2006-01-01,79.9
Nicaragua,2006-01-01,76.7
Niger,2006-01-01,56.6
Nigeria,2006-01-01,57.4
Norway,2006-01-01,80.4
Oman,2006-01-01,76
Pakistan,2006-01-01,63.7
Panama,2006-01-01,77.2
Papua New Guinea,2006-01-01,58
Paraguay,2006-01-01,74
Peru,2006-01-01,77.7
Philippines,2006-01-01,69.2
Poland,2006-01-01,75.2
Portugal,2006-01-01,79
Puerto Rico,2006-01-01,76.8
Qatar,2006-01-01,76.7
Romania,2006-01-01,72.8
Russia,2006-01-01,66.7
Rwanda,2006-01-01,61.6
St. Lucia,2006-01-01,73.4
St. Vincent and the Grenadines,2006-01-01,70.6
Samoa,2006-01-01,72
Saudi Arabia,2006-01-01,77.9
Senegal,2006-01-01,62.5
Serbia,2006-01-01,73.6
Seychelles,2006-01-01,72.3
Sierra Leone,2006-01-01,52.7
Singapore,2006-01-01,80.2
Slovak Republic,2006-01-01,74.5
Slovenia,2006-01-01,77.9
Solomon Islands,2006-01-01,61.9
South Africa,2006-01-01,52.5
Spain,2006-01-01,80.7
Sri Lanka,2006-01-01,73.9
Sudan,2006-01-01,64.9
Suriname,2006-01-01,70
Swaziland,2006-01-01,43.1
Sweden,2006-01-01,80.8
Switzerland,2006-01-01,81.5
Syria,2006-01-01,75.7
Tajikistan,2006-01-01,68.7
Tanzania,2006-01-01,57.9
Thailand,2006-01-01,73.5
Timor-Leste,2006-01-01,68.5
Togo,2006-01-01,57.5
Tonga,2006-01-01,70.1
Trinidad and Tobago,2006-01-01,71.3
Tunisia,2006-01-01,76.4
Turkey,2006-01-01,76.7
Turkmenistan,2006-01-01,66.3
Uganda,2006-01-01,54.9
Ukraine,2006-01-01,67.9
United Arab Emirates,2006-01-01,75.7
United Kingdom,2006-01-01,79.2
United States,2006-01-01,77.8
Uruguay,2006-01-01,75.7
Uzbekistan,2006-01-01,68.8
Vanuatu,2006-01-01,62.9
Venezuela,2006-01-01,74.5
West Bank and Gaza,2006-01-01,74.4
Vietnam,2006-01-01,73.5
Yemen,2006-01-01,65
Zambia,2006-01-01,47.9
Zimbabwe,2006-01-01,45.5
Albania,2007-01-01,76.6
Algeria,2007-01-01,75.3
Angola,2007-01-01,56.2
Antigua and Barbuda,2007-01-01,75.3
Argentina,2007-01-01,75.2
Armenia,2007-01-01,72.3
Aruba,2007-01-01,74.62
Australia,2007-01-01,81.5
Austria,2007-01-01,80.1
Azerbaijan,2007-01-01,69.1
Bahamas,2007-01-01,71.8
Bahrain,2007-01-01,77
Bangladesh,2007-01-01,67.7
Barbados,2007-01-01,75.1
Belarus,2007-01-01,69.7
Belgium,2007-01-01,79.5
Belize,2007-01-01,70.6
Benin,2007-01-01,59.2
Bhutan,2007-01-01,70.3
Bolivia,2007-01-01,70.9
Bosnia and Herzegovina,2007-01-01,77.3
Botswana,2007-01-01,52.4
Brazil,2007-01-01,73
Brunei,2007-01-01,76.8
Bulgaria,2007-01-01,72.9
Burkina Faso,2007-01-01,57.4
Burundi,2007-01-01,57.9
Cambodia,2007-01-01,65.4
Cameroon,2007-01-01,55.7
Canada,2007-01-01,80.6
Cape Verde,2007-01-01,69.6
Central African Republic,2007-01-01,46.2
Chad,2007-01-01,54
Chile,2007-01-01,78.3
China,2007-01-01,73.1
Colombia,2007-01-01,75.9
Comoros,2007-01-01,66.6
"Congo, Dem. Rep.",2007-01-01,57.1
"Congo, Rep.",2007-01-01,58.3
Costa Rica,2007-01-01,79.6
Cote d'Ivoire,2007-01-01,54.9
Croatia,2007-01-01,76
Cuba,2007-01-01,77.5
Cyprus,2007-01-01,79.8
Czech Republic,2007-01-01,76.8
Denmark,2007-01-01,78.4
Djibouti,2007-01-01,61.5
Dominican Republic,2007-01-01,73.7
Ecuador,2007-01-01,74.5
Egypt,2007-01-01,70.3
El Salvador,2007-01-01,73.5
Equatorial Guinea,2007-01-01,57.1
Eritrea,2007-01-01,60.1
Estonia,2007-01-01,73
Ethiopia,2007-01-01,58.6
Fiji,2007-01-01,64.9
Finland,2007-01-01,79.4
France,2007-01-01,81
French Polynesia,2007-01-01,74.81
Gabon,2007-01-01,61.6
Gambia,2007-01-01,65.3
Georgia,2007-01-01,72.1
Germany,2007-01-01,79.9
Ghana,2007-01-01,61.6
Greece,2007-01-01,79.8
Greenland,2007-01-01,70
Grenada,2007-01-01,70.7
Guatemala,2007-01-01,71
Guinea,2007-01-01,56.8
Guinea-Bissau,2007-01-01,53.2
Guyana,2007-01-01,64.9
Haiti,2007-01-01,60.8
Honduras,2007-01-01,71.6
"Hong Kong, China",2007-01-01,82.31
Hungary,2007-01-01,73.6
Iceland,2007-01-01,82.1
India,2007-01-01,64.3
Indonesia,2007-01-01,69.2
Iran,2007-01-01,72.8
Iraq,2007-01-01,65.3
Ireland,2007-01-01,80.1
Israel,2007-01-01,80.3
Italy,2007-01-01,81.3
Jamaica,2007-01-01,75.3
Japan,2007-01-01,82.4
Jordan,2007-01-01,76.3
Kazakhstan,2007-01-01,65.8
Kenya,2007-01-01,59.8
Kiribati,2007-01-01,61.2
South Korea,2007-01-01,79.4
Kuwait,2007-01-01,77.7
Kyrgyz Republic,2007-01-01,67
Lao,2007-01-01,61.7
Latvia,2007-01-01,71.3
Lebanon,2007-01-01,77.5
Lesotho,2007-01-01,43.3
Liberia,2007-01-01,59.3
Libya,2007-01-01,75.5
Lithuania,2007-01-01,71.4
Luxembourg,2007-01-01,80.6
"Macao, China",2007-01-01,79.1
"Macedonia, FYR",2007-01-01,74.3
Madagascar,2007-01-01,62
Malawi,2007-01-01,51
Malaysia,2007-01-01,74.5
Maldives,2007-01-01,78.1
Mali,2007-01-01,58
Malta,2007-01-01,80.9
Mauritania,2007-01-01,67.5
Mauritius,2007-01-01,72.7
Mexico,2007-01-01,75.6
"Micronesia, Fed. Sts.",2007-01-01,67.9
Moldova,2007-01-01,70
Mongolia,2007-01-01,64.4
Montenegro,2007-01-01,75.6
Morocco,2007-01-01,73.1
Mozambique,2007-01-01,53.2
Namibia,2007-01-01,57.5
Nepal,2007-01-01,68.1
Netherlands,2007-01-01,80.2
New Caledonia,2007-01-01,75.05
New Zealand,2007-01-01,80.1
Nicaragua,2007-01-01,76.8
Niger,2007-01-01,57.3
Nigeria,2007-01-01,58.3
Norway,2007-01-01,80.6
Oman,2007-01-01,76
Pakistan,2007-01-01,63.8
Panama,2007-01-01,77.3
Papua New Guinea,2007-01-01,58.2
Paraguay,2007-01-01,74
Peru,2007-01-01,77.9
Philippines,2007-01-01,69.7
Poland,2007-01-01,75.2
Portugal,2007-01-01,79.2
Puerto Rico,2007-01-01,76.9
Qatar,2007-01-01,77.3
Romania,2007-01-01,73.3
Russia,2007-01-01,67.7
Rwanda,2007-01-01,63.1
St. Lucia,2007-01-01,73.7
St. Vincent and the Grenadines,2007-01-01,70.8
Samoa,2007-01-01,72.1
Saudi Arabia,2007-01-01,78.2
Senegal,2007-01-01,63
Serbia,2007-01-01,74
Seychelles,2007-01-01,72.6
Sierra Leone,2007-01-01,53
Singapore,2007-01-01,80.4
Slovak Republic,2007-01-01,74.6
Slovenia,2007-01-01,78.2
Solomon Islands,2007-01-01,61.9
South Africa,2007-01-01,53
Spain,2007-01-01,80.8
Sri Lanka,2007-01-01,74.4
Sudan,2007-01-01,65.3
Suriname,2007-01-01,70.1
Swaziland,2007-01-01,44.3
Sweden,2007-01-01,80.9
Switzerland,2007-01-01,81.7
Syria,2007-01-01,75.9
Tajikistan,2007-01-01,69.2
Tanzania,2007-01-01,59.1
Thailand,2007-01-01,73.8
Timor-Leste,2007-01-01,69.2
Togo,2007-01-01,57.5
Tonga,2007-01-01,70.2
Trinidad and Tobago,2007-01-01,71.5
Tunisia,2007-01-01,76.6
Turkey,2007-01-01,77.4
Turkmenistan,2007-01-01,66.8
Uganda,2007-01-01,55.3
Ukraine,2007-01-01,67.6
United Arab Emirates,2007-01-01,75.6
United Kingdom,2007-01-01,79.5
United States,2007-01-01,78.1
Uruguay,2007-01-01,75.7
Uzbekistan,2007-01-01,69.2
Vanuatu,2007-01-01,63.2
Venezuela,2007-01-01,74.4
West Bank and Gaza,2007-01-01,74.3
Vietnam,2007-01-01,73.8
Yemen,2007-01-01,65.2
Zambia,2007-01-01,49
Zimbabwe,2007-01-01,46.4
Albania,2008-01-01,76.8
Algeria,2008-01-01,75.5
Angola,2008-01-01,56.7
Antigua and Barbuda,2008-01-01,75.5
Argentina,2008-01-01,75.4
Armenia,2008-01-01,72.3
Aruba,2008-01-01,74.77
Australia,2008-01-01,81.6
Austria,2008-01-01,80.4
Azerbaijan,2008-01-01,69.2
Bahamas,2008-01-01,72.2
Bahrain,2008-01-01,77.6
Bangladesh,2008-01-01,68.3
Barbados,2008-01-01,75.3
Belarus,2008-01-01,70
Belgium,2008-01-01,79.6
Belize,2008-01-01,70.7
Benin,2008-01-01,59.7
Bhutan,2008-01-01,70.7
Bolivia,2008-01-01,71.2
Bosnia and Herzegovina,2008-01-01,77.5
Botswana,2008-01-01,53.2
Brazil,2008-01-01,73.2
Brunei,2008-01-01,76.9
Bulgaria,2008-01-01,73.2
Burkina Faso,2008-01-01,58
Burundi,2008-01-01,59.1
Cambodia,2008-01-01,66.1
Cameroon,2008-01-01,56.6
Canada,2008-01-01,80.8
Cape Verde,2008-01-01,70.4
Central African Republic,2008-01-01,46.8
Chad,2008-01-01,54.3
Chile,2008-01-01,78.5
China,2008-01-01,73.4
Colombia,2008-01-01,76.2
Comoros,2008-01-01,67.1
"Congo, Dem. Rep.",2008-01-01,57.5
"Congo, Rep.",2008-01-01,58.8
Costa Rica,2008-01-01,79.8
Cote d'Ivoire,2008-01-01,55.4
Croatia,2008-01-01,76.2
Cuba,2008-01-01,77.6
Cyprus,2008-01-01,80
Czech Republic,2008-01-01,77.1
Denmark,2008-01-01,78.9
Djibouti,2008-01-01,61.8
Dominican Republic,2008-01-01,74.1
Ecuador,2008-01-01,74.7
Egypt,2008-01-01,70.2
El Salvador,2008-01-01,73.7
Equatorial Guinea,2008-01-01,57.5
Eritrea,2008-01-01,60.1
Estonia,2008-01-01,74.2
Ethiopia,2008-01-01,60
Fiji,2008-01-01,64.9
Finland,2008-01-01,79.6
France,2008-01-01,81.1
French Polynesia,2008-01-01,75.11
Gabon,2008-01-01,61.7
Gambia,2008-01-01,65.7
Georgia,2008-01-01,71.8
Germany,2008-01-01,80
Ghana,2008-01-01,62
Greece,2008-01-01,80.2
Greenland,2008-01-01,70.3
Grenada,2008-01-01,70.8
Guatemala,2008-01-01,71.2
Guinea,2008-01-01,57.1
Guinea-Bissau,2008-01-01,53.6
Guyana,2008-01-01,65
Haiti,2008-01-01,61
Honduras,2008-01-01,71.8
"Hong Kong, China",2008-01-01,82.49
Hungary,2008-01-01,73.9
Iceland,2008-01-01,82.4
India,2008-01-01,64.7
Indonesia,2008-01-01,69.4
Iran,2008-01-01,73.1
Iraq,2008-01-01,66.6
Ireland,2008-01-01,80.1
Israel,2008-01-01,80.6
Italy,2008-01-01,81.5
Jamaica,2008-01-01,75.1
Japan,2008-01-01,82.5
Jordan,2008-01-01,76.9
Kazakhstan,2008-01-01,67.1
Kenya,2008-01-01,60.8
Kiribati,2008-01-01,61.5
South Korea,2008-01-01,79.8
Kuwait,2008-01-01,77.3
Kyrgyz Republic,2008-01-01,67.3
Lao,2008-01-01,62.5
Latvia,2008-01-01,72.4
Lebanon,2008-01-01,77.8
Lesotho,2008-01-01,44.5
Liberia,2008-01-01,59.9
Libya,2008-01-01,75.6
Lithuania,2008-01-01,72.1
Luxembourg,2008-01-01,81
"Macao, China",2008-01-01,79.32
"Macedonia, FYR",2008-01-01,74.5
Madagascar,2008-01-01,62.2
Malawi,2008-01-01,52.4
Malaysia,2008-01-01,74.5
Maldives,2008-01-01,78.5
Mali,2008-01-01,58.5
Malta,2008-01-01,80.7
Mauritania,2008-01-01,67.9
Mauritius,2008-01-01,72.9
Mexico,2008-01-01,75.4
"Micronesia, Fed. Sts.",2008-01-01,68
Moldova,2008-01-01,70.4
Mongolia,2008-01-01,64.8
Montenegro,2008-01-01,76
Morocco,2008-01-01,73.3
Mozambique,2008-01-01,54
Namibia,2008-01-01,59.1
Nepal,2008-01-01,68.4
Netherlands,2008-01-01,80.3
New Caledonia,2008-01-01,75.26
New Zealand,2008-01-01,80.3
Nicaragua,2008-01-01,77
Niger,2008-01-01,58
Nigeria,2008-01-01,59.2
Norway,2008-01-01,80.8
Oman,2008-01-01,76.2
Pakistan,2008-01-01,64.1
Panama,2008-01-01,77.3
Papua New Guinea,2008-01-01,58.6
Paraguay,2008-01-01,74
Peru,2008-01-01,78.2
Philippines,2008-01-01,69.8
Poland,2008-01-01,75.4
Portugal,2008-01-01,79.4
Puerto Rico,2008-01-01,77
Qatar,2008-01-01,77.9
Romania,2008-01-01,73.2
Russia,2008-01-01,67.9
Rwanda,2008-01-01,64.1
St. Lucia,2008-01-01,74.1
St. Vincent and the Grenadines,2008-01-01,70.9
Samoa,2008-01-01,72.3
Saudi Arabia,2008-01-01,78.3
Senegal,2008-01-01,63.5
Serbia,2008-01-01,74.3
Seychelles,2008-01-01,72.9
Sierra Leone,2008-01-01,53.6
Singapore,2008-01-01,80.6
Slovak Republic,2008-01-01,74.9
Slovenia,2008-01-01,78.7
Solomon Islands,2008-01-01,62.3
South Africa,2008-01-01,53.4
Spain,2008-01-01,81.1
Sri Lanka,2008-01-01,74
Sudan,2008-01-01,65.5
Suriname,2008-01-01,70.2
Swaziland,2008-01-01,45.1
Sweden,2008-01-01,81.1
Switzerland,2008-01-01,82
Syria,2008-01-01,76.1
Tajikistan,2008-01-01,69.6
Tanzania,2008-01-01,60.4
Thailand,2008-01-01,73.9
Timor-Leste,2008-01-01,69.9
Togo,2008-01-01,57.5
Tonga,2008-01-01,70.3
Trinidad and Tobago,2008-01-01,71.7
Tunisia,2008-01-01,76.8
Turkey,2008-01-01,77.8
Turkmenistan,2008-01-01,67.2
Uganda,2008-01-01,56
Ukraine,2008-01-01,67.8
United Arab Emirates,2008-01-01,75.6
United Kingdom,2008-01-01,79.7
United States,2008-01-01,78.3
Uruguay,2008-01-01,76
Uzbekistan,2008-01-01,69.6
Vanuatu,2008-01-01,63.4
Venezuela,2008-01-01,74.2
West Bank and Gaza,2008-01-01,74.1
Vietnam,2008-01-01,74.1
Yemen,2008-01-01,65.7
Zambia,2008-01-01,51.1
Zimbabwe,2008-01-01,47.3
Albania,2009-01-01,77
Algeria,2009-01-01,75.7
Angola,2009-01-01,57.1
Antigua and Barbuda,2009-01-01,75.7
Argentina,2009-01-01,75.6
Armenia,2009-01-01,72.6
Aruba,2009-01-01,74.92
Australia,2009-01-01,81.8
Austria,2009-01-01,80.3
Azerbaijan,2009-01-01,69.7
Bahamas,2009-01-01,72.7
Bahrain,2009-01-01,78.2
Bangladesh,2009-01-01,68.6
Barbados,2009-01-01,75.3
Belarus,2009-01-01,70.1
Belgium,2009-01-01,79.8
Belize,2009-01-01,70.9
Benin,2009-01-01,60.4
Bhutan,2009-01-01,70.9
Bolivia,2009-01-01,71.6
Bosnia and Herzegovina,2009-01-01,77.7
Botswana,2009-01-01,54.3
Brazil,2009-01-01,73.4
Brunei,2009-01-01,77
Bulgaria,2009-01-01,73.5
Burkina Faso,2009-01-01,58.5
Burundi,2009-01-01,60
Cambodia,2009-01-01,66.6
Cameroon,2009-01-01,57.3
Canada,2009-01-01,81.1
Cape Verde,2009-01-01,70.7
Central African Republic,2009-01-01,47.6
Chad,2009-01-01,55.2
Chile,2009-01-01,78.5
China,2009-01-01,73.9
Colombia,2009-01-01,76.2
Comoros,2009-01-01,66.7
"Congo, Dem. Rep.",2009-01-01,57.9
"Congo, Rep.",2009-01-01,59.8
Costa Rica,2009-01-01,79.8
Cote d'Ivoire,2009-01-01,56
Croatia,2009-01-01,76.4
Cuba,2009-01-01,77.7
Cyprus,2009-01-01,80.3
Czech Republic,2009-01-01,77.3
Denmark,2009-01-01,79.1
Djibouti,2009-01-01,62.1
Dominican Republic,2009-01-01,74.3
Ecuador,2009-01-01,74.9
Egypt,2009-01-01,70.1
El Salvador,2009-01-01,73.8
Equatorial Guinea,2009-01-01,58
Eritrea,2009-01-01,60.1
Estonia,2009-01-01,74.9
Ethiopia,2009-01-01,61.2
Fiji,2009-01-01,64.9
Finland,2009-01-01,79.8
France,2009-01-01,81.2
French Polynesia,2009-01-01,75.38
Gabon,2009-01-01,62.1
Gambia,2009-01-01,66
Georgia,2009-01-01,72.1
Germany,2009-01-01,80.1
Ghana,2009-01-01,62.4
Greece,2009-01-01,80.2
Greenland,2009-01-01,70.6
Grenada,2009-01-01,70.9
Guatemala,2009-01-01,70.9
Guinea,2009-01-01,57.5
Guinea-Bissau,2009-01-01,53.9
Guyana,2009-01-01,65.3
Haiti,2009-01-01,61.7
Honduras,2009-01-01,71.9
"Hong Kong, China",2009-01-01,82.66
Hungary,2009-01-01,74.3
Iceland,2009-01-01,82.5
India,2009-01-01,65
Indonesia,2009-01-01,69.6
Iran,2009-01-01,73.4
Iraq,2009-01-01,67.1
Ireland,2009-01-01,80.3
Israel,2009-01-01,81
Italy,2009-01-01,81.6
Jamaica,2009-01-01,74.8
Japan,2009-01-01,82.7
Jordan,2009-01-01,77.5
Kazakhstan,2009-01-01,68.2
Kenya,2009-01-01,61.9
Kiribati,2009-01-01,61.7
South Korea,2009-01-01,80.1
Kuwait,2009-01-01,77.4
Kyrgyz Republic,2009-01-01,67.7
Lao,2009-01-01,63.3
Latvia,2009-01-01,73.3
Lebanon,2009-01-01,77.9
Lesotho,2009-01-01,45.5
Liberia,2009-01-01,60.3
Libya,2009-01-01,75.7
Lithuania,2009-01-01,73.6
Luxembourg,2009-01-01,81.2
"Macao, China",2009-01-01,79.54
"Macedonia, FYR",2009-01-01,74.7
Madagascar,2009-01-01,62.3
Malawi,2009-01-01,53.9
Malaysia,2009-01-01,74.3
Maldives,2009-01-01,78.9
Mali,2009-01-01,58.9
Malta,2009-01-01,81.2
Mauritania,2009-01-01,68.2
Mauritius,2009-01-01,73.2
Mexico,2009-01-01,75.3
"Micronesia, Fed. Sts.",2009-01-01,68.1
Moldova,2009-01-01,70.6
Mongolia,2009-01-01,65
Montenegro,2009-01-01,76.3
Morocco,2009-01-01,73.5
Mozambique,2009-01-01,54.4
Namibia,2009-01-01,60.3
Nepal,2009-01-01,68.7
Netherlands,2009-01-01,80.6
New Caledonia,2009-01-01,75.47
New Zealand,2009-01-01,80.5
Nicaragua,2009-01-01,77.1
Niger,2009-01-01,58.6
Nigeria,2009-01-01,60.3
Norway,2009-01-01,80.8
Oman,2009-01-01,76.2
Pakistan,2009-01-01,64.3
Panama,2009-01-01,77.3
Papua New Guinea,2009-01-01,58.8
Paraguay,2009-01-01,74
Peru,2009-01-01,78.2
Philippines,2009-01-01,69.9
Poland,2009-01-01,75.7
Portugal,2009-01-01,79.6
Puerto Rico,2009-01-01,77.1
Qatar,2009-01-01,78.5
Romania,2009-01-01,73.3
Russia,2009-01-01,68.8
Rwanda,2009-01-01,64.3
St. Lucia,2009-01-01,74.3
St. Vincent and the Grenadines,2009-01-01,71.1
Samoa,2009-01-01,70.4
Saudi Arabia,2009-01-01,78.5
Senegal,2009-01-01,63.9
Serbia,2009-01-01,74.6
Seychelles,2009-01-01,73
Sierra Leone,2009-01-01,54.2
Singapore,2009-01-01,81
Slovak Republic,2009-01-01,75.2
Slovenia,2009-01-01,79.1
Solomon Islands,2009-01-01,62.4
South Africa,2009-01-01,53.9
Spain,2009-01-01,81.5
Sri Lanka,2009-01-01,74.1
Sudan,2009-01-01,65.7
Suriname,2009-01-01,70.5
Swaziland,2009-01-01,45.9
Sweden,2009-01-01,81.2
Switzerland,2009-01-01,82
Syria,2009-01-01,76.3
Tajikistan,2009-01-01,70
Tanzania,2009-01-01,60.8
Thailand,2009-01-01,74
Timor-Leste,2009-01-01,70.4
Togo,2009-01-01,58
Tonga,2009-01-01,68.6
Trinidad and Tobago,2009-01-01,71.8
Tunisia,2009-01-01,77
Turkey,2009-01-01,78.5
Turkmenistan,2009-01-01,67.6
Uganda,2009-01-01,57
Ukraine,2009-01-01,69.6
United Arab Emirates,2009-01-01,75.6
United Kingdom,2009-01-01,80
United States,2009-01-01,78.5
Uruguay,2009-01-01,76.2
Uzbekistan,2009-01-01,69.9
Vanuatu,2009-01-01,63.6
Venezuela,2009-01-01,74.4
West Bank and Gaza,2009-01-01,73.8
Vietnam,2009-01-01,74.3
Yemen,2009-01-01,66.2
Zambia,2009-01-01,52.3
Zimbabwe,2009-01-01,48
Albania,2010-01-01,77.2
Algeria,2010-01-01,76
Angola,2010-01-01,57.6
Antigua and Barbuda,2010-01-01,75.8
Argentina,2010-01-01,75.8
Armenia,2010-01-01,73
Aruba,2010-01-01,75.06
Australia,2010-01-01,82
Austria,2010-01-01,80.5
Azerbaijan,2010-01-01,70.1
Bahamas,2010-01-01,72.7
Bahrain,2010-01-01,78.7
Bangladesh,2010-01-01,68.8
Barbados,2010-01-01,75.2
Belarus,2010-01-01,70.2
Belgium,2010-01-01,80.1
Belize,2010-01-01,71.2
Benin,2010-01-01,60.8
Bhutan,2010-01-01,71.4
Bolivia,2010-01-01,71.8
Bosnia and Herzegovina,2010-01-01,77.9
Botswana,2010-01-01,55.6
Brazil,2010-01-01,73.6
Brunei,2010-01-01,77.1
Bulgaria,2010-01-01,73.7
Burkina Faso,2010-01-01,59
Burundi,2010-01-01,60.4
Cambodia,2010-01-01,67
Cameroon,2010-01-01,57.8
Canada,2010-01-01,81.3
Cape Verde,2010-01-01,71.1
Central African Republic,2010-01-01,47.9
Chad,2010-01-01,55.8
Chile,2010-01-01,78.5
China,2010-01-01,74.3
Colombia,2010-01-01,76.4
Comoros,2010-01-01,67.7
"Congo, Dem. Rep.",2010-01-01,58.4
"Congo, Rep.",2010-01-01,60.4
Costa Rica,2010-01-01,79.8
Cote d'Ivoire,2010-01-01,56.6
Croatia,2010-01-01,76.7
Cuba,2010-01-01,77.8
Cyprus,2010-01-01,80.6
Czech Republic,2010-01-01,77.5
Denmark,2010-01-01,79.4
Djibouti,2010-01-01,62.3
Dominican Republic,2010-01-01,74.4
Ecuador,2010-01-01,75.1
Egypt,2010-01-01,70.1
El Salvador,2010-01-01,74.1
Equatorial Guinea,2010-01-01,58.6
Eritrea,2010-01-01,60.1
Estonia,2010-01-01,76.4
Ethiopia,2010-01-01,62.1
Fiji,2010-01-01,65.2
Finland,2010-01-01,80
France,2010-01-01,81.4
French Polynesia,2010-01-01,75.62
Gabon,2010-01-01,63
Gambia,2010-01-01,66.5
Georgia,2010-01-01,72.2
Germany,2010-01-01,80.3
Ghana,2010-01-01,62.9
Greece,2010-01-01,80.4
Greenland,2010-01-01,70.8
Grenada,2010-01-01,71
Guatemala,2010-01-01,71.2
Guinea,2010-01-01,57.9
Guinea-Bissau,2010-01-01,54.3
Guyana,2010-01-01,65.5
Haiti,2010-01-01,32.2
Honduras,2010-01-01,72
"Hong Kong, China",2010-01-01,82.84
Hungary,2010-01-01,74.6
Iceland,2010-01-01,82.8
India,2010-01-01,65.4
Indonesia,2010-01-01,69.8
Iran,2010-01-01,73.7
Iraq,2010-01-01,67.3
Ireland,2010-01-01,81
Israel,2010-01-01,81.6
Italy,2010-01-01,81.9
Jamaica,2010-01-01,74.8
Japan,2010-01-01,82.7
Jordan,2010-01-01,77.9
Kazakhstan,2010-01-01,68.5
Kenya,2010-01-01,62.9
Kiribati,2010-01-01,61.9
South Korea,2010-01-01,80.4
Kuwait,2010-01-01,78.5
Kyrgyz Republic,2010-01-01,67.9
Lao,2010-01-01,64.1
Latvia,2010-01-01,73.9
Lebanon,2010-01-01,78.1
Lesotho,2010-01-01,46.4
Liberia,2010-01-01,60.8
Libya,2010-01-01,75.9
Lithuania,2010-01-01,73.9
Luxembourg,2010-01-01,81.3
"Macao, China",2010-01-01,79.75
"Macedonia, FYR",2010-01-01,75.2
Madagascar,2010-01-01,62.4
Malawi,2010-01-01,55.4
Malaysia,2010-01-01,74.4
Maldives,2010-01-01,79.2
Mali,2010-01-01,59.2
Malta,2010-01-01,81.3
Mauritania,2010-01-01,68.6
Mauritius,2010-01-01,73.4
Mexico,2010-01-01,75.4
"Micronesia, Fed. Sts.",2010-01-01,68.3
Moldova,2010-01-01,70.5
Mongolia,2010-01-01,65.2
Montenegro,2010-01-01,76.5
Morocco,2010-01-01,73.7
Mozambique,2010-01-01,54.4
Namibia,2010-01-01,61.4
Nepal,2010-01-01,69
Netherlands,2010-01-01,80.8
New Caledonia,2010-01-01,75.67
New Zealand,2010-01-01,80.8
Nicaragua,2010-01-01,77.2
Niger,2010-01-01,59.2
Nigeria,2010-01-01,61.2
Norway,2010-01-01,81.1
Oman,2010-01-01,76.1
Pakistan,2010-01-01,64.5
Panama,2010-01-01,77.3
Papua New Guinea,2010-01-01,59.1
Paraguay,2010-01-01,74
Peru,2010-01-01,78.4
Philippines,2010-01-01,70.1
Poland,2010-01-01,76.2
Portugal,2010-01-01,79.9
Puerto Rico,2010-01-01,77.1
Qatar,2010-01-01,79.2
Romania,2010-01-01,73.7
Russia,2010-01-01,68.9
Rwanda,2010-01-01,65.1
St. Lucia,2010-01-01,74.5
St. Vincent and the Grenadines,2010-01-01,71.1
Samoa,2010-01-01,72.6
Saudi Arabia,2010-01-01,78.7
Senegal,2010-01-01,64.2
Serbia,2010-01-01,74.8
Seychelles,2010-01-01,73.1
Sierra Leone,2010-01-01,55
Singapore,2010-01-01,81.3
Slovak Republic,2010-01-01,75.7
Slovenia,2010-01-01,79.5
Solomon Islands,2010-01-01,62.7
South Africa,2010-01-01,54.9
Spain,2010-01-01,81.8
Sri Lanka,2010-01-01,75
Sudan,2010-01-01,66.1
Suriname,2010-01-01,70.7
Swaziland,2010-01-01,46.4
Sweden,2010-01-01,81.6
Switzerland,2010-01-01,82.3
Syria,2010-01-01,76.5
Tajikistan,2010-01-01,70.1
Tanzania,2010-01-01,61.4
Thailand,2010-01-01,74.2
Timor-Leste,2010-01-01,70.8
Togo,2010-01-01,58.7
Tonga,2010-01-01,70.7
Trinidad and Tobago,2010-01-01,71.8
Tunisia,2010-01-01,77.1
Turkey,2010-01-01,78.8
Turkmenistan,2010-01-01,68.1
Uganda,2010-01-01,57.8
Ukraine,2010-01-01,70.5
United Arab Emirates,2010-01-01,75.6
United Kingdom,2010-01-01,80.2
United States,2010-01-01,78.8
Uruguay,2010-01-01,76.2
Uzbekistan,2010-01-01,70.2
Vanuatu,2010-01-01,63.9
Venezuela,2010-01-01,74.9
West Bank and Gaza,2010-01-01,74.3
Vietnam,2010-01-01,74.5
Yemen,2010-01-01,66.6
Zambia,2010-01-01,53.1
Zimbabwe,2010-01-01,49.1
Albania,2011-01-01,77.4
Algeria,2011-01-01,76.1
Angola,2011-01-01,58.1
Antigua and Barbuda,2011-01-01,75.9
Argentina,2011-01-01,76
Armenia,2011-01-01,73.5
Aruba,2011-01-01,75.19
Australia,2011-01-01,82.2
Austria,2011-01-01,80.7
Azerbaijan,2011-01-01,70.8
Bahamas,2011-01-01,72.6
Bahrain,2011-01-01,78.8
Bangladesh,2011-01-01,69.3
Barbados,2011-01-01,75.2
Belarus,2011-01-01,70.3
Belgium,2011-01-01,80.2
Belize,2011-01-01,71.2
Benin,2011-01-01,61.1
Bhutan,2011-01-01,71.7
Bolivia,2011-01-01,72.1
Bosnia and Herzegovina,2011-01-01,78.2
Botswana,2011-01-01,56.5
Brazil,2011-01-01,73.8
Brunei,2011-01-01,76.9
Bulgaria,2011-01-01,74.2
Burkina Faso,2011-01-01,59.5
Burundi,2011-01-01,60.8
Cambodia,2011-01-01,67.6
Cameroon,2011-01-01,58.1
Canada,2011-01-01,81.6
Cape Verde,2011-01-01,71.4
Central African Republic,2011-01-01,48.1
Chad,2011-01-01,56.1
Chile,2011-01-01,78.9
China,2011-01-01,74.9
Colombia,2011-01-01,77
Comoros,2011-01-01,67.2
"Congo, Dem. Rep.",2011-01-01,58.8
"Congo, Rep.",2011-01-01,60.9
Costa Rica,2011-01-01,79.9
Cote d'Ivoire,2011-01-01,57
Croatia,2011-01-01,77.1
Cuba,2011-01-01,77.9
Cyprus,2011-01-01,81.1
Czech Republic,2011-01-01,77.8
Denmark,2011-01-01,79.9
Djibouti,2011-01-01,62.5
Dominican Republic,2011-01-01,74.6
Ecuador,2011-01-01,75.3
Egypt,2011-01-01,70.4
El Salvador,2011-01-01,74.3
Equatorial Guinea,2011-01-01,58.7
Eritrea,2011-01-01,60.2
Estonia,2011-01-01,76.3
Ethiopia,2011-01-01,62.9
Fiji,2011-01-01,65.3
Finland,2011-01-01,80.3
France,2011-01-01,81.6
French Polynesia,2011-01-01,75.84
Gabon,2011-01-01,63.3
Gambia,2011-01-01,67.1
Georgia,2011-01-01,72.2
Germany,2011-01-01,80.5
Ghana,2011-01-01,63.5
Greece,2011-01-01,80.5
Greenland,2011-01-01,71.2
Grenada,2011-01-01,71
Guatemala,2011-01-01,71.6
Guinea,2011-01-01,58.2
Guinea-Bissau,2011-01-01,54.5
Guyana,2011-01-01,65.6
Haiti,2011-01-01,62.4
Honduras,2011-01-01,72.2
"Hong Kong, China",2011-01-01,83.02
Hungary,2011-01-01,75
Iceland,2011-01-01,82.9
India,2011-01-01,65.7
Indonesia,2011-01-01,70.1
Iran,2011-01-01,74.1
Iraq,2011-01-01,67.7
Ireland,2011-01-01,80.6
Israel,2011-01-01,81.6
Italy,2011-01-01,82
Jamaica,2011-01-01,74.6
Japan,2011-01-01,82.6
Jordan,2011-01-01,78.1
Kazakhstan,2011-01-01,69.1
Kenya,2011-01-01,63.7
Kiribati,2011-01-01,62.1
South Korea,2011-01-01,80.6
Kuwait,2011-01-01,79
Kyrgyz Republic,2011-01-01,68.5
Lao,2011-01-01,65
Latvia,2011-01-01,74.6
Lebanon,2011-01-01,76.6
Lesotho,2011-01-01,46.7
Liberia,2011-01-01,61.5
Libya,2011-01-01,60.5
Lithuania,2011-01-01,74.3
Luxembourg,2011-01-01,81.5
"Macao, China",2011-01-01,79.97
"Macedonia, FYR",2011-01-01,75.6
Madagascar,2011-01-01,62.6
Malawi,2011-01-01,56.6
Malaysia,2011-01-01,74.6
Maldives,2011-01-01,79.6
Mali,2011-01-01,59.6
Malta,2011-01-01,81.3
Mauritania,2011-01-01,68.8
Mauritius,2011-01-01,73.7
Mexico,2011-01-01,75.7
"Micronesia, Fed. Sts.",2011-01-01,68.4
Moldova,2011-01-01,72.3
Mongolia,2011-01-01,65.6
Montenegro,2011-01-01,76.7
Morocco,2011-01-01,73.9
Mozambique,2011-01-01,54.5
Namibia,2011-01-01,62.6
Nepal,2011-01-01,69.3
Netherlands,2011-01-01,80.9
New Caledonia,2011-01-01,75.88
New Zealand,2011-01-01,80.8
Nicaragua,2011-01-01,77.4
Niger,2011-01-01,59.6
Nigeria,2011-01-01,62
Norway,2011-01-01,81.1
Oman,2011-01-01,76.3
Pakistan,2011-01-01,64.9
Panama,2011-01-01,77.4
Papua New Guinea,2011-01-01,59.4
Paraguay,2011-01-01,74
Peru,2011-01-01,78.5
Philippines,2011-01-01,70.2
Poland,2011-01-01,76.5
Portugal,2011-01-01,80.2
Puerto Rico,2011-01-01,77.4
Qatar,2011-01-01,79.7
Romania,2011-01-01,74.5
Russia,2011-01-01,69.8
Rwanda,2011-01-01,65.3
St. Lucia,2011-01-01,74.6
St. Vincent and the Grenadines,2011-01-01,71
Samoa,2011-01-01,72.7
Saudi Arabia,2011-01-01,78.9
Senegal,2011-01-01,64.4
Serbia,2011-01-01,75.1
Seychelles,2011-01-01,73.4
Sierra Leone,2011-01-01,55.6
Singapore,2011-01-01,81.5
Slovak Republic,2011-01-01,76.1
Slovenia,2011-01-01,79.9
Solomon Islands,2011-01-01,63
South Africa,2011-01-01,56.6
Spain,2011-01-01,82
Sri Lanka,2011-01-01,76.4
Sudan,2011-01-01,66.3
Suriname,2011-01-01,71
Swaziland,2011-01-01,48
Sweden,2011-01-01,81.7
Switzerland,2011-01-01,82.6
Syria,2011-01-01,75.1
Tajikistan,2011-01-01,70.1
Tanzania,2011-01-01,61.7
Thailand,2011-01-01,74.3
Timor-Leste,2011-01-01,71.3
Togo,2011-01-01,59.6
Tonga,2011-01-01,70.8
Trinidad and Tobago,2011-01-01,71.9
Tunisia,2011-01-01,77.2
Turkey,2011-01-01,78.8
Turkmenistan,2011-01-01,68.5
Uganda,2011-01-01,58.6
Ukraine,2011-01-01,71.1
United Arab Emirates,2011-01-01,75.5
United Kingdom,2011-01-01,80.5
United States,2011-01-01,78.9
Uruguay,2011-01-01,76.3
Uzbekistan,2011-01-01,70.6
Vanuatu,2011-01-01,64.1
Venezuela,2011-01-01,74.8
West Bank and Gaza,2011-01-01,74.2
Vietnam,2011-01-01,74.7
Yemen,2011-01-01,66.6
Zambia,2011-01-01,53.7
Zimbabwe,2011-01-01,51.6
Albania,2012-01-01,77.5
Algeria,2012-01-01,76.2
Angola,2012-01-01,58.5
Antigua and Barbuda,2012-01-01,76.1
Argentina,2012-01-01,76.1
Armenia,2012-01-01,73.9
Aruba,2012-01-01,75.32
Australia,2012-01-01,82.4
Austria,2012-01-01,80.9
Azerbaijan,2012-01-01,71.5
Bahamas,2012-01-01,72.7
Bahrain,2012-01-01,79
Bangladesh,2012-01-01,69.4
Barbados,2012-01-01,75.4
Belarus,2012-01-01,70.4
Belgium,2012-01-01,80.3
Belize,2012-01-01,71.3
Benin,2012-01-01,61.4
Bhutan,2012-01-01,71.9
Bolivia,2012-01-01,72.4
Bosnia and Herzegovina,2012-01-01,78.4
Botswana,2012-01-01,56.5
Brazil,2012-01-01,74
Brunei,2012-01-01,76.9
Bulgaria,2012-01-01,74.5
Burkina Faso,2012-01-01,59.9
Burundi,2012-01-01,61.1
Cambodia,2012-01-01,68.2
Cameroon,2012-01-01,58.5
Canada,2012-01-01,81.6
Cape Verde,2012-01-01,71.9
Central African Republic,2012-01-01,48.5
Chad,2012-01-01,56.3
Chile,2012-01-01,79.1
China,2012-01-01,75.3
Colombia,2012-01-01,77.3
Comoros,2012-01-01,67.6
"Congo, Dem. Rep.",2012-01-01,59.1
"Congo, Rep.",2012-01-01,61.3
Costa Rica,2012-01-01,80
Cote d'Ivoire,2012-01-01,57.5
Croatia,2012-01-01,77.4
Cuba,2012-01-01,78
Cyprus,2012-01-01,81.5
Czech Republic,2012-01-01,78.1
Denmark,2012-01-01,80.3
Djibouti,2012-01-01,62.8
Dominican Republic,2012-01-01,74.7
Ecuador,2012-01-01,75.5
Egypt,2012-01-01,70.5
El Salvador,2012-01-01,74.5
Equatorial Guinea,2012-01-01,59.4
Eritrea,2012-01-01,60.3
Estonia,2012-01-01,76.7
Ethiopia,2012-01-01,63.6
Fiji,2012-01-01,65.4
Finland,2012-01-01,80.5
France,2012-01-01,81.6
French Polynesia,2012-01-01,76.05
Gabon,2012-01-01,63.9
Gambia,2012-01-01,67.5
Georgia,2012-01-01,72.4
Germany,2012-01-01,80.6
Ghana,2012-01-01,64.1
Greece,2012-01-01,80.6
Greenland,2012-01-01,71.6
Grenada,2012-01-01,71.1
Guatemala,2012-01-01,72.1
Guinea,2012-01-01,58.5
Guinea-Bissau,2012-01-01,54.8
Guyana,2012-01-01,65.9
Haiti,2012-01-01,62.9
Honduras,2012-01-01,72.3
"Hong Kong, China",2012-01-01,83.2
Hungary,2012-01-01,75.5
Iceland,2012-01-01,83.1
India,2012-01-01,66.1
Indonesia,2012-01-01,70.3
Iran,2012-01-01,74.3
Iraq,2012-01-01,68.1
Ireland,2012-01-01,81.1
Israel,2012-01-01,82.1
Italy,2012-01-01,82
Jamaica,2012-01-01,74.7
Japan,2012-01-01,82.9
Jordan,2012-01-01,78.2
Kazakhstan,2012-01-01,69.7
Kenya,2012-01-01,64.3
Kiribati,2012-01-01,62.3
South Korea,2012-01-01,80.7
Kuwait,2012-01-01,79.1
Kyrgyz Republic,2012-01-01,69
Lao,2012-01-01,65.6
Latvia,2012-01-01,75.1
Lebanon,2012-01-01,78.5
Lesotho,2012-01-01,46.1
Liberia,2012-01-01,62.3
Libya,2012-01-01,75.5
Lithuania,2012-01-01,74.7
Luxembourg,2012-01-01,81.7
"Macao, China",2012-01-01,80.19
"Macedonia, FYR",2012-01-01,75.8
Madagascar,2012-01-01,62.8
Malawi,2012-01-01,58
Malaysia,2012-01-01,74.7
Maldives,2012-01-01,79.8
Mali,2012-01-01,59.8
Malta,2012-01-01,81.6
Mauritania,2012-01-01,69.1
Mauritius,2012-01-01,74.1
Mexico,2012-01-01,75.7
"Micronesia, Fed. Sts.",2012-01-01,68.6
Moldova,2012-01-01,72.4
Mongolia,2012-01-01,66
Montenegro,2012-01-01,76.8
Morocco,2012-01-01,74.1
Mozambique,2012-01-01,54.5
Namibia,2012-01-01,63.6
Nepal,2012-01-01,69.7
Netherlands,2012-01-01,81
New Caledonia,2012-01-01,76.09
New Zealand,2012-01-01,81.1
Nicaragua,2012-01-01,77.5
Niger,2012-01-01,60
Nigeria,2012-01-01,62.6
Norway,2012-01-01,81.6
Oman,2012-01-01,76.6
Pakistan,2012-01-01,65.1
Panama,2012-01-01,77.5
Papua New Guinea,2012-01-01,59.7
Paraguay,2012-01-01,74.1
Peru,2012-01-01,78.7
Philippines,2012-01-01,70.3
Poland,2012-01-01,76.7
Portugal,2012-01-01,80.4
Puerto Rico,2012-01-01,77.7
Qatar,2012-01-01,79.9
Romania,2012-01-01,74.7
Russia,2012-01-01,70.4
Rwanda,2012-01-01,65.5
St. Lucia,2012-01-01,74.7
St. Vincent and the Grenadines,2012-01-01,71.1
Samoa,2012-01-01,72.7
Saudi Arabia,2012-01-01,79.2
Senegal,2012-01-01,64.6
Serbia,2012-01-01,75.4
Seychelles,2012-01-01,73.7
Sierra Leone,2012-01-01,56.4
Singapore,2012-01-01,81.6
Slovak Republic,2012-01-01,76.5
Slovenia,2012-01-01,80.1
Solomon Islands,2012-01-01,63.3
South Africa,2012-01-01,59
Spain,2012-01-01,82.2
Sri Lanka,2012-01-01,76.8
Sudan,2012-01-01,66.7
Suriname,2012-01-01,71.3
Swaziland,2012-01-01,49.1
Sweden,2012-01-01,81.8
Switzerland,2012-01-01,82.7
Syria,2012-01-01,68.1
Tajikistan,2012-01-01,70.8
Tanzania,2012-01-01,61.9
Thailand,2012-01-01,74.4
Timor-Leste,2012-01-01,71.7
Togo,2012-01-01,60.3
Tonga,2012-01-01,71
Trinidad and Tobago,2012-01-01,72
Tunisia,2012-01-01,77.4
Turkey,2012-01-01,79.1
Turkmenistan,2012-01-01,68.9
Uganda,2012-01-01,59.3
Ukraine,2012-01-01,71.2
United Arab Emirates,2012-01-01,75.5
United Kingdom,2012-01-01,80.7
United States,2012-01-01,79
Uruguay,2012-01-01,76.3
Uzbekistan,2012-01-01,70.9
Vanuatu,2012-01-01,64.4
Venezuela,2012-01-01,74.6
West Bank and Gaza,2012-01-01,74.2
Vietnam,2012-01-01,74.9
Yemen,2012-01-01,66.7
Zambia,2012-01-01,54.7
Zimbabwe,2012-01-01,54.2
Albania,2013-01-01,77.7
Algeria,2013-01-01,76.3
Angola,2013-01-01,58.8
Antigua and Barbuda,2013-01-01,76.2
Argentina,2013-01-01,76.2
Armenia,2013-01-01,74.3
Aruba,2013-01-01,75.46
Australia,2013-01-01,82.4
Austria,2013-01-01,81.1
Azerbaijan,2013-01-01,72.1
Bahamas,2013-01-01,72.9
Bahrain,2013-01-01,79.1
Bangladesh,2013-01-01,69.8
Barbados,2013-01-01,75.5
Belarus,2013-01-01,70.6
Belgium,2013-01-01,80.4
Belize,2013-01-01,71.3
Benin,2013-01-01,61.7
Bhutan,2013-01-01,72.2
Bolivia,2013-01-01,72.7
Bosnia and Herzegovina,2013-01-01,78.6
Botswana,2013-01-01,56.9
Brazil,2013-01-01,74.1
Brunei,2013-01-01,76.9
Bulgaria,2013-01-01,74.6
Burkina Faso,2013-01-01,60.3
Burundi,2013-01-01,61.3
Cambodia,2013-01-01,68.7
Cameroon,2013-01-01,59
Canada,2013-01-01,81.6
Cape Verde,2013-01-01,72.3
Central African Republic,2013-01-01,47.8
Chad,2013-01-01,56.6
Chile,2013-01-01,79.1
China,2013-01-01,75.7
Colombia,2013-01-01,77.5
Comoros,2013-01-01,67.8
"Congo, Dem. Rep.",2013-01-01,59.6
"Congo, Rep.",2013-01-01,61.5
Costa Rica,2013-01-01,80.1
Cote d'Ivoire,2013-01-01,58.1
Croatia,2013-01-01,77.6
Cuba,2013-01-01,78
Cyprus,2013-01-01,81.7
Czech Republic,2013-01-01,78.3
Denmark,2013-01-01,80.3
Djibouti,2013-01-01,63.1
Dominican Republic,2013-01-01,74.9
Ecuador,2013-01-01,75.6
Egypt,2013-01-01,71
El Salvador,2013-01-01,74.6
Equatorial Guinea,2013-01-01,60.5
Eritrea,2013-01-01,60.4
Estonia,2013-01-01,77.5
Ethiopia,2013-01-01,64.2
Fiji,2013-01-01,65.6
Finland,2013-01-01,80.8
France,2013-01-01,81.7
French Polynesia,2013-01-01,76.26
Gabon,2013-01-01,64.4
Gambia,2013-01-01,67.8
Georgia,2013-01-01,72.5
Germany,2013-01-01,80.7
Ghana,2013-01-01,64.5
Greece,2013-01-01,81
Greenland,2013-01-01,71.8
Grenada,2013-01-01,71.2
Guatemala,2013-01-01,72.3
Guinea,2013-01-01,58.8
Guinea-Bissau,2013-01-01,55.1
Guyana,2013-01-01,66.2
Haiti,2013-01-01,63.4
Honduras,2013-01-01,72.6
"Hong Kong, China",2013-01-01,83.38
Hungary,2013-01-01,76.1
Iceland,2013-01-01,83.2
India,2013-01-01,66.5
Indonesia,2013-01-01,70.6
Iran,2013-01-01,74.5
Iraq,2013-01-01,68.3
Ireland,2013-01-01,81.5
Israel,2013-01-01,82
Italy,2013-01-01,82.1
Jamaica,2013-01-01,74.8
Japan,2013-01-01,83
Jordan,2013-01-01,78.3
Kazakhstan,2013-01-01,70
Kenya,2013-01-01,64.8
Kiribati,2013-01-01,62.6
South Korea,2013-01-01,80.9
Kuwait,2013-01-01,79.7
Kyrgyz Republic,2013-01-01,69.4
Lao,2013-01-01,66.1
Latvia,2013-01-01,75
Lebanon,2013-01-01,78.6
Lesotho,2013-01-01,45.6
Liberia,2013-01-01,62.9
Libya,2013-01-01,75.8
Lithuania,2013-01-01,74.9
Luxembourg,2013-01-01,81.9
"Macao, China",2013-01-01,80.4
"Macedonia, FYR",2013-01-01,76
Madagascar,2013-01-01,63
Malawi,2013-01-01,59.3
Malaysia,2013-01-01,74.9
Maldives,2013-01-01,79.9
Mali,2013-01-01,59.8
Malta,2013-01-01,81.7
Mauritania,2013-01-01,69.3
Mauritius,2013-01-01,74.2
Mexico,2013-01-01,75.4
"Micronesia, Fed. Sts.",2013-01-01,68.7
Moldova,2013-01-01,73.3
Mongolia,2013-01-01,66.4
Montenegro,2013-01-01,76.9
Morocco,2013-01-01,74.3
Mozambique,2013-01-01,54.8
Namibia,2013-01-01,63.9
Nepal,2013-01-01,69.9
Netherlands,2013-01-01,81.2
New Caledonia,2013-01-01,76.31
New Zealand,2013-01-01,81.4
Nicaragua,2013-01-01,77.6
Niger,2013-01-01,60.4
Nigeria,2013-01-01,63.3
Norway,2013-01-01,81.6
Oman,2013-01-01,76.8
Pakistan,2013-01-01,65.4
Panama,2013-01-01,77.6
Papua New Guinea,2013-01-01,60.2
Paraguay,2013-01-01,74.1
Peru,2013-01-01,79.1
Philippines,2013-01-01,70.3
Poland,2013-01-01,77.3
Portugal,2013-01-01,80.7
Puerto Rico,2013-01-01,77.9
Qatar,2013-01-01,79.9
Romania,2013-01-01,74.9
Russia,2013-01-01,70.8
Rwanda,2013-01-01,65.6
St. Lucia,2013-01-01,74.7
St. Vincent and the Grenadines,2013-01-01,70.8
Samoa,2013-01-01,73
Saudi Arabia,2013-01-01,79.3
Senegal,2013-01-01,64.8
Serbia,2013-01-01,75.7
Seychelles,2013-01-01,73.8
Sierra Leone,2013-01-01,57.1
Singapore,2013-01-01,81.7
Slovak Republic,2013-01-01,77
Slovenia,2013-01-01,80.3
Solomon Islands,2013-01-01,63.5
South Africa,2013-01-01,60.7
Spain,2013-01-01,82.5
Sri Lanka,2013-01-01,77.1
Sudan,2013-01-01,66.9
Suriname,2013-01-01,71.6
Swaziland,2013-01-01,49.4
Sweden,2013-01-01,81.9
Switzerland,2013-01-01,82.8
Syria,2013-01-01,69
Tajikistan,2013-01-01,71.4
Tanzania,2013-01-01,62.7
Thailand,2013-01-01,74.4
Timor-Leste,2013-01-01,72
Togo,2013-01-01,60.7
Tonga,2013-01-01,71.2
Trinidad and Tobago,2013-01-01,72.1
Tunisia,2013-01-01,77.5
Turkey,2013-01-01,78.8
Turkmenistan,2013-01-01,69.2
Uganda,2013-01-01,60.1
Ukraine,2013-01-01,71.3
United Arab Emirates,2013-01-01,75.4
United Kingdom,2013-01-01,80.8
United States,2013-01-01,79.1
Uruguay,2013-01-01,76.4
Uzbekistan,2013-01-01,71.2
Vanuatu,2013-01-01,64.6
Venezuela,2013-01-01,74.7
West Bank and Gaza,2013-01-01,74.4
Vietnam,2013-01-01,75
Yemen,2013-01-01,67.1
Zambia,2013-01-01,55.6
Zimbabwe,2013-01-01,55.7
Albania,2014-01-01,77.9
Algeria,2014-01-01,76.3
Angola,2014-01-01,59.2
Antigua and Barbuda,2014-01-01,76.3
Argentina,2014-01-01,76.3
Armenia,2014-01-01,74.5
Aruba,2014-01-01,75.59
Australia,2014-01-01,82.3
Austria,2014-01-01,81.2
Azerbaijan,2014-01-01,72.5
Bahamas,2014-01-01,73.5
Bahrain,2014-01-01,79.1
Bangladesh,2014-01-01,70.1
Barbados,2014-01-01,75.6
Belarus,2014-01-01,70.7
Belgium,2014-01-01,80.5
Belize,2014-01-01,71.5
Benin,2014-01-01,62
Bhutan,2014-01-01,72.4
Bolivia,2014-01-01,72.9
Bosnia and Herzegovina,2014-01-01,78.7
Botswana,2014-01-01,57.3
Brazil,2014-01-01,74.3
Brunei,2014-01-01,77.1
Bulgaria,2014-01-01,74.7
Burkina Faso,2014-01-01,60.6
Burundi,2014-01-01,61.4
Cambodia,2014-01-01,69.1
Cameroon,2014-01-01,59.1
Canada,2014-01-01,81.7
Cape Verde,2014-01-01,72.7
Central African Republic,2014-01-01,48.2
Chad,2014-01-01,56.8
Chile,2014-01-01,79.2
China,2014-01-01,75.9
Colombia,2014-01-01,77.8
Comoros,2014-01-01,68
"Congo, Dem. Rep.",2014-01-01,60.1
"Congo, Rep.",2014-01-01,61.5
Costa Rica,2014-01-01,80.2
Cote d'Ivoire,2014-01-01,58.5
Croatia,2014-01-01,77.8
Cuba,2014-01-01,78.1
Cyprus,2014-01-01,81.7
Czech Republic,2014-01-01,78.6
Denmark,2014-01-01,80.3
Djibouti,2014-01-01,63.1
Dominican Republic,2014-01-01,75.1
Ecuador,2014-01-01,75.8
Egypt,2014-01-01,71.3
El Salvador,2014-01-01,74.8
Equatorial Guinea,2014-01-01,61
Eritrea,2014-01-01,60.6
Estonia,2014-01-01,77.6
Ethiopia,2014-01-01,64.7
Fiji,2014-01-01,65.7
Finland,2014-01-01,80.9
France,2014-01-01,81.7
French Polynesia,2014-01-01,76.47
Gabon,2014-01-01,65
Gambia,2014-01-01,68
Georgia,2014-01-01,72.6
Germany,2014-01-01,80.7
Ghana,2014-01-01,64.8
Greece,2014-01-01,81
Greenland,2014-01-01,72
Grenada,2014-01-01,71.4
Guatemala,2014-01-01,72.4
Guinea,2014-01-01,58.6
Guinea-Bissau,2014-01-01,55.3
Guyana,2014-01-01,66.4
Haiti,2014-01-01,63.8
Honduras,2014-01-01,72.8
"Hong Kong, China",2014-01-01,83.56
Hungary,2014-01-01,76.5
Iceland,2014-01-01,83.3
India,2014-01-01,66.9
Indonesia,2014-01-01,70.8
Iran,2014-01-01,74.6
Iraq,2014-01-01,67.7
Ireland,2014-01-01,81.6
Israel,2014-01-01,81.3
Italy,2014-01-01,82.1
Jamaica,2014-01-01,74.8
Japan,2014-01-01,83.1
Jordan,2014-01-01,78.4
Kazakhstan,2014-01-01,70.2
Kenya,2014-01-01,65
Kiribati,2014-01-01,62.8
South Korea,2014-01-01,80.9
Kuwait,2014-01-01,80.2
Kyrgyz Republic,2014-01-01,69.6
Lao,2014-01-01,66.6
Latvia,2014-01-01,75.2
Lebanon,2014-01-01,78.7
Lesotho,2014-01-01,45.4
Liberia,2014-01-01,61.8
Libya,2014-01-01,75
Lithuania,2014-01-01,75
Luxembourg,2014-01-01,82.1
"Macao, China",2014-01-01,80.61
"Macedonia, FYR",2014-01-01,76.2
Madagascar,2014-01-01,63.3
Malawi,2014-01-01,60.1
Malaysia,2014-01-01,75.1
Maldives,2014-01-01,80
Mali,2014-01-01,60
Malta,2014-01-01,82
Mauritania,2014-01-01,69.6
Mauritius,2014-01-01,74.3
Mexico,2014-01-01,75.6
"Micronesia, Fed. Sts.",2014-01-01,68.8
Moldova,2014-01-01,73.6
Mongolia,2014-01-01,66.8
Montenegro,2014-01-01,77.1
Morocco,2014-01-01,74.4
Mozambique,2014-01-01,56.1
Namibia,2014-01-01,64.1
Nepal,2014-01-01,70.2
Netherlands,2014-01-01,81.3
New Caledonia,2014-01-01,76.52
New Zealand,2014-01-01,81.4
Nicaragua,2014-01-01,77.8
Niger,2014-01-01,60.7
Nigeria,2014-01-01,63.7
Norway,2014-01-01,82
Oman,2014-01-01,77
Pakistan,2014-01-01,65.6
Panama,2014-01-01,77.9
Papua New Guinea,2014-01-01,60.5
Paraguay,2014-01-01,74.3
Peru,2014-01-01,79.3
Philippines,2014-01-01,70.7
Poland,2014-01-01,77.4
Portugal,2014-01-01,80.7
Puerto Rico,2014-01-01,78.2
Qatar,2014-01-01,79.8
Romania,2014-01-01,75.1
Russia,2014-01-01,70.9
Rwanda,2014-01-01,65.7
St. Lucia,2014-01-01,74.8
St. Vincent and the Grenadines,2014-01-01,71.1
Samoa,2014-01-01,73.1
Saudi Arabia,2014-01-01,79.4
Senegal,2014-01-01,65
Serbia,2014-01-01,75.9
Seychelles,2014-01-01,74
Sierra Leone,2014-01-01,55.2
Singapore,2014-01-01,81.9
Slovak Republic,2014-01-01,77.4
Slovenia,2014-01-01,80.8
Solomon Islands,2014-01-01,63.6
South Africa,2014-01-01,61.2
Spain,2014-01-01,82.5
Sri Lanka,2014-01-01,77.4
Sudan,2014-01-01,67.2
Suriname,2014-01-01,71.8
Swaziland,2014-01-01,49.8
Sweden,2014-01-01,82.1
Switzerland,2014-01-01,82.9
Syria,2014-01-01,67.2
Tajikistan,2014-01-01,71.9
Tanzania,2014-01-01,63.3
Thailand,2014-01-01,74.6
Timor-Leste,2014-01-01,72.3
Togo,2014-01-01,61.1
Tonga,2014-01-01,71.3
Trinidad and Tobago,2014-01-01,72.3
Tunisia,2014-01-01,77.6
Turkey,2014-01-01,79.1
Turkmenistan,2014-01-01,69.6
Uganda,2014-01-01,60.7
Ukraine,2014-01-01,71.3
United Arab Emirates,2014-01-01,75.4
United Kingdom,2014-01-01,80.9
United States,2014-01-01,79.1
Uruguay,2014-01-01,76.6
Uzbekistan,2014-01-01,71.5
Vanuatu,2014-01-01,64.7
Venezuela,2014-01-01,74.8
West Bank and Gaza,2014-01-01,74.5
Vietnam,2014-01-01,75.2
Yemen,2014-01-01,67.1
Zambia,2014-01-01,56.3
Zimbabwe,2014-01-01,57
Albania,2015-01-01,78
Algeria,2015-01-01,76.4
Angola,2015-01-01,59.6
Antigua and Barbuda,2015-01-01,76.4
Argentina,2015-01-01,76.5
Armenia,2015-01-01,74.7
Aruba,2015-01-01,75.72
Australia,2015-01-01,82.3
Austria,2015-01-01,81.3
Azerbaijan,2015-01-01,72.9
Bahamas,2015-01-01,73.7
Bahrain,2015-01-01,79.1
Bangladesh,2015-01-01,70.4
Barbados,2015-01-01,75.7
Belarus,2015-01-01,71
Belgium,2015-01-01,80.5
Belize,2015-01-01,71.7
Benin,2015-01-01,62.3
Bhutan,2015-01-01,72.7
Bolivia,2015-01-01,73.2
Bosnia and Herzegovina,2015-01-01,78.9
Botswana,2015-01-01,58.7
Brazil,2015-01-01,74.4
Brunei,2015-01-01,77.1
Bulgaria,2015-01-01,74.8
Burkina Faso,2015-01-01,60.9
Burundi,2015-01-01,61.4
Cambodia,2015-01-01,69.4
Cameroon,2015-01-01,59.4
Canada,2015-01-01,81.7
Cape Verde,2015-01-01,72.9
Central African Republic,2015-01-01,49.6
Chad,2015-01-01,57.4
Chile,2015-01-01,79.4
China,2015-01-01,76.2
Colombia,2015-01-01,78
Comoros,2015-01-01,68.1
"Congo, Dem. Rep.",2015-01-01,60.8
"Congo, Rep.",2015-01-01,61.5
Costa Rica,2015-01-01,80.3
Cote d'Ivoire,2015-01-01,59.1
Croatia,2015-01-01,77.8
Cuba,2015-01-01,78.2
Cyprus,2015-01-01,81.8
Czech Republic,2015-01-01,78.8
Denmark,2015-01-01,80.4
Djibouti,2015-01-01,63.8
Dominican Republic,2015-01-01,75.3
Ecuador,2015-01-01,75.9
Egypt,2015-01-01,71.5
El Salvador,2015-01-01,74.9
Equatorial Guinea,2015-01-01,61
Eritrea,2015-01-01,60.7
Estonia,2015-01-01,77.8
Ethiopia,2015-01-01,65.2
Fiji,2015-01-01,65.8
Finland,2015-01-01,80.9
France,2015-01-01,81.8
French Polynesia,2015-01-01,76.69
Gabon,2015-01-01,65.9
Gambia,2015-01-01,68.1
Georgia,2015-01-01,72.9
Germany,2015-01-01,80.8
Ghana,2015-01-01,65.3
Greece,2015-01-01,81
Greenland,2015-01-01,72.1
Grenada,2015-01-01,71.5
Guatemala,2015-01-01,72.6
Guinea,2015-01-01,59.1
Guinea-Bissau,2015-01-01,55.6
Guyana,2015-01-01,66.8
Haiti,2015-01-01,64.3
Honduras,2015-01-01,73
"Hong Kong, China",2015-01-01,83.73
Hungary,2015-01-01,76.7
Iceland,2015-01-01,83.3
India,2015-01-01,67.2
Indonesia,2015-01-01,71.1
Iran,2015-01-01,74.6
Iraq,2015-01-01,67.4
Ireland,2015-01-01,81.7
Israel,2015-01-01,82.1
Italy,2015-01-01,82.2
Jamaica,2015-01-01,75
Japan,2015-01-01,83.2
Jordan,2015-01-01,78.5
Kazakhstan,2015-01-01,70.2
Kenya,2015-01-01,65.1
Kiribati,2015-01-01,63
South Korea,2015-01-01,81
Kuwait,2015-01-01,80.3
Kyrgyz Republic,2015-01-01,69.8
Lao,2015-01-01,67.1
Latvia,2015-01-01,75.4
Lebanon,2015-01-01,78.9
Lesotho,2015-01-01,47.1
Liberia,2015-01-01,63.2
Libya,2015-01-01,74.1
Lithuania,2015-01-01,75.2
Luxembourg,2015-01-01,82.2
"Macao, China",2015-01-01,80.82
"Macedonia, FYR",2015-01-01,76.5
Madagascar,2015-01-01,63.5
Malawi,2015-01-01,60.5
Malaysia,2015-01-01,75.3
Maldives,2015-01-01,80
Mali,2015-01-01,60.2
Malta,2015-01-01,82.1
Mauritania,2015-01-01,69.7
Mauritius,2015-01-01,74.5
Mexico,2015-01-01,75.9
"Micronesia, Fed. Sts.",2015-01-01,68.9
Moldova,2015-01-01,73.9
Mongolia,2015-01-01,67.1
Montenegro,2015-01-01,77.2
Morocco,2015-01-01,74.6
Mozambique,2015-01-01,57.1
Namibia,2015-01-01,64.2
Nepal,2015-01-01,69.7
Netherlands,2015-01-01,81.3
New Caledonia,2015-01-01,76.74
New Zealand,2015-01-01,81.4
Nicaragua,2015-01-01,78
Niger,2015-01-01,61
Nigeria,2015-01-01,64.6
Norway,2015-01-01,82
Oman,2015-01-01,77.2
Pakistan,2015-01-01,65.9
Panama,2015-01-01,78.2
Papua New Guinea,2015-01-01,60.9
Paraguay,2015-01-01,74.4
Peru,2015-01-01,79.5
Philippines,2015-01-01,71
Poland,2015-01-01,77.6
Portugal,2015-01-01,80.8
Puerto Rico,2015-01-01,78.5
Qatar,2015-01-01,79.7
Romania,2015-01-01,75.2
Russia,2015-01-01,71
Rwanda,2015-01-01,65.9
St. Lucia,2015-01-01,74.8
St. Vincent and the Grenadines,2015-01-01,71.2
Samoa,2015-01-01,73.2
Saudi Arabia,2015-01-01,79.5
Senegal,2015-01-01,65.3
Serbia,2015-01-01,76.2
Seychelles,2015-01-01,74.1
Sierra Leone,2015-01-01,57.1
Singapore,2015-01-01,82
Slovak Republic,2015-01-01,77.6
Slovenia,2015-01-01,80.9
Solomon Islands,2015-01-01,64
South Africa,2015-01-01,61.3
Spain,2015-01-01,82.6
Sri Lanka,2015-01-01,77.6
Sudan,2015-01-01,67.5
Suriname,2015-01-01,72
Swaziland,2015-01-01,51.8
Sweden,2015-01-01,82.1
Switzerland,2015-01-01,83
Syria,2015-01-01,68.2
Tajikistan,2015-01-01,72.4
Tanzania,2015-01-01,64.1
Thailand,2015-01-01,74.7
Timor-Leste,2015-01-01,72.4
Togo,2015-01-01,61.5
Tonga,2015-01-01,71.5
Trinidad and Tobago,2015-01-01,72.4
Tunisia,2015-01-01,77.6
Turkey,2015-01-01,79.2
Turkmenistan,2015-01-01,70
Uganda,2015-01-01,61.3
Ukraine,2015-01-01,71.5
United Arab Emirates,2015-01-01,75.4
United Kingdom,2015-01-01,81
United States,2015-01-01,79.1
Uruguay,2015-01-01,76.8
Uzbekistan,2015-01-01,71.8
Vanuatu,2015-01-01,64.9
Venezuela,2015-01-01,74.8
West Bank and Gaza,2015-01-01,74.6
Vietnam,2015-01-01,75.4
Yemen,2015-01-01,66
Zambia,2015-01-01,56.7
Zimbabwe,2015-01-01,59.3
Albania,2016-01-01,78.1
Algeria,2016-01-01,76.5
Angola,2016-01-01,60
Antigua and Barbuda,2016-01-01,76.5
Argentina,2016-01-01,76.7
Armenia,2016-01-01,74.9
Aruba,2016-01-01,75.85
Australia,2016-01-01,82.3
Austria,2016-01-01,81.4
Azerbaijan,2016-01-01,73.3
Bahamas,2016-01-01,73.9
Bahrain,2016-01-01,79.1
Bangladesh,2016-01-01,70.7
Barbados,2016-01-01,75.8
Belarus,2016-01-01,71.3
Belgium,2016-01-01,80.5
Belize,2016-01-01,71.9
Benin,2016-01-01,62.6
Bhutan,2016-01-01,73
Bolivia,2016-01-01,73.5
Bosnia and Herzegovina,2016-01-01,79.1
Botswana,2016-01-01,60.13
Brazil,2016-01-01,74.5
Brunei,2016-01-01,77.1
Bulgaria,2016-01-01,74.9
Burkina Faso,2016-01-01,61.2
Burundi,2016-01-01,61.4
Cambodia,2016-01-01,69.7
Cameroon,2016-01-01,59.7
Canada,2016-01-01,81.7
Cape Verde,2016-01-01,73.1
Central African Republic,2016-01-01,51.04
Chad,2016-01-01,58.01
Chile,2016-01-01,79.6
China,2016-01-01,76.5
Colombia,2016-01-01,78.2
Comoros,2016-01-01,68.2
"Congo, Dem. Rep.",2016-01-01,61.51
"Congo, Rep.",2016-01-01,61.5
Costa Rica,2016-01-01,80.4
Cote d'Ivoire,2016-01-01,59.71
Croatia,2016-01-01,77.8
Cuba,2016-01-01,78.3
Cyprus,2016-01-01,81.9
Czech Republic,2016-01-01,79
Denmark,2016-01-01,80.5
Djibouti,2016-01-01,64.51
Dominican Republic,2016-01-01,75.5
Ecuador,2016-01-01,76
Egypt,2016-01-01,71.7
El Salvador,2016-01-01,75
Equatorial Guinea,2016-01-01,61
Eritrea,2016-01-01,60.8
Estonia,2016-01-01,78
Ethiopia,2016-01-01,65.7
Fiji,2016-01-01,65.9
Finland,2016-01-01,80.9
France,2016-01-01,81.9
French Polynesia,2016-01-01,76.91
Gabon,2016-01-01,66.81
Gambia,2016-01-01,68.2
Georgia,2016-01-01,73.2
Germany,2016-01-01,80.9
Ghana,2016-01-01,65.8
Greece,2016-01-01,81
Greenland,2016-01-01,72.2
Grenada,2016-01-01,71.6
Guatemala,2016-01-01,72.8
Guinea,2016-01-01,59.6
Guinea-Bissau,2016-01-01,55.9
Guyana,2016-01-01,67.2
Haiti,2016-01-01,64.8
Honduras,2016-01-01,73.2
"Hong Kong, China",2016-01-01,83.9
Hungary,2016-01-01,76.9
Iceland,2016-01-01,83.3
India,2016-01-01,67.5
Indonesia,2016-01-01,71.4
Iran,2016-01-01,74.6
Iraq,2016-01-01,67.1
Ireland,2016-01-01,81.8
Israel,2016-01-01,82.91
Italy,2016-01-01,82.3
Jamaica,2016-01-01,75.2
Japan,2016-01-01,83.3
Jordan,2016-01-01,78.6
Kazakhstan,2016-01-01,70.2
Kenya,2016-01-01,65.2
Kiribati,2016-01-01,63.2
South Korea,2016-01-01,81.1
Kuwait,2016-01-01,80.4
Kyrgyz Republic,2016-01-01,70
Lao,2016-01-01,67.6
Latvia,2016-01-01,75.6
Lebanon,2016-01-01,79.1
Lesotho,2016-01-01,48.86
Liberia,2016-01-01,64.63
Libya,2016-01-01,73.21
Lithuania,2016-01-01,75.4
Luxembourg,2016-01-01,82.3
"Macao, China",2016-01-01,81.03
"Macedonia, FYR",2016-01-01,76.8
Madagascar,2016-01-01,63.7
Malawi,2016-01-01,60.9
Malaysia,2016-01-01,75.5
Maldives,2016-01-01,80
Mali,2016-01-01,60.4
Malta,2016-01-01,82.2
Mauritania,2016-01-01,69.8
Mauritius,2016-01-01,74.7
Mexico,2016-01-01,76.2
"Micronesia, Fed. Sts.",2016-01-01,69
Moldova,2016-01-01,74.2
Mongolia,2016-01-01,67.4
Montenegro,2016-01-01,77.3
Morocco,2016-01-01,74.8
Mozambique,2016-01-01,58.12
Namibia,2016-01-01,64.3
Nepal,2016-01-01,69.2
Netherlands,2016-01-01,81.3
New Caledonia,2016-01-01,76.96
New Zealand,2016-01-01,81.4
Nicaragua,2016-01-01,78.2
Niger,2016-01-01,61.3
Nigeria,2016-01-01,65.51
Norway,2016-01-01,82
Oman,2016-01-01,77.4
Pakistan,2016-01-01,66.2
Panama,2016-01-01,78.5
Papua New Guinea,2016-01-01,61.3
Paraguay,2016-01-01,74.5
Peru,2016-01-01,79.7
Philippines,2016-01-01,71.3
Poland,2016-01-01,77.8
Portugal,2016-01-01,80.9
Puerto Rico,2016-01-01,78.8
Qatar,2016-01-01,79.6
Romania,2016-01-01,75.3
Russia,2016-01-01,71.1
Rwanda,2016-01-01,66.1
St. Lucia,2016-01-01,74.8
St. Vincent and the Grenadines,2016-01-01,71.3
Samoa,2016-01-01,73.3
Saudi Arabia,2016-01-01,79.6
Senegal,2016-01-01,65.6
Serbia,2016-01-01,76.5
Seychelles,2016-01-01,74.2
Sierra Leone,2016-01-01,59.07
Singapore,2016-01-01,82.1
Slovak Republic,2016-01-01,77.8
Slovenia,2016-01-01,81
Solomon Islands,2016-01-01,64.4
South Africa,2016-01-01,61.4
Spain,2016-01-01,82.7
Sri Lanka,2016-01-01,77.8
Sudan,2016-01-01,67.8
Suriname,2016-01-01,72.2
Swaziland,2016-01-01,53.88
Sweden,2016-01-01,82.1
Switzerland,2016-01-01,83.1
Syria,2016-01-01,69.21
Tajikistan,2016-01-01,72.9
Tanzania,2016-01-01,64.91
Thailand,2016-01-01,74.8
Timor-Leste,2016-01-01,72.5
Togo,2016-01-01,61.9
Tonga,2016-01-01,71.7
Trinidad and Tobago,2016-01-01,72.5
Tunisia,2016-01-01,77.6
Turkey,2016-01-01,79.3
Turkmenistan,2016-01-01,70.4
Uganda,2016-01-01,61.91
Ukraine,2016-01-01,71.7
United Arab Emirates,2016-01-01,75.4
United Kingdom,2016-01-01,81.1
United States,2016-01-01,79.1
Uruguay,2016-01-01,77
Uzbekistan,2016-01-01,72.1
Vanuatu,2016-01-01,65.1
Venezuela,2016-01-01,74.8
West Bank and Gaza,2016-01-01,74.7
Vietnam,2016-01-01,75.6
Yemen,2016-01-01,64.92
Zambia,2016-01-01,57.1
Zimbabwe,2016-01-01,61.69
