"country","Date","flu_cases","dengue_cases","life_expectancy"
Argentina,"2006-01-01","87","0.01",75.3
Australia,"2006-01-01","163",,81.4
Austria,"2006-01-01","786",,80.0
Belgium,"2006-01-01","117",,79.5
Bolivia,"2006-01-01","250","0.013",70.6
Brazil,"2006-01-01","192","0.067",72.7
Bulgaria,"2006-01-01","1120",,72.7
Canada,"2006-01-01","2915",,80.5
Chile,"2006-01-01","1",,78.2
France,"2006-01-01","127",,80.7
Germany,"2006-01-01","1289",,79.7
Hungary,"2006-01-01","52",,73.3
Japan,"2006-01-01","310",,82.2
Mexico,"2006-01-01","1397","0.033",75.4
Netherlands,"2006-01-01","23",,79.9
New Zealand,"2006-01-01","17",,79.9
Norway,"2006-01-01","46",,80.4
Paraguay,"2006-01-01","251",,74.0
Peru,"2006-01-01","218",,77.7
Poland,"2006-01-01","54",,75.2
Romania,"2006-01-01","831",,72.8
Russia,"2006-01-01","436",,66.7
South Africa,"2006-01-01",NA,,52.5
Spain,"2006-01-01","23",,80.7
Sweden,"2006-01-01","3",,80.8
Switzerland,"2006-01-01","42",,81.5
Ukraine,"2006-01-01","404",,67.9
United States,"2006-01-01","2522",,77.8
Uruguay,"2006-01-01","103",,75.7
Argentina,"2012-01-01","58","0.034",76.1
Australia,"2012-01-01","156",,82.4
Austria,"2012-01-01","819",,80.9
Belgium,"2012-01-01","68",,80.3
Bolivia,"2012-01-01","105","0.061",72.4
Brazil,"2012-01-01","100","0.103",74.0
Bulgaria,"2012-01-01","497",,74.5
Canada,"2012-01-01","2816",,81.6
Chile,"2012-01-01","3",,79.1
France,"2012-01-01","71",,81.6
Germany,"2012-01-01","892",,80.6
Hungary,"2012-01-01","60",,75.5
Japan,"2012-01-01","222",,82.9
Mexico,"2012-01-01","1362","0.054",75.7
Netherlands,"2012-01-01","35",,81.0
New Zealand,"2012-01-01","14",,81.1
Norway,"2012-01-01","136",,81.6
Paraguay,"2012-01-01","97",,74.1
Peru,"2012-01-01","97",,78.7
Poland,"2012-01-01","31",,76.7
Romania,"2012-01-01","630",,74.7
Russia,"2012-01-01","474",,70.4
South Africa,"2012-01-01","2017",,59.0
Spain,"2012-01-01","53",,82.2
Sweden,"2012-01-01","4",,81.8
Switzerland,"2012-01-01","40",,82.7
Ukraine,"2012-01-01","360",,71.2
United States,"2012-01-01","2860",,79.0
Uruguay,"2012-01-01","52",,76.3
Mexico,"2007-04-08","1207","0.066",
Bolivia,"2014-04-27","236","0.025",
Bulgaria,"2003-12-21",NA,,
Poland,"2010-07-18","8",,
Austria,"2006-08-06","385",,
United States,"2007-06-10","764",,
Japan,"2008-08-17","2",,
Romania,"2005-11-20","700",,
Netherlands,"2005-01-02","34",,
Canada,"2015-05-10","1333",,
Russia,"2004-07-25",NA,,
Poland,"2004-05-30",NA,,
Poland,"2011-05-08","17",,
Netherlands,"2015-02-01","158",,
South Africa,"2003-09-28",NA,,
Argentina,"2014-03-30","107","0.084",
Switzerland,"2007-12-30","240",,
Ukraine,"2014-08-10","222",,
Peru,"2004-08-29","353",,
Australia,"2011-04-24","192",,
Switzerland,"2012-01-08","50",,
Ukraine,"2009-05-10","289",,
Japan,"2005-12-04","79",,
South Africa,"2011-06-26","2971",,
Argentina,"2012-05-13","132","0.043",
Bulgaria,"2013-01-13","438",,
Russia,"2006-07-16","146",,
Austria,"2010-12-05","710",,
Mexico,"2009-10-11","1131","0.988",
Hungary,"2012-06-03","29",,
France,"2007-09-02","8",,
Spain,"2007-07-22","13",,
Norway,"2011-10-23","52",,
Poland,"2015-07-26","9",,
Bulgaria,"2009-07-26","307",,
Switzerland,"2004-04-04","12",,
United States,"2009-10-04","5424",,
Brazil,"2015-02-01","112","0.195",
Bulgaria,"2011-01-16","1785",,
New Zealand,"2014-03-09","21",,
Uruguay,"2011-11-06","73",,
Ukraine,"2004-04-04",NA,,
Russia,"2003-07-27",NA,,
Canada,"2009-09-13","2621",,
Austria,"2006-05-21","553",,
Chile,"2014-07-27","26",,
Paraguay,"2014-11-16","268",,
Switzerland,"2009-05-10","18",,
Germany,"2012-02-05","956",,
Brazil,"2005-01-02","170","0.063",
Chile,"2008-10-26","4",,
New Zealand,"2013-06-02","48",,
Ukraine,"2012-01-08","346",,
Norway,"2010-04-11","26",,
Canada,"2006-10-01","1770",,
Poland,"2015-01-25","70",,
Argentina,"2004-03-21","119","0.065",
New Zealand,"2010-03-14","15",,
Sweden,"2009-06-21","2",,
Sweden,"2011-10-16","3",,
Bulgaria,"2007-09-16","396",,
Peru,"2008-03-23","212",,
Ukraine,"2007-12-30","398",,
Switzerland,"2014-08-10","32",,
Bolivia,"2008-12-28","179","0.065",
Argentina,"2015-03-08","86","0.092",
Peru,"2012-01-29","93",,
Germany,"2009-07-12","370",,
Canada,"2007-10-28","1628",,
Paraguay,"2010-11-21","198",,
Mexico,"2005-06-05","740","0.075",
Canada,"2008-06-01","688",,
Germany,"2013-06-16","353",,
Uruguay,"2008-11-30","80",,
Mexico,"2007-11-18","1516","0.214",
Canada,"2004-10-10","1675",,
United States,"2010-01-31","1910",,
Sweden,"2006-02-26","9",,
Sweden,"2003-06-01",NA,,
Brazil,"2004-07-18","249","0.01",
Austria,"2005-09-11","525",,
Austria,"2007-11-11","807",,
South Africa,"2003-09-07",NA,,
Norway,"2015-05-24","46",,
Uruguay,"2003-10-26","157",,
South Africa,"2003-02-16",NA,,
Uruguay,"2005-04-17","146",,
Sweden,"2011-12-18","3",,
Hungary,"2002-12-29",NA,,
France,"2014-09-07","5",,
Hungary,"2007-07-08","38",,
Belgium,"2006-07-23","11",,
Belgium,"2014-02-02","230",,
Spain,"2009-11-29","84",,
Russia,"2007-02-04","408",,
Uruguay,"2009-05-31","156",,
Sweden,"2009-04-26","8",,
Australia,"2009-03-01","188",,
Japan,"2008-09-14","2",,
Austria,"2008-05-18","539",,
Hungary,"2008-01-27","493",,
South Africa,"2004-08-15",NA,,
Austria,"2003-01-12",NA,,
Chile,"2005-03-06","1",,
Norway,"2008-08-24","24",,
Argentina,"2011-08-21","152","0.029",
Romania,"2004-02-22","761",,
Netherlands,"2007-07-15","16",,
Argentina,"2004-06-27","271","0.024",
Bulgaria,"2009-02-01","1046",,
Ukraine,"2010-05-30","205",,
Argentina,"2004-12-26","77","0.014",
Bulgaria,"2008-04-27","471",,
Hungary,"2014-05-18","42",,
Hungary,"2013-02-10","336",,
Netherlands,"2007-09-23","28",,
Peru,"2014-05-04","138",,
Switzerland,"2009-09-27","43",,
Sweden,"2013-04-07","10",,
Netherlands,"2011-10-09","23",,
Uruguay,"2013-09-15","102",,
Austria,"2010-01-10","735",,
United States,"2008-08-10","684",,
Peru,"2011-04-03","144",,
United States,"2004-10-24","1767",,
Romania,"2014-02-09","740",,
Argentina,"2003-01-19",NA,NA,
Japan,"2005-07-31","2",,
Uruguay,"2003-08-10","178",,
Ukraine,"2009-09-27","590",,
Bulgaria,"2006-08-27","466",,
Spain,"2008-07-06","8",,
Netherlands,"2004-07-18","13",,
Canada,"2012-12-23","6425",,
Japan,"2005-09-25","2",,
Bulgaria,"2014-06-29","208",,
Germany,"2003-11-09","1103",,
Belgium,"2012-07-29","12",,
Switzerland,"2010-05-30","5",,
Australia,"2006-04-02","356",,
Mexico,"2015-05-17","1095","0.138",
Romania,"2008-06-22","566",,
Brazil,"2007-09-23","256","0.055",
United States,"2013-11-03","1560",,
United States,"2013-06-09","1024",,
Russia,"2013-03-17","998",,
Argentina,"2009-06-28","442","0.145",
Brazil,"2011-10-09","123","0.071",
Chile,"2011-01-09","2",,
Uruguay,"2008-11-23","89",,
Norway,"2004-02-01",NA,,
Russia,"2014-02-16","881",,
Russia,"2006-12-24","330",,
Uruguay,"2013-01-20","65",,
Brazil,"2007-07-15","265","0.087",
Poland,"2006-03-12","150",,
Paraguay,"2006-10-15","330",,
Japan,"2004-11-07","30",,
South Africa,"2007-12-02","2014",,
Austria,"2004-09-26","702",,
New Zealand,"2007-04-29","19",,
Poland,"2004-04-25",NA,,
Sweden,"2004-06-06",NA,,
Bolivia,"2015-07-12","218","0.001",
Chile,"2009-02-22","1",,
Hungary,"2003-04-20",NA,,
Austria,"2013-04-21","726",,
Norway,"2007-05-27","14",,
Sweden,"2015-06-14","1",,
Argentina,"2003-12-14","109","0.022",
Bolivia,"2015-02-08","135","0.009",
Russia,"2008-03-16","626",,
Bolivia,"2004-05-16","587","0.032",
Russia,"2015-08-09","267",,
Norway,"2010-10-31","91",,
Brazil,"2010-08-29","214","0.102",
Switzerland,"2008-12-21","71",,
Argentina,"2012-01-22","57","0.039",
Canada,"2005-02-20","3658",,
Canada,"2009-10-25","9688",,
Hungary,"2003-11-16",NA,,
Switzerland,"2003-09-14",NA,,
Bulgaria,"2004-11-07",NA,,
Romania,"2015-03-01","1121",,
Canada,"2003-01-05",NA,,
South Africa,"2014-08-17","4309",,
Chile,"2011-03-13","3",,
Romania,"2004-01-04","932",,
Norway,"2015-06-28","28",,
Brazil,"2015-01-18","110","0.107",
Bulgaria,"2005-07-31","456",,
Paraguay,"2011-10-30","146",,
Bulgaria,"2005-09-25","551",,
New Zealand,"2003-01-26",NA,,
Japan,"2014-06-29","7",,
Germany,"2008-06-08","410",,
Japan,"2006-08-27","1",,
Bolivia,"2014-11-23","170","0.009",
Canada,"2014-06-15","953",,
Paraguay,"2007-05-13","395",,
Japan,"2009-02-01","1047",,
Peru,"2011-05-22","182",,
United States,"2007-08-19","763",,
Netherlands,"2010-08-29","19",,
Japan,"2008-04-27","11",,
New Zealand,"2012-02-26","16",,
Germany,"2009-04-19","539",,
Germany,"2008-05-11","464",,
Peru,"2004-01-18","303",,
Sweden,"2014-01-26","12",,
Poland,"2008-02-17","136",,
Paraguay,"2013-05-26","258",,
Poland,"2012-11-11","34",,
Uruguay,"2013-03-03","56",,
Ukraine,"2008-12-21","441",,
Paraguay,"2005-05-29","263",,
Australia,"2005-07-10",NA,,
United States,"2004-12-19","2206",,
Ukraine,"2003-09-14",NA,,
Paraguay,"2010-09-19","202",,
Bolivia,"2007-05-06","423","0.046",
Uruguay,"2010-01-17","53",,
Belgium,"2011-08-14","7",,
Australia,"2003-05-18",NA,,
Paraguay,"2014-11-30","208",,
Bulgaria,"2008-09-14","390",,
Bolivia,"2006-06-04","625","0.022",
Canada,"2012-04-15","1583",,
Netherlands,"2015-01-18","119",,
France,"2011-09-18","12",,
Uruguay,"2003-06-29","251",,
Japan,"2007-09-16","2",,
Switzerland,"2011-09-11","8",,
Austria,"2006-02-19","845",,
New Zealand,"2005-07-17",NA,,
Brazil,"2010-07-11","175","0.107",
Romania,"2008-02-24","900",,
Mexico,"2013-05-12","919","0.104",
Romania,"2013-10-13","695",,
Belgium,"2003-03-02",NA,,
Spain,"2007-04-22","23",,
Ukraine,"2012-12-02","460",,
South Africa,"2009-10-18","2306",,
Brazil,"2012-11-04","126","0.063",
Australia,"2005-01-23",NA,,
Chile,"2010-04-04","4",,
Argentina,"2003-08-24","192","0.019",
Austria,"2014-09-28","1064",,
Bolivia,"2015-04-26","237","0.031",
Belgium,"2012-08-12","11",,
Brazil,"2004-11-14","262","0.059",
Germany,"2015-02-22","2344",,
New Zealand,"2004-07-04",NA,,
United States,"2009-03-22","2021",,
Japan,"2011-01-16","624",,
Netherlands,"2011-03-27","21",,
Bolivia,"2012-12-30","120","0.006",
Sweden,"2007-07-29","1",,
Spain,"2015-06-07","10",,
Peru,"2006-02-12","211",,
Switzerland,"2013-08-18","25",,
South Africa,"2007-06-03","3235",,
Ukraine,"2005-11-06","596",,
Belgium,"2003-06-22",NA,,
Netherlands,"2012-11-04","36",,
Ukraine,"2013-08-18","324",,
Romania,"2006-09-03","613",,
Bulgaria,"2005-12-04","1032",,
Chile,"2013-07-21","66",,
Sweden,"2009-09-20","7",,
Austria,"2003-02-09",NA,,
Russia,"2005-12-18","415",,
Canada,"2006-01-15","2223",,
Argentina,"2015-02-15","80","0.043",
Peru,"2015-06-21","159",,
Poland,"2014-10-19","34",,
France,"2011-01-02","490",,
Poland,"2010-08-08","7",,
Romania,"2009-05-17","650",,
South Africa,"2003-03-30",NA,,
Switzerland,"2005-11-06","35",,
Australia,"2003-12-28",NA,,
Poland,"2003-09-21",NA,,
Japan,"2009-07-26","42",,
Argentina,"2007-10-21","171","0.034",
Paraguay,"2003-04-27",NA,,
Hungary,"2012-08-26","25",,
Austria,"2013-03-31","1034",,
Japan,"2013-01-13","2182",,
Poland,"2006-05-07","32",,
Hungary,"2005-01-16","60",,
Netherlands,"2010-07-11","11",,
Bulgaria,"2008-08-17","293",,
France,"2014-08-03","2",,
Romania,"2003-08-31","500",,
Austria,"2006-03-05","909",,
Switzerland,"2012-12-02","49",,
Australia,"2009-12-20","72",,
Japan,"2003-12-21","101",,
Norway,"2006-01-29","60",,
Paraguay,"2011-09-04","194",,
Austria,"2006-11-19","845",,
Ukraine,"2011-09-11","381",,
Uruguay,"2006-04-09","88",,
Chile,"2003-10-12","1",,
Netherlands,"2004-11-14","24",,
Sweden,"2011-10-02","2",,
Brazil,"2011-03-27","180","0.458",
Mexico,"2008-04-13","1001","0.078",
Australia,"2006-09-17","457",,
United States,"2006-08-13","717",,
Hungary,"2009-07-05","38",,
New Zealand,"2007-07-29","74",,
Romania,"2003-03-09","824",,
Canada,"2003-02-23",NA,,
Spain,"2006-10-22","35",,
Austria,"2012-07-08","418",,
Switzerland,"2011-04-10","12",,
Bolivia,"2008-11-30","247","0.031",
Germany,"2012-11-25","836",,
Netherlands,"2007-12-02","38",,
United States,"2011-01-23","3554",,
Sweden,"2004-07-04",NA,,
Uruguay,"2008-12-28","71",,
Australia,"2007-12-16","152",,
Norway,"2006-11-05","23",,
Switzerland,"2008-04-20","19",,
Hungary,"2005-04-03","156",,
France,"2009-02-08","91",,
Japan,"2013-10-20","19",,
Japan,"2013-09-29","10",,
Switzerland,"2011-02-06","219",,
Chile,"2013-05-19","22",,
Belgium,"2008-12-07","149",,
Brazil,"2003-09-07","246","0.018",
South Africa,"2004-07-18",NA,,
Germany,"2015-04-19","579",,
Brazil,"2003-02-16","162","0.239",
Bulgaria,"2011-02-13","1269",,
Hungary,"2003-05-04",NA,,
Japan,"2010-01-03","350",,
Russia,"2011-02-20","1161",,
Hungary,"2006-12-31","108",,
Sweden,"2005-07-17",NA,,
Argentina,"2004-09-12","216","0.022",
Austria,"2008-07-27","422",,
France,"2006-03-26","34",,
Brazil,"2004-08-15","304","0.018",
Chile,"2010-03-21","3",,
Hungary,"2014-12-07","67",,
Russia,"2009-08-30","310",,
Australia,"2009-03-29","227",,
Japan,"2014-06-08","12",,
Bolivia,"2011-11-06","191","0.017",
South Africa,"2007-09-23","2801",,
Argentina,"2012-04-22","98","0.034",
Mexico,"2006-03-12","1088","0.049",
Mexico,"2004-04-25","828","0.044",
South Africa,"2011-10-09","2359",,
New Zealand,"2011-10-02","50",,
Chile,"2014-01-12","3",,
Australia,"2013-07-14","528",,
South Africa,"2007-07-15","3665",,
Belgium,"2012-08-05","13",,
Poland,"2015-05-17","19",,
Peru,"2011-06-05","167",,
Ukraine,"2011-02-06","580",,
Chile,"2010-09-26","48",,
Brazil,"2007-12-02","196","0.123",
United States,"2014-11-02","1374",,
Hungary,"2012-05-27","33",,
Ukraine,"2008-04-20","281",,
Netherlands,"2004-08-15","13",,
Germany,"2009-09-06","564",,
Ukraine,"2011-04-10","307",,
Netherlands,"2003-09-07",NA,,
New Zealand,"2009-09-20","43",,
Russia,"2004-01-11",NA,,
Chile,"2012-09-23","11",,
Uruguay,"2014-04-27","103",,
United States,"2006-05-14","939",,
Germany,"2005-01-30","1417",,
Netherlands,"2003-02-16",NA,,
Spain,"2012-10-14","35",,
France,"2010-05-16","7",,
Bulgaria,"2010-08-01","247",,
Sweden,"2003-01-26",NA,,
Chile,"2008-08-03","5",,
Mexico,"2015-07-26","992","0.273",
Norway,"2004-06-13",NA,,
Bolivia,"2013-01-20","111","0.015",
Poland,"2009-10-11","50",,
Romania,"2004-04-11","686",,
Paraguay,"2011-08-07","186",,
Brazil,"2011-06-26","195","0.089",
Norway,"2009-08-02","135",,
Bolivia,"2008-11-23","252","0.036",
Russia,"2013-12-29","596",,
Mexico,"2011-05-08","675","0.075",
Paraguay,"2006-11-26","242",,
Japan,"2012-07-22","9",,
Argentina,"2009-11-15","117","0.427",
Mexico,"2004-05-30","707","0.071",
Romania,"2015-05-03","615",,
France,"2010-09-12","16",,
Mexico,"2010-07-18","713","0.279",
Ukraine,"2011-08-28","307",,
Poland,"2007-04-08","51",,
Brazil,"2003-09-28","243","0.016",
New Zealand,"2015-06-14","29",,
Canada,"2010-02-14","1717",,
Spain,"2013-11-10","23",,
Bolivia,"2013-09-15","203","0.007",
France,"2006-01-08","106",,
Hungary,"2010-10-24","57",,
Bolivia,"2003-08-10","557","0.019",
France,"2011-12-25","71",,
Netherlands,"2011-06-26","11",,
Switzerland,"2011-08-28","4",,
Australia,"2008-01-13","108",,
Poland,"2007-11-18","45",,
Poland,"2005-06-05","22",,
Belgium,"2011-09-25","40",,
Austria,"2011-03-06","940",,
Spain,"2004-01-25","19",,
Chile,"2014-01-05","3",,
Mexico,"2015-01-25","2048","0.099",
Peru,"2006-10-08","326",,
Austria,"2003-06-15",NA,,
Chile,"2009-08-09","8",,
South Africa,"2015-02-01","2470",,
Netherlands,"2003-09-28",NA,,
New Zealand,"2014-01-26","10",,
Norway,"2007-01-07","39",,
Bulgaria,"2005-12-25","1105",,
Germany,"2008-10-19","942",,
Russia,"2010-07-25","214",,
Chile,"2007-03-11","4",,
Hungary,"2010-11-14","50",,
Bolivia,"2009-05-31","342","0.084",
Australia,"2004-09-19",NA,,
Austria,"2009-12-06","1074",,
Bolivia,"2005-04-17","396","0.068",
Peru,"2004-05-02","380",,
Bolivia,"2003-10-26","366","0.035",
South Africa,"2005-01-02",NA,,
Sweden,"2012-02-26","34",,
Germany,"2003-07-13",NA,,
Russia,"2007-05-20","221",,
Argentina,"2012-09-02","166","0.029",
Chile,"2014-04-06","14",,
United States,"2011-05-01","1013",,
South Africa,"2004-11-14",NA,,
Canada,"2010-12-26","3816",,
Bolivia,"2003-06-29","506","0.038",
Norway,"2014-08-24","60",,
Spain,"2012-01-15","49",,
Canada,"2005-03-20","2438",,
Uruguay,"2006-06-04","158",,
Australia,"2012-05-06","343",,
Spain,"2008-07-13","7",,
New Zealand,"2013-04-07","27",,
Belgium,"2015-07-19","10",,
Romania,"2013-06-30","507",,
Japan,"2005-12-25","258",,
United States,"2003-07-06",NA,,
Russia,"2008-11-09","444",,
Bolivia,"2010-01-17","129","0.019",
Uruguay,"2007-05-06","109",,
Spain,"2006-05-28","19",,
Spain,"2014-06-01","17",,
Brazil,"2007-06-03","362","0.146",
Argentina,"2012-05-20","143","0.034",
Paraguay,"2007-10-14","233",,
Bolivia,"2013-03-03","167","0.018",
Russia,"2005-02-27","348",,
Peru,"2008-01-20","170",,
Belgium,"2013-04-28","38",,
Romania,"2009-11-08","1034",,
Russia,"2014-05-25","358",,
Peru,"2009-03-08","169",,
Switzerland,"2010-06-20","6",,
New Zealand,"2009-04-26","35",,
Argentina,"2009-01-18","90","0.017",
South Africa,"2010-07-11","3281",,
Paraguay,"2009-11-22","153",,
Hungary,"2003-12-07",NA,,
Brazil,"2009-10-18","175","0.074",
France,"2008-02-10","298",,
New Zealand,"2006-02-26","21",,
New Zealand,"2003-06-01",NA,,
South Africa,"2012-11-04","2284",,
Australia,"2012-08-19","1270",,
New Zealand,"2011-12-18","15",,
Belgium,"2009-02-15","243",,
Netherlands,"2003-03-30",NA,,
Belgium,"2014-04-20","41",,
Poland,"2013-05-12","17",,
Hungary,"2003-05-25",NA,,
Uruguay,"2014-11-23","83",,
Bulgaria,"2012-07-22","117",,
Peru,"2005-05-22","419",,
Chile,"2006-09-24","5",,
Sweden,"2007-04-29","1",,
France,"2008-06-15","9",,
Poland,"2008-04-13","49",,
Peru,"2004-09-05","421",,
New Zealand,"2004-06-06",NA,,
Netherlands,"2007-06-03","17",,
Argentina,"2008-11-02","154","0.029",
United States,"2010-05-23","989",,
France,"2013-12-15","80",,
Chile,"2009-01-25","2",,
Ukraine,"2010-06-20","187",,
South Africa,"2011-03-27","2101",,
Argentina,"2003-04-06","187","0.036",
Chile,"2012-03-25","6",,
Belgium,"2011-11-13","82",,
Norway,"2010-01-24","45",,
Netherlands,"2009-10-18","71",,
Mexico,"2003-09-21",NA,"0.124",
Japan,"2010-08-01","3",,
Romania,"2013-02-24","971",,
Chile,"2008-06-29","7",,
Argentina,"2013-06-23","238","0.051",
Mexico,"2006-05-07","869","0.049",
Russia,"2005-11-27","341",,
Brazil,"2003-03-30","262","0.176",
Russia,"2011-06-19","157",,
Uruguay,"2015-02-08","80",,
Uruguay,"2004-05-16","163",,
Mexico,"2010-08-08","763","0.287",
Uruguay,"2015-07-12","215",,
Mexico,"2014-10-19","1330","0.468",
Brazil,"2014-08-17","217","0.055",
Austria,"2006-07-30","374",,
Peru,"2005-02-06","207",,
Russia,"2004-02-08",NA,,
Norway,"2007-06-17","13",,
Norway,"2013-11-24","54",,
Belgium,"2014-05-11","40",,
Bolivia,"2006-04-09","431","0.045",
Norway,"2003-02-02",NA,,
South Africa,"2015-01-18","2120",,
France,"2014-06-22","2",,
Ukraine,"2013-03-24","576",,
Hungary,"2013-01-06","70",,
Hungary,"2006-12-10","63",,
France,"2014-03-02","95",,
Paraguay,"2005-05-01",NA,,
Canada,"2003-06-08",NA,,
Canada,"2009-12-13","2077",,
Canada,"2015-04-12","1782",,
Russia,"2006-01-22","313",,
Canada,"2003-08-17",NA,,
France,"2013-10-06","30",,
South Africa,"2010-08-29","3106",,
Austria,"2014-07-06","577",,
Hungary,"2009-05-03","63",,
Hungary,"2010-02-28","46",,
Romania,"2009-06-14","628",,
Switzerland,"2008-08-31","13",,
Belgium,"2010-06-06","16",,
Romania,"2010-12-19","675",,
Japan,"2011-02-13","565",,
Uruguay,"2012-12-30","60",,
Germany,"2008-05-04","585",,
United States,"2007-09-30","1180",,
Bulgaria,"2013-09-29","262",,
Peru,"2014-09-14","143",,
Bulgaria,"2013-10-20","363",,
Australia,"2013-02-03","144",,
Paraguay,"2011-05-15","212",,
Ukraine,"2008-08-31","287",,
Austria,"2013-08-25","538",,
Australia,"2007-08-05","2680",,
Sweden,"2010-03-14","3",,
New Zealand,"2009-06-21","159",,
Canada,"2004-07-11","663",,
Bulgaria,"2014-06-08","226",,
Hungary,"2011-05-29","28",,
Austria,"2014-12-14","1436",,
Netherlands,"2014-08-17","19",,
Mexico,"2012-11-11","1434","0.231",
Uruguay,"2015-04-26","117",,
New Zealand,"2011-10-16","34",,
Spain,"2006-11-12","38",,
Bulgaria,"2010-01-03","770",,
Hungary,"2009-04-05","79",,
Norway,"2003-07-20",NA,,
Chile,"2006-03-19","6",,
Switzerland,"2013-03-24","89",,
Mexico,"2008-02-17","1699","0.064",
Sweden,"2013-06-02","2",,
Hungary,"2008-10-12","65",,
United States,"2005-07-03","711",,
Chile,"2003-10-19","1",,
Russia,"2009-01-04","499",,
Austria,"2007-01-21","1070",,
Germany,"2005-10-16","1169",,
Russia,"2004-08-08",NA,,
Sweden,"2014-03-09","9",,
Paraguay,"2005-07-24","408",,
Germany,"2005-01-09","1104",,
United States,"2013-05-19","1165",,
Brazil,"2008-08-24","255","0.029",
Sweden,"2004-03-07",NA,,
Mexico,"2005-04-03","981","0.035",
Russia,"2011-09-25","538",,
Brazil,"2015-05-24","287","0.383",
Austria,"2014-11-23","1246",,
Poland,"2014-05-18","17",,
Poland,"2013-02-10","78",,
Peru,"2005-04-24","299",,
United States,"2010-03-21","1511",,
Sweden,"2009-05-24","2",,
Bulgaria,"2012-10-14","268",,
Norway,"2004-07-18",NA,,
South Africa,"2006-11-05","2125",,
Mexico,"2006-12-31","1617","0.058",
Austria,"2004-05-16","425",,
Mexico,"2003-05-04",NA,"0.071",
Austria,"2015-02-08","2972",,
Peru,"2013-12-22","105",,
Ukraine,"2003-03-09",NA,,
Poland,"2002-12-29",NA,,
Bolivia,"2013-04-21","211","0.018",
Mexico,"2014-12-07","1848","0.167",
Belgium,"2010-07-25","9",,
Poland,"2007-07-08","11",,
Austria,"2015-07-12","568",,
France,"2004-11-21","62",,
Chile,"2011-01-23","1",,
Poland,"2008-01-27","98",,
Belgium,"2007-05-20","38",,
New Zealand,"2012-09-30","42",,
Germany,"2012-06-17","381",,
Netherlands,"2004-02-01","20",,
Romania,"2008-04-20","690",,
Chile,"2014-11-02","7",,
Australia,"2014-04-13","271",,
Austria,"2007-05-06","544",,
Netherlands,"2015-05-24","16",,
Argentina,"2009-04-12","129","0.788",
Spain,"2011-02-13","40",,
Japan,"2006-11-12","29",,
Hungary,"2006-03-12","131",,
Netherlands,"2008-08-24","20",,
Australia,"2005-06-26",NA,,
United States,"2012-09-23","1895",,
Belgium,"2013-12-29","107",,
Romania,"2011-04-10","679",,
Austria,"2006-06-04","539",,
Chile,"2006-05-14","6",,
Hungary,"2004-04-25",NA,,
Switzerland,"2003-03-09",NA,,
Paraguay,"2006-08-20","420",,
Peru,"2004-11-28","360",,
Bulgaria,"2006-10-22","897",,
Norway,"2007-07-15","9",,
United States,"2014-01-12","4486",,
Brazil,"2004-02-01","146","0.069",
Germany,"2013-11-17","772",,
Norway,"2011-10-09","52",,
Peru,"2013-12-01","121",,
Mexico,"2012-05-27","791","0.09",
Sweden,"2009-08-23","8",,
Norway,"2007-09-23","23",,
United States,"2010-09-26","1335",,
Romania,"2011-02-06","955",,
Ukraine,"2015-05-03","299",,
Japan,"2012-01-15","598",,
Uruguay,"2014-12-14","75",,
Japan,"2008-07-13","2",,
Germany,"2012-12-16","1042",,
Peru,"2006-09-10","364",,
Spain,"2005-12-25","26",,
Canada,"2008-09-07","914",,
France,"2004-03-28","15",,
Austria,"2015-04-26","710",,
Japan,"2014-06-01","14",,
Argentina,"2013-09-01","178","0.031",
Paraguay,"2004-10-03",NA,,
Netherlands,"2010-04-11","16",,
Russia,"2012-08-05","214",,
Uruguay,"2013-08-25","141",,
New Zealand,"2011-07-31","76",,
Romania,"2011-08-28","483",,
Poland,"2012-06-03","12",,
Hungary,"2015-07-26","25",,
Japan,"2006-05-28","6",,
Austria,"2012-12-30","1118",,
Paraguay,"2013-04-14","224",,
Paraguay,"2011-02-27","133",,
Uruguay,"2007-01-21","72",,
United States,"2008-08-03","648",,
Hungary,"2010-07-18","44",,
Brazil,"2011-10-23","136","0.097",
Bolivia,"2006-02-19","250","0.016",
Mexico,"2010-10-24","1111","0.221",
South Africa,"2009-08-02","5780",,
Bulgaria,"2004-01-25",NA,,
France,"2012-04-29","6",,
Sweden,"2005-10-23",NA,,
Belgium,"2004-01-11","68",,
South Africa,"2004-06-13",NA,,
Hungary,"2004-05-30",NA,,
Bolivia,"2014-09-28","199","0.011",
Hungary,"2011-05-08","31",,
Ukraine,"2004-04-11",NA,,
Paraguay,"2008-07-20","452",,
Norway,"2005-01-02","14",,
Hungary,"2015-01-25","538",,
Bolivia,"2006-11-19","389","0.014",
France,"2012-10-07","43",,
Brazil,"2010-04-11","210","0.62",
Bolivia,"2006-03-05","373","0.012",
United States,"2007-03-11","2086",,
Switzerland,"2004-04-11","12",,
Sweden,"2010-07-04","1",,
Canada,"2014-09-21","1750",,
France,"2013-05-05","8",,
Uruguay,"2006-07-30","183",,
Norway,"2015-02-01","353",,
Australia,"2015-03-15","329",,
Bulgaria,"2013-11-10","401",,
South Africa,"2007-01-07","2046",,
France,"2005-05-08","10",,
United States,"2014-04-06","1771",,
Spain,"2010-08-01","4",,
Uruguay,"2014-07-06","146",,
Russia,"2008-12-07","506",,
Germany,"2014-02-23","1108",,
Bolivia,"2003-02-09",NA,"0.225",
Sweden,"2003-11-23",NA,,
Netherlands,"2011-10-23","33",,
Belgium,"2011-02-20","134",,
United States,"2014-01-05","4691",,
France,"2008-09-21","40",,
Switzerland,"2015-05-03","29",,
Bolivia,"2013-03-31","247","0.019",
Canada,"2012-10-28","2013",,
Mexico,"2010-11-14","1365","0.184",
Belgium,"2009-08-30","62",,
United States,"2009-08-09","1302",,
France,"2006-02-05","262",,
New Zealand,"2012-09-09","64",,
New Zealand,"2014-07-13","157",,
Canada,"2004-03-14","1404",,
Norway,"2012-11-04","53",,
Norway,"2010-07-11","21",,
Argentina,"2010-02-21","71","0.284",
Bolivia,"2010-12-05","168","0.012",
Germany,"2008-10-05","1021",,
Chile,"2011-05-01","6",,
New Zealand,"2004-04-18",NA,,
Netherlands,"2006-01-29","39",,
Ukraine,"2013-06-30","217",,
Spain,"2012-07-22","9",,
Bolivia,"2006-08-06","347","0.006",
Austria,"2014-04-27","736",,
Chile,"2003-07-06","4",,
South Africa,"2014-08-24","3902",,
Japan,"2013-11-10","67",,
Belgium,"2009-01-04","308",,
Belgium,"2004-08-08","8",,
Germany,"2009-07-19","414",,
Sweden,"2014-10-05","4",,
Switzerland,"2013-02-24","400",,
Ukraine,"2009-11-08","1062",,
Norway,"2004-11-14","12",,
Argentina,"2012-09-16","164","0.034",
France,"2012-02-12","320",,
Mexico,"2003-12-07","1025","0.083",
Belgium,"2004-02-08","65",,
Ukraine,"2013-02-24","637",,
Austria,"2008-12-28","1384",,
Switzerland,"2009-11-08","204",,
Germany,"2004-05-09","558",,
Japan,"2004-01-25","695",,
Peru,"2009-03-15","178",,
United States,"2008-06-29","646",,
Russia,"2014-05-11","448",,
Germany,"2013-08-04","264",,
Uruguay,"2012-07-08","182",,
Switzerland,"2013-06-30","24",,
Mexico,"2003-05-25",NA,"0.074",
Poland,"2009-07-05","18",,
South Africa,"2010-01-24","1670",,
Bolivia,"2006-05-21","513","0.041",
Norway,"2011-03-27","37",,
Argentina,"2011-01-30","67","0.077",
Argentina,"2008-05-25","217","0.024",
Bulgaria,"2008-07-13","297",,
United States,"2006-09-24","1133",,
Hungary,"2014-10-19","58",,
Belgium,"2006-01-22","119",,
Bulgaria,"2012-01-15","539",,
Hungary,"2010-08-08","34",,
Uruguay,"2008-07-27","200",,
Brazil,"2006-01-29","159","0.133",
Hungary,"2003-09-21",NA,,
Chile,"2010-05-23","7",,
United States,"2009-01-25","2555",,
Bulgaria,"2006-05-28","717",,
Poland,"2012-08-26","7",,
Hungary,"2006-05-07","45",,
Poland,"2005-01-16","53",,
Russia,"2010-06-06","276",,
Peru,"2007-02-11","188",,
Bulgaria,"2014-06-01","250",,
Germany,"2010-03-07","784",,
United States,"2012-03-25","1936",,
Romania,"2010-06-20","475",,
Mexico,"2013-01-06","1576","0.084",
Mexico,"2006-12-10","1725","0.087",
Peru,"2015-05-31","150",,
Norway,"2010-08-29","84",,
Japan,"2006-10-22","9",,
Uruguay,"2003-06-15","221",,
Ukraine,"2009-06-14","216",,
New Zealand,"2009-06-07","91",,
Brazil,"2010-10-31","163","0.096",
Uruguay,"2011-03-06","55",,
Sweden,"2003-11-30",NA,,
Germany,"2003-10-05","1040",,
Switzerland,"2010-12-19","60",,
New Zealand,"2004-06-20",NA,,
Brazil,"2007-05-27","377","0.173",
Peru,"2012-03-11","99",,
Mexico,"2009-05-03","870","0.07",
Poland,"2003-04-20",NA,,
Russia,"2011-11-13","394",,
Argentina,"2011-04-17","99","0.096",
Spain,"2013-09-29","25",,
Peru,"2010-06-13","198",,
Spain,"2013-10-20","29",,
Bolivia,"2007-11-11","337","0.014",
Belgium,"2005-11-27","192",,
Bolivia,"2005-09-11","420","0.033",
Australia,"2012-03-18","300",,
Mexico,"2010-02-28","1739","0.082",
New Zealand,"2008-02-03","7",,
France,"2006-07-09","5",,
Brazil,"2015-06-28","238","0.124",
Canada,"2010-11-07","1613",,
South Africa,"2007-06-17","2954",,
South Africa,"2013-11-24","1929",,
Sweden,"2008-11-16","4",,
Peru,"2009-12-27","121",,
Bolivia,"2003-01-12",NA,"0.176",
South Africa,"2003-02-02",NA,,
Belgium,"2011-06-19","13",,
Norway,"2015-01-18","203",,
Sweden,"2011-11-20","3",,
Spain,"2014-06-08","12",,
Canada,"2012-06-24","722",,
Bolivia,"2008-05-18","430","0.027",
Uruguay,"2009-12-06","64",,
France,"2007-03-04","37",,
Bulgaria,"2006-11-12","944",,
Spain,"2010-01-03","20",,
Poland,"2003-11-16",NA,,
Romania,"2013-03-24","795",,
New Zealand,"2006-06-18","47",,
Hungary,"2012-11-11","48",,
Mexico,"2011-05-29","669","0.08",
Netherlands,"2010-10-31","22",,
Canada,"2007-06-24","770",,
Argentina,"2006-12-03","109","0.014",
Belgium,"2008-11-09","80",,
Netherlands,"2007-05-27","17",,
Russia,"2015-07-19","247",,
Mexico,"2009-04-05","956","0.083",
Peru,"2007-11-04","312",,
Peru,"2008-09-28","292",,
Argentina,"2015-01-04","81","0.034",
Canada,"2005-08-28","936",,
Chile,"2005-07-03","11",,
United States,"2003-10-19","1209",,
Bolivia,"2004-09-26","461","0.011",
Russia,"2013-04-28","471",,
Peru,"2011-06-12","172",,
Belgium,"2005-02-27","419",,
Peru,"2008-03-30","228",,
South Africa,"2003-07-20",NA,,
Canada,"2014-10-26","2271",,
Paraguay,"2010-11-28","188",,
Switzerland,"2009-06-14","14",,
Romania,"2008-08-31","579",,
Netherlands,"2015-06-28","13",,
Belgium,"2014-05-25","30",,
Ukraine,"2010-12-19","799",,
Chile,"2007-09-30","4",,
New Zealand,"2008-01-06","10",,
Peru,"2013-09-08","148",,
Bolivia,"2010-01-10","123","0.014",
France,"2010-08-22","4",,
Japan,"2012-10-14","20",,
Hungary,"2008-02-17","196",,
Russia,"2014-04-20","640",,
Mexico,"2008-10-12","1035","0.224",
Russia,"2009-02-15","880",,
United States,"2006-03-19","2057",,
Canada,"2008-04-06","2202",,
New Zealand,"2008-11-16","15",,
South Africa,"2011-10-23","2089",,
Romania,"2009-05-10","703",,
Australia,"2004-12-12",NA,,
New Zealand,"2011-11-20","17",,
Norway,"2011-06-26","20",,
Spain,"2007-09-16","20",,
Sweden,"2006-06-18","1",,
Brazil,"2009-08-02","373","0.055",
Brazil,"2004-06-13","336","0.024",
Argentina,"2010-12-12","90","0.039",
Hungary,"2007-04-08","50",,
Russia,"2012-07-29","210",,
Japan,"2007-04-22","93",,
France,"2014-08-31","3",,
Poland,"2010-10-24","34",,
Sweden,"2008-02-03","8",,
Spain,"2011-01-16","89",,
Belgium,"2013-03-17","147",,
Sweden,"2009-06-07","2",,
Ukraine,"2005-11-20","503",,
Paraguay,"2011-12-04","129",,
Chile,"2007-06-10","68",,
Netherlands,"2007-01-07","32",,
New Zealand,"2003-11-30",NA,,
Austria,"2003-06-29",NA,,
Paraguay,"2010-08-15","257",,
Sweden,"2004-06-20",NA,,
Hungary,"2009-10-11","102",,
Norway,"2003-09-28",NA,,
Mexico,"2012-06-03","792","0.094",
Romania,"2014-08-10","515",,
Austria,"2013-03-03","1641",,
Canada,"2012-07-01","745",,
Belgium,"2014-02-16","527",,
Belgium,"2006-12-24","109",,
Japan,"2015-06-07","13",,
Austria,"2010-01-17","757",,
Canada,"2011-03-20","1665",,
Romania,"2007-12-30","881",,
Netherlands,"2004-06-13","11",,
Germany,"2004-08-01","347",,
Canada,"2013-07-28","635",,
Peru,"2013-03-10","107",,
Australia,"2007-03-18","235",,
Poland,"2010-11-14","28",,
Spain,"2013-01-13","81",,
Switzerland,"2005-11-20","24",,
Belgium,"2007-02-04","531",,
Uruguay,"2013-04-21","71",,
Russia,"2014-02-02","792",,
Russia,"2006-07-23","143",,
Paraguay,"2007-01-28","178",,
Netherlands,"2009-08-02","58",,
Bulgaria,"2007-07-22","346",,
Sweden,"2008-01-06","3",,
Spain,"2009-07-26","39",,
Canada,"2015-07-05","851",,
Chile,"2009-10-04","6",,
Spain,"2003-12-21","27",,
Romania,"2004-04-04","734",,
France,"2005-10-02","76",,
South Africa,"2010-04-11","2350",,
Hungary,"2007-11-18","57",,
Hungary,"2005-06-05","32",,
Peru,"2014-11-09","134",,
United States,"2014-07-27","793",,
Romania,"2012-01-08","645",,
Germany,"2005-04-10","607",,
Paraguay,"2008-03-02","238",,
Germany,"2010-05-09","508",,
United States,"2008-10-26","1659",,
Brazil,"2007-01-07","157","0.068",
Uruguay,"2013-03-31","88",,
Brazil,"2006-11-05","264","0.041",
Romania,"2010-05-30","537",,
New Zealand,"2014-10-05","55",,
Ukraine,"2004-02-22",NA,,
Belgium,"2003-07-27",NA,,
Canada,"2011-07-17","332",,
Mexico,"2008-01-27","2218","0.063",
Peru,"2004-12-05","341",,
Poland,"2003-05-04",NA,,
Uruguay,"2003-02-09",NA,,
Sweden,"2004-04-18",NA,,
Canada,"2012-04-08","1757",,
Poland,"2006-12-31","37",,
Switzerland,"2014-02-09","251",,
Poland,"2014-12-07","35",,
Bolivia,"2014-07-06","44","0.006",
Mexico,"2007-07-08","830","0.106",
Australia,"2004-05-23",NA,,
Mexico,"2002-12-29",NA,NA,
Mexico,"2014-05-18","1082","0.115",
Mexico,"2013-02-10","1636","0.082",
Chile,"2010-01-31","1",,
Norway,"2004-08-15",NA,,
Austria,"2006-04-09","699",,
Canada,"2007-01-14","2748",,
South Africa,"2008-08-24","3073",,
Paraguay,"2007-12-23","198",,
Bolivia,"2006-07-30","381","0.005",
South Africa,"2015-05-24","4074",,
Spain,"2006-08-27","21",,
Uruguay,"2006-03-05","81",,
Norway,"2003-02-16",NA,,
Bulgaria,"2008-07-06","330",,
Sweden,"2012-09-09","3",,
Uruguay,"2006-11-19","126",,
Sweden,"2014-07-13","1",,
Switzerland,"2008-06-22","16",,
Poland,"2005-04-03","98",,
France,"2013-02-17","894",,
United States,"2005-03-06","2554",,
Spain,"2014-06-29","11",,
Norway,"2003-09-07",NA,,
Norway,"2007-12-02","43",,
Germany,"2013-09-22","799",,
Chile,"2013-11-03","12",,
Chile,"2013-06-09","43",,
Poland,"2012-05-27","13",,
Ukraine,"2008-06-22","190",,
South Africa,"2004-02-01",NA,,
Uruguay,"2014-09-28","124",,
Spain,"2009-02-01","37",,
United States,"2011-01-09","2726",,
Spain,"2008-04-27","13",,
Canada,"2012-03-04","2698",,
Uruguay,"2006-02-19","85",,
France,"2012-12-09","117",,
Canada,"2003-11-02","1995",,
Netherlands,"2006-11-05","25",,
Belgium,"2004-07-25","9",,
Germany,"2006-04-16","665",,
Bolivia,"2007-01-21","224","0.037",
Bolivia,"2013-08-25","206","0.005",
Canada,"2007-08-12","590",,
Germany,"2006-04-30","542",,
Chile,"2008-08-10","5",,
Chile,"2004-10-24","2",,
Romania,"2009-09-27","723",,
Paraguay,"2014-03-23","214",,
Ukraine,"2014-02-09","610",,
Germany,"2014-07-20","377",,
Belgium,"2006-07-16","7",,
Hungary,"2015-05-17","30",,
Bulgaria,"2009-11-29","801",,
Bolivia,"2014-12-14","113","0",
Paraguay,"2008-03-09","283",,
Germany,"2007-07-01","476",,
Switzerland,"2004-02-22","24",,
Argentina,"2012-04-01","86","0.055",
New Zealand,"2005-10-23",NA,,
Ukraine,"2004-01-04",NA,,
Australia,"2012-11-18","169",,
Ukraine,"2015-03-01","728",,
United States,"2011-03-13","2076",,
Belgium,"2005-12-18","121",,
Mexico,"2003-11-16","894","0.088",
Austria,"2011-11-06","712",,
Brazil,"2013-11-24","125","0.059",
Spain,"2008-09-14","14",,
Brazil,"2007-06-17","387","0.13",
South Africa,"2015-06-28","3814",,
Canada,"2015-03-22","2350",,
Peru,"2007-04-15","314",,
Netherlands,"2003-07-20",NA,,
Poland,"2009-05-03","88",,
Mexico,"2003-04-20",NA,"0.056",
Bolivia,"2008-07-27","291","0.01",
Brazil,"2003-02-02","151","0.202",
Poland,"2010-02-28","31",,
Uruguay,"2006-05-21","151",,
Norway,"2014-08-17","36",,
Japan,"2009-11-29","753",,
United States,"2009-02-22","3447",,
Canada,"2005-10-30","2305",,
Peru,"2004-10-17","353",,
Sweden,"2011-07-31","1",,
Austria,"2008-11-30","882",,
France,"2003-04-13",NA,,
Bolivia,"2012-07-08","207","0.008",
France,"2005-08-14","11",,
Poland,"2013-01-06","330",,
South Africa,"2010-10-31","2238",,
Poland,"2006-12-10","45",,
Peru,"2005-09-04","403",,
South Africa,"2007-05-27","3481",,
Germany,"2013-12-08","827",,
Romania,"2003-09-14","490",,
Netherlands,"2003-02-02",NA,,
Canada,"2005-11-13","2433",,
Brazil,"2003-07-20","260","0.052",
Netherlands,"2007-06-17","16",,
Netherlands,"2013-11-24","43",,
Chile,"2004-12-19","2",,
France,"2003-03-16",NA,,
Russia,"2003-03-02",NA,,
Paraguay,"2011-07-10","217",,
Australia,"2007-08-26","1345",,
Romania,"2008-12-21","743",,
Poland,"2008-10-12","46",,
Spain,"2005-07-31","11",,
Uruguay,"2006-08-06","194",,
Peru,"2013-10-27","126",,
Spain,"2005-09-25","33",,
Paraguay,"2003-05-11",NA,,
Australia,"2005-03-27",NA,,
Germany,"2010-02-07","931",,
Japan,"2008-07-06","2",,
Argentina,"2014-12-21","79","0.027",
Peru,"2005-08-21","358",,
New Zealand,"2003-11-23",NA,,
New Zealand,"2010-07-04","52",,
Uruguay,"2010-12-05","75",,
Chile,"2007-08-19","7",,
Canada,"2005-10-09","1786",,
France,"2005-03-13","90",,
Russia,"2012-08-12","226",,
Paraguay,"2015-03-29","246",,
Switzerland,"2004-01-04","354",,
Poland,"2011-05-29","14",,
Poland,"2009-04-05","39",,
Russia,"2003-06-22",NA,,
Switzerland,"2015-03-01","430",,
Spain,"2004-11-07","34",,
Spain,"2008-08-17","8",,
Norway,"2007-06-03","14",,
Peru,"2012-02-19","95",,
Chile,"2009-03-22","4",,
Sweden,"2012-09-30","2",,
Poland,"2003-12-07",NA,,
Germany,"2007-10-07","1039",,
Switzerland,"2009-05-17","20",,
Austria,"2003-08-10",NA,,
Brazil,"2014-08-24","219","0.057",
Romania,"2005-11-06","729",,
Australia,"2010-04-18","170",,
Austria,"2013-09-15","805",,
Uruguay,"2010-01-10","54",,
Switzerland,"2006-09-03","16",,
Hungary,"2013-05-12","32",,
France,"2009-08-16","20",,
Germany,"2010-10-17","831",,
Ukraine,"2008-02-24","785",,
Ukraine,"2013-10-13","444",,
Austria,"2013-01-20","1598",,
Spain,"2005-12-04","24",,
Russia,"2011-08-14","176",,
Netherlands,"2010-01-24","30",,
Norway,"2009-10-18","236",,
New Zealand,"2009-05-24","42",,
Uruguay,"2004-09-26","176",,
Argentina,"2004-08-22","199","0.022",
Japan,"2007-07-22","2",,
New Zealand,"2004-03-07",NA,,
Peru,"2006-06-11","355",,
United States,"2010-04-04","1257",,
Austria,"2008-11-23","919",,
Paraguay,"2013-07-07","361",,
Romania,"2012-12-02","608",,
Switzerland,"2003-08-31",NA,,
Bolivia,"2009-12-06","176","0.037",
Austria,"2009-05-31","510",,
Peru,"2006-07-02","296",,
Mexico,"2012-08-26","858","0.309",
Netherlands,"2014-08-24","25",,
New Zealand,"2009-08-23","62",,
Belgium,"2015-08-09","13",,
Ukraine,"2003-08-31",NA,,
Uruguay,"2003-01-12",NA,,
Belgium,"2008-03-16","118",,
Mexico,"2005-01-16","1216","0.04",
Uruguay,"2008-05-18","133",,
Uruguay,"2007-11-11","127",,
Switzerland,"2013-10-13","41",,
South Africa,"2006-01-29","1991",,
Canada,"2004-02-29","1427",,
Germany,"2005-09-18","787",,
Bulgaria,"2015-06-07","285",,
Uruguay,"2005-09-11","143",,
United States,"2003-10-12","1092",,
Switzerland,"2008-02-24","100",,
Chile,"2006-08-13","10",,
Romania,"2011-09-11","499",,
Argentina,"2003-03-23","153","0.043",
Austria,"2003-10-26","710",,
Austria,"2005-04-17","578",,
Bolivia,"2011-03-06","196","0.08",
Poland,"2003-05-25",NA,,
Ukraine,"2009-05-17","259",,
United States,"2013-07-21","956",,
Paraguay,"2011-11-27","132",,
Germany,"2007-02-18","1982",,
Australia,"2009-11-01","167",,
Romania,"2013-08-18","545",,
Ukraine,"2006-09-03","222",,
Hungary,"2008-04-13","60",,
Mexico,"2009-07-05","685","0.102",
Bulgaria,"2007-04-22","630",,
Bolivia,"2003-06-15","521","0.047",
Argentina,"2010-04-25","142","0.104",
Paraguay,"2007-03-25","322",,
Norway,"2003-03-30",NA,,
Canada,"2013-08-11","698",,
Australia,"2014-03-16","268",,
Brazil,"2010-01-24","109","0.212",
France,"2007-04-22","5",,
Japan,"2014-08-31","6",,
Belgium,"2006-04-30","45",,
Netherlands,"2015-03-08","59",,
Poland,"2013-03-10","63",,
Peru,"2010-11-14","188",,
Bolivia,"2011-03-20","249","0.092",
Ukraine,"2014-01-26","456",,
Belgium,"2014-07-20","15",,
Germany,"2006-07-16","329",,
Paraguay,"2010-04-04","213",,
Hungary,"2004-05-02",NA,,
United States,"2013-07-07","941",,
Bolivia,"2013-07-28","175","0.002",
Brazil,"2012-05-13","197","0.186",
Belgium,"2007-07-01","15",,
Netherlands,"2004-03-21","15",,
Norway,"2013-09-01","87",,
Sweden,"2008-12-21","7",,
France,"2015-06-07","5",,
Belgium,"2013-09-22","80",,
Sweden,"2003-09-14",NA,,
South Africa,"2009-11-15","2027",,
Australia,"2008-12-14","139",,
Australia,"2005-08-07",NA,,
Bolivia,"2015-07-05","195","0.004",
Germany,"2004-07-25","439",,
Hungary,"2006-10-08","45",,
Poland,"2014-11-09","33",,
Switzerland,"2015-06-14","22",,
Brazil,"2014-03-30","166","0.263",
Belgium,"2006-04-16","53",,
Ukraine,"2015-06-14","208",,
Romania,"2011-07-31","467",,
New Zealand,"2011-08-28","69",,
Brazil,"2004-03-21","243","0.085",
Paraguay,"2013-07-21","334",,
United States,"2011-11-27","2033",,
Netherlands,"2012-05-13","17",,
Bulgaria,"2009-08-16","324",,
Bolivia,"2008-04-06","387","0.064",
Russia,"2009-07-12","204",,
Spain,"2011-01-02","256",,
Chile,"2003-04-27","2",,
United States,"2007-03-25","1604",,
Peru,"2010-10-24","183",,
Russia,"2013-06-16","282",,
Brazil,"2015-03-08","181","0.612",
Chile,"2011-09-04","8",,
Bolivia,"2012-07-01","203","0.009",
Switzerland,"2014-01-26","171",,
Argentina,"2015-02-01","77","0.039",
Netherlands,"2014-03-30","34",,
Germany,"2003-07-27",NA,,
Spain,"2014-08-03","5",,
Argentina,"2005-01-02","78","0.012",
Austria,"2005-03-20","840",,
South Africa,"2012-09-02","3032",,
Mexico,"2006-09-10","909","0.151",
Paraguay,"2003-10-12",NA,,
Russia,"2012-02-05","554",,
Austria,"2010-12-26","849",,
Japan,"2005-10-02","3",,
Switzerland,"2007-07-29","11",,
Brazil,"2004-12-26","164","0.045",
Mexico,"2013-12-01","1486","0.242",
Peru,"2012-05-27","160",,
Ukraine,"2009-09-20","562",,
Bolivia,"2003-11-02","400","0.032",
New Zealand,"2011-04-10","16",,
Sweden,"2013-08-18","2",,
Brazil,"2011-08-21","173","0.074",
Canada,"2007-01-21","2844",,
Paraguay,"2009-02-22","132",,
Brazil,"2004-06-27","316","0.032",
Bulgaria,"2005-03-13","1132",,
Netherlands,"2009-06-28","21",,
Belgium,"2010-05-09","31",,
New Zealand,"2008-04-20","17",,
Belgium,"2005-04-10","57",,
Bolivia,"2012-03-04","170","0.061",
New Zealand,"2011-02-06","10",,
Belgium,"2004-08-01","10",,
Chile,"2011-10-30","3",,
Uruguay,"2008-09-07","146",,
Paraguay,"2011-03-13","192",,
Japan,"2013-02-17","1381",,
Canada,"2014-12-14","4856",,
Austria,"2004-07-11","459",,
Argentina,"2004-07-18","204","0.019",
Mexico,"2004-11-28","1190","0.061",
Canada,"2013-08-25","660",,
Hungary,"2011-06-05","23",,
Bolivia,"2007-08-12","441","0.019",
Chile,"2007-05-13","16",,
Sweden,"2011-09-11","1",,
Germany,"2007-02-04","1381",,
Bulgaria,"2003-03-16",NA,,
Netherlands,"2003-01-19",NA,,
Ukraine,"2011-10-02","405",,
South Africa,"2004-09-12",NA,,
Argentina,"2011-10-09","81","0.024",
Australia,"2007-12-09","123",,
Bulgaria,"2005-08-14","437",,
Germany,"2013-03-17","1104",,
Bolivia,"2012-04-08","225","0.045",
Switzerland,"2011-10-02","14",,
Argentina,"2007-09-23","191","0.034",
Canada,"2014-07-06","772",,
Brazil,"2009-06-28","256","0.069",
Japan,"2012-12-09","146",,
South Africa,"2012-04-22","2490",,
Austria,"2003-08-17",NA,,
Uruguay,"2012-10-28","86",,
Austria,"2015-04-12","929",,
Germany,"2014-02-16","1187",,
Peru,"2006-12-31","193",,
Germany,"2006-12-24","1022",,
Poland,"2004-12-05","43",,
Peru,"2003-05-04","494",,
Chile,"2013-05-26","22",,
Austria,"2009-12-13","1036",,
Netherlands,"2004-12-26","34",,
Mexico,"2013-12-22","1992","0.151",
Sweden,"2012-12-02","6",,
Argentina,"2007-07-15","379","0.019",
Netherlands,"2004-06-27","11",,
Bulgaria,"2003-04-13",NA,,
Austria,"2003-06-08",NA,,
Bolivia,"2011-07-17","185","0.012",
United States,"2015-03-29","1901",,
Peru,"2014-12-07","113",,
Netherlands,"2011-08-21","13",,
Chile,"2010-09-19","77",,
Mexico,"2005-04-24","858","0.053",
Romania,"2012-09-30","622",,
United States,"2011-07-10","626",,
Chile,"2005-05-29","9",,
Spain,"2011-09-18","5",,
Brazil,"2003-01-19","162","0.17",
Ukraine,"2007-07-29","193",,
Switzerland,"2009-09-20","53",,
Bolivia,"2007-01-14","186","0.027",
Norway,"2009-04-12","33",,
Peru,"2005-04-03","288",,
United States,"2003-05-11",NA,,
Uruguay,"2014-09-21","125",,
Russia,"2003-11-09",NA,,
Canada,"2006-07-30","744",,
Chile,"2014-11-30","6",,
Sweden,"2005-11-06",NA,,
Belgium,"2007-02-18","900",,
United States,"2007-12-23","1954",,
Australia,"2007-04-01","191",,
Argentina,"2015-01-18","78","0.036",
France,"2009-11-29","874",,
Peru,"2008-10-12","243",,
Sweden,"2004-04-04",NA,,
Paraguay,"2005-03-06",NA,,
Bolivia,"2005-11-13","385","0.049",
Norway,"2011-04-17","18",,
Russia,"2008-06-08","241",,
Poland,"2013-10-27","26",,
Poland,"2005-08-21","12",,
Sweden,"2012-01-08","4",,
Spain,"2014-09-07","4",,
Mexico,"2013-09-08","1119","0.391",
Ukraine,"2009-06-21","201",,
Mexico,"2008-09-28","1022","0.259",
Uruguay,"2004-03-14","115",,
Brazil,"2003-12-14","137","0.055",
Bulgaria,"2012-12-09","356",,
Mexico,"2011-06-12","630","0.078",
Sweden,"2007-12-30","4",,
Germany,"2008-03-16","885",,
Japan,"2005-08-14","2",,
Ukraine,"2011-10-16","458",,
Mexico,"2008-03-30","1091","0.065",
Hungary,"2014-09-14","64",,
Germany,"2015-08-09","279",,
Romania,"2008-01-06","956",,
Japan,"2003-04-13",NA,,
Peru,"2011-05-29","175",,
Belgium,"2005-09-18","39",,
Bolivia,"2005-10-09","422","0.036",
New Zealand,"2008-08-31","93",,
Argentina,"2010-08-29","165","0.034",
Peru,"2009-04-05","197",,
Mexico,"2007-11-04","1423","0.397",
Brazil,"2012-01-22","90","0.102",
France,"2008-07-06","6",,
Romania,"2004-06-20","747",,
Australia,"2007-02-25","193",,
Bolivia,"2015-03-22","213","0.023",
Mexico,"2009-12-27","1478","0.129",
United States,"2014-03-23","1750",,
Belgium,"2010-10-17","61",,
Canada,"2008-07-27","429",,
Bulgaria,"2013-02-17","732",,
Romania,"2009-06-07","664",,
Mexico,"2012-03-11","1317","0.064",
Peru,"2009-05-03","231",,
Japan,"2003-03-16",NA,,
United States,"2008-03-09","3229",,
Switzerland,"2009-06-21","13",,
Poland,"2007-04-15","40",,
Mexico,"2010-06-13","677","0.116",
Switzerland,"2011-10-16","21",,
Sweden,"2014-08-10","2",,
Peru,"2010-02-28","121",,
New Zealand,"2013-03-24","18",,
Paraguay,"2011-01-09","140",,
Romania,"2006-06-18","678",,
Hungary,"2005-02-06","62",,
Norway,"2015-01-04","160",,
Poland,"2004-10-17","62",,
Sweden,"2009-05-10","3",,
Netherlands,"2012-01-22","40",,
Belgium,"2007-10-07","80",,
Peru,"2013-01-06","108",,
Russia,"2009-04-19","390",,
Russia,"2008-05-11","312",,
Romania,"2008-02-03","1158",,
Peru,"2006-12-10","227",,
Netherlands,"2003-12-14","159",,
Norway,"2006-12-03","22",,
Bolivia,"2005-10-30","517","0.03",
Mexico,"2015-05-31","1062","0.138",
Canada,"2012-07-08","764",,
Chile,"2006-10-15","5",,
Austria,"2003-02-23",NA,,
Poland,"2005-09-04","14",,
Japan,"2005-03-13","737",,
Bolivia,"2004-02-29","314","0.03",
Russia,"2015-02-22","1720",,
Poland,"2006-07-02","17",,
United States,"2010-08-15","804",,
Mexico,"2007-02-11","2057","0.048",
United States,"2011-12-04","1981",,
Sweden,"2009-09-27","5",,
Argentina,"2004-11-14","174","0.027",
Switzerland,"2013-04-07","54",,
Norway,"2012-09-16","60",,
Australia,"2007-11-25","172",,
Canada,"2009-12-06","2134",,
South Africa,"2012-05-20","3136",,
Bulgaria,"2005-10-02","612",,
Uruguay,"2010-11-07","107",,
Uruguay,"2012-06-24","200",,
Argentina,"2010-07-11","200","0.029",
New Zealand,"2010-06-20","31",,
Norway,"2010-02-21","58",,
Canada,"2003-06-15",NA,,
Peru,"2003-05-25","441",,
Belgium,"2013-12-08","124",,
Switzerland,"2009-04-26","52",,
Bolivia,"2013-08-11","195","0.006",
France,"2007-07-22","7",,
Netherlands,"2007-10-21","28",,
Spain,"2007-09-02","13",,
Hungary,"2004-09-05",NA,,
Hungary,"2005-05-22","39",,
South Africa,"2009-01-18","1609",,
Brazil,"2003-08-24","264","0.034",
Canada,"2011-03-06","2023",,
Switzerland,"2006-02-26","129",,
Switzerland,"2003-06-01",NA,,
Netherlands,"2015-02-15","138",,
Japan,"2009-08-16","170",,
Mexico,"2009-03-15","1257","0.071",
Switzerland,"2011-12-18","42",,
Ukraine,"2004-06-06",NA,,
Argentina,"2012-11-04","102","0.043",
Belgium,"2010-02-07","65",,
Poland,"2012-02-19","37",,
Ukraine,"2006-02-26","343",,
Ukraine,"2003-06-01",NA,,
Hungary,"2009-03-08","214",,
Austria,"2010-02-14","844",,
Uruguay,"2014-10-26","93",,
Peru,"2003-12-07","375",,
Ukraine,"2011-12-18","380",,
Switzerland,"2004-06-06","6",,
Paraguay,"2008-10-26","223",,
Argentina,"2011-03-27","104","0.202",
South Africa,"2003-04-06",NA,,
Ukraine,"2009-04-26","449",,
Norway,"2011-01-30","341",,
Norway,"2008-05-25","31",,
United States,"2008-03-02","4059",,
Romania,"2014-07-13","528",,
Chile,"2014-11-16","5",,
South Africa,"2008-11-02","1825",,
Romania,"2012-09-09","514",,
Paraguay,"2014-07-27","364",,
Brazil,"2015-02-15","143","0.294",
South Africa,"2013-06-23","4008",,
Netherlands,"2003-08-24",NA,,
Germany,"2005-12-18","1193",,
Uruguay,"2007-06-24","201",,
Bulgaria,"2014-08-31","202",,
Australia,"2015-08-02","1823",,
Sweden,"2010-05-30","1",,
Ukraine,"2013-04-07","462",,
Uruguay,"2005-08-28","178",,
Chile,"2010-11-21","5",,
Hungary,"2008-01-20","581",,
United States,"2007-01-28","2409",,
Poland,"2006-06-11","21",,
Brazil,"2007-10-21","244","0.121",
Romania,"2004-04-18","663",,
Bulgaria,"2010-08-22","357",,
Argentina,"2003-02-16","141","0.046",
Spain,"2014-06-22","10",,
Spain,"2014-03-02","53",,
Russia,"2015-04-19","551",,
Austria,"2012-04-15","662",,
Belgium,"2014-02-23","411",,
Ukraine,"2007-04-29","304",,
Argentina,"2003-09-07","210","0.019",
Sweden,"2010-06-20","1",,
Argentina,"2004-08-15","196","0.024",
Germany,"2011-02-20","1095",,
Uruguay,"2012-07-01","186",,
Poland,"2004-11-28","46",,
Brazil,"2004-09-12","267","0.019",
Germany,"2009-08-30","449",,
Australia,"2006-10-29","222",,
Spain,"2013-10-06","28",,
South Africa,"2004-12-26",NA,,
Hungary,"2011-04-03","49",,
Uruguay,"2008-04-06","100",,
Chile,"2005-05-01","4",,
Japan,"2004-11-21","36",,
Russia,"2012-11-25","724",,
South Africa,"2011-08-21","2641",,
South Africa,"2004-06-27",NA,,
Poland,"2013-12-01","29",,
Australia,"2007-09-09","685",,
Netherlands,"2012-04-22","22",,
New Zealand,"2009-09-27","39",,
Austria,"2014-06-15","594",,
Chile,"2011-05-15","9",,
Uruguay,"2015-07-05","224",,
United States,"2010-11-28","1960",,
Bulgaria,"2007-03-04","809",,
France,"2006-11-12","41",,
Netherlands,"2004-09-12","19",,
Australia,"2003-08-03",NA,,
South Africa,"2003-01-19",NA,,
Russia,"2009-09-06","419",,
Peru,"2014-05-18","144",,
Peru,"2013-02-10","96",,
Poland,"2005-04-24","49",,
Hungary,"2014-05-04","43",,
Paraguay,"2006-03-19","219",,
Germany,"2004-01-11","1190",,
Romania,"2014-10-05","733",,
Russia,"2005-01-30","282",,
Austria,"2003-01-05",NA,,
New Zealand,"2010-05-30","26",,
Bulgaria,"2006-07-09","667",,
Mexico,"2004-12-05","1185","0.07",
Uruguay,"2013-07-28","137",,
Belgium,"2012-12-16","143",,
Poland,"2013-12-22","32",,
Austria,"2009-10-25","922",,
Austria,"2005-02-20","2143",,
Uruguay,"2011-03-20","59",,
Peru,"2007-07-08","259",,
Brazil,"2012-04-22","164","0.217",
Peru,"2002-12-29","329",,
South Africa,"2009-06-28","3559",,
Argentina,"2007-12-02","123","0.024",
Chile,"2005-07-24","4",,
Paraguay,"2003-10-19",NA,,
Switzerland,"2007-04-29","10",,
Canada,"2013-04-21","1379",,
Peru,"2008-01-27","176",,
Mexico,"2014-11-09","1501","0.397",
Bolivia,"2014-09-21","202","0.008",
Netherlands,"2012-09-02","23",,
France,"2006-05-28","11",,
Australia,"2010-09-05","516",,
Belgium,"2013-11-17","107",,
Sweden,"2008-08-31","2",,
France,"2014-06-01","5",,
Brazil,"2009-11-15","144","0.122",
Hungary,"2008-03-23","113",,
Uruguay,"2007-01-14","73",,
Hungary,"2012-01-29","75",,
Ukraine,"2010-03-14","334",,
Canada,"2006-11-19","2334",,
Chile,"2007-10-14","4",,
Japan,"2004-03-28","13",,
France,"2008-07-13","6",,
New Zealand,"2007-12-30","9",,
Canada,"2006-03-05","3533",,
France,"2012-01-15","75",,
Argentina,"2003-09-28","217","0.019",
South Africa,"2014-03-30","2970",,
Spain,"2008-02-10","72",,
Uruguay,"2011-07-17","129",,
Norway,"2010-12-12","194",,
Chile,"2009-11-22","3",,
Ukraine,"2013-06-02","232",,
Canada,"2013-03-31","1754",,
Bolivia,"2012-10-28","177","0.014",
New Zealand,"2012-01-08","11",,
Australia,"2014-01-19","120",,
Ukraine,"2014-03-09","574",,
Japan,"2012-04-29","61",,
Austria,"2006-01-15","920",,
South Africa,"2012-05-13","2832",,
Argentina,"2011-06-26","179","0.043",
Canada,"2003-02-09",NA,,
Germany,"2013-12-29","827",,
Mexico,"2013-03-10","1529","0.083",
Uruguay,"2012-04-08","78",,
New Zealand,"2004-04-04",NA,,
Poland,"2006-09-10","12",,
Paraguay,"2006-09-24","469",,
Spain,"2013-12-15","44",,
Russia,"2008-10-19","440",,
Switzerland,"2014-03-09","141",,
Japan,"2005-05-08","9",,
Germany,"2010-07-25","305",,
Uruguay,"2007-08-12","210",,
Japan,"2013-05-05","122",,
Bulgaria,"2012-02-12","537",,
Sweden,"2013-03-24","16",,
Paraguay,"2012-03-25","144",,
Brazil,"2012-09-02","154","0.044",
Japan,"2012-10-07","15",,
New Zealand,"2009-05-10","30",,
Paraguay,"2009-01-25","130",,
Romania,"2011-11-20","649",,
Netherlands,"2009-11-15","151",,
Belgium,"2012-06-17","17",,
Russia,"2003-07-13",NA,,
Switzerland,"2013-06-02","29",,
Germany,"2007-05-20","503",,
Bolivia,"2008-09-07","298","0.017",
Romania,"2008-11-16","767",,
Peru,"2012-06-03","146",,
Spain,"2008-06-15","8",,
Canada,"2014-09-28","1809",,
Switzerland,"2010-03-14","14",,
Australia,"2012-07-15","1571",,
Uruguay,"2012-03-04","52",,
Paraguay,"2008-06-29","572",,
Japan,"2008-09-21","3",,
South Africa,"2004-03-21",NA,,
New Zealand,"2014-08-10","176",,
Bulgaria,"2006-02-05","1305",,
Romania,"2003-11-30","844",,
Canada,"2006-02-19","2793",,
Australia,"2005-05-15",NA,,
Hungary,"2004-08-29",NA,,
South Africa,"2015-03-08","2491",,
Uruguay,"2003-11-02","154",,
Australia,"2015-04-05","404",,
Germany,"2014-05-25","425",,
Bulgaria,"2008-09-21","458",,
New Zealand,"2011-09-11","45",,
Austria,"2008-06-01","525",,
Switzerland,"2005-07-17","9",,
Paraguay,"2008-08-03","351",,
Austria,"2007-10-28","712",,
Brazil,"2009-01-18","137","0.117",
United States,"2013-04-14","1747",,
Poland,"2009-03-15","66",,
Uruguay,"2005-10-30","167",,
United States,"2011-02-27","2980",,
Netherlands,"2013-06-23","20",,
United States,"2008-07-20","627",,
Sweden,"2011-02-06","16",,
South Africa,"2003-08-24",NA,,
Japan,"2006-02-05","806",,
Argentina,"2009-10-18","141","0.463",
Romania,"2009-08-23","591",,
Chile,"2011-08-07","20",,
Norway,"2004-08-22",NA,,
Peru,"2009-07-05","267",,
Austria,"2006-10-01","667",,
Bulgaria,"2013-05-05","213",,
Switzerland,"2004-07-04","6",,
Japan,"2012-02-12","1579",,
Netherlands,"2003-04-06",NA,,
France,"2013-11-10","25",,
Netherlands,"2008-11-02","30",,
Sweden,"2008-04-20","2",,
Chile,"2006-11-26","4",,
Bulgaria,"2005-05-08","672",,
Hungary,"2015-06-21","25",,
Germany,"2008-11-09","955",,
Spain,"2006-01-08","34",,
Brazil,"2012-05-20","208","0.17",
Austria,"2009-09-13","598",,
Canada,"2006-05-21","1172",,
Mexico,"2006-07-02","660","0.06",
Bulgaria,"2012-10-07","242",,
Argentina,"2007-06-03","380","0.051",
Peru,"2012-08-26","144",,
New Zealand,"2013-08-18","86",,
Sweden,"2011-04-10","2",,
Uruguay,"2015-03-22","99",,
Spain,"2010-09-12","6",,
Germany,"2005-02-27","2025",,
Peru,"2005-01-16","244",,
Poland,"2007-02-11","141",,
United States,"2004-10-03","1139",,
South Africa,"2015-02-15","2466",,
Norway,"2010-04-25","34",,
Brazil,"2013-06-23","212","0.088",
Argentina,"2003-03-30","158","0.039",
Mexico,"2006-06-11","815","0.086",
Canada,"2010-12-05","2174",,
Germany,"2005-11-27","1220",,
Uruguay,"2005-10-09","155",,
New Zealand,"2005-11-06",NA,,
Spain,"2011-12-25","45",,
Paraguay,"2009-08-09","353",,
Germany,"2011-06-19","272",,
Ukraine,"2004-07-04",NA,,
Hungary,"2006-02-12","75",,
Netherlands,"2009-01-18","184",,
Bolivia,"2004-03-14","421","0.023",
South Africa,"2007-10-21","2655",,
France,"2004-01-25","30",,
Bulgaria,"2012-04-29","217",,
Paraguay,"2014-01-05","159",,
Paraguay,"2007-03-11","323",,
New Zealand,"2012-12-02","19",,
Netherlands,"2012-05-20","16",,
Uruguay,"2005-11-13","112",,
Romania,"2004-03-07","703",,
Norway,"2003-03-23",NA,,
Australia,"2012-10-21","221",,
Austria,"2015-05-10","642",,
Romania,"2009-05-24","651",,
Brazil,"2003-04-06","308","0.134",
Ukraine,"2005-07-17",NA,,
Paraguay,"2014-04-06","221",,
Mexico,"2012-02-19","1349","0.061",
Brazil,"2008-11-02","222","0.049",
Canada,"2006-08-06","736",,
Bulgaria,"2004-03-28",NA,,
Belgium,"2003-10-05","44",,
South Africa,"2003-12-14",NA,,
Australia,"2004-02-15",NA,,
Bolivia,"2005-08-28","566","0.023",
Romania,"2003-11-23","788",,
Canada,"2004-09-26","1656",,
Poland,"2007-11-04","60",,
Germany,"2006-01-22","1129",,
Spain,"2009-02-08","28",,
New Zealand,"2008-12-21","10",,
Bolivia,"2007-06-24","438","0.024",
Poland,"2008-09-28","65",,
France,"2006-10-22","40",,
Poland,"2008-03-30","78",,
Belgium,"2010-03-07","52",,
Poland,"2011-06-12","11",,
South Africa,"2012-01-22","1620",,
New Zealand,"2003-09-14",NA,,
Hungary,"2011-05-22","30",,
Mexico,"2013-10-27","1279","0.482",
Japan,"2007-03-04","748",,
Belgium,"2004-05-09","42",,
Germany,"2004-02-08","1145",,
Austria,"2012-12-23","976",,
Argentina,"2014-08-17","209","0.048",
Poland,"2013-09-08","12",,
Belgium,"2013-08-04","9",,
Spain,"2006-03-26","98",,
Mexico,"2005-08-21","641","0.099",
Paraguay,"2013-05-19","263",,
Norway,"2012-04-01","56",,
Bolivia,"2014-10-26","205","0.019",
Switzerland,"2003-01-26",NA,,
Japan,"2006-07-09","5",,
Paraguay,"2010-03-21","174",,
Hungary,"2004-01-18",NA,,
Ukraine,"2012-02-26","493",,
Romania,"2010-07-04","446",,
Canada,"2010-01-10","1683",,
Bulgaria,"2004-11-21",NA,,
Paraguay,"2014-01-12","166",,
Ukraine,"2003-01-26",NA,,
Switzerland,"2012-02-26","204",,
Mexico,"2005-09-04","811","0.143",
Poland,"2015-05-31","16",,
Uruguay,"2013-08-11","148",,
Belgium,"2009-07-19","69",,
Germany,"2009-01-04","1862",,
Russia,"2005-10-16","307",,
Germany,"2004-08-08","318",,
Paraguay,"2010-09-26","207",,
Mexico,"2004-10-17","946","0.148",
Russia,"2005-01-09","390",,
Romania,"2005-10-23","870",,
Bolivia,"2010-11-07","220","0.02",
Mexico,"2007-04-15","1174","0.083",
Canada,"2003-01-12",NA,,
Poland,"2012-03-11","39",,
Peru,"2003-04-20","527",,
Bolivia,"2012-06-24","235","0.011",
Canada,"2008-05-18","1002",,
Russia,"2008-05-04","288",,
Norway,"2014-12-21","93",,
Japan,"2010-08-22","3",,
Poland,"2010-06-13","12",,
France,"2012-10-14","40",,
Spain,"2010-05-16","8",,
United States,"2006-08-20","741",,
Paraguay,"2012-09-23","166",,
Sweden,"2011-08-28","1",,
Poland,"2009-12-27","67",,
Uruguay,"2004-02-29","106",,
Belgium,"2008-10-05","82",,
Canada,"2007-11-11","1896",,
Canada,"2005-09-11","1169",,
Australia,"2004-10-31",NA,,
Austria,"2004-10-10","652",,
Peru,"2003-11-16","351",,
Belgium,"2008-10-19","77",,
Japan,"2009-02-08","695",,
Switzerland,"2014-10-05","46",,
Sweden,"2013-02-24","30",,
United States,"2005-05-01","959",,
Peru,"2015-05-17","150",,
Poland,"2011-06-05","12",,
Norway,"2011-08-21","25",,
Norway,"2004-06-27",NA,,
New Zealand,"2014-02-09","16",,
Austria,"2005-10-09","890",,
Norway,"2004-12-26","14",,
Russia,"2012-06-17","270",,
Belgium,"2003-07-13",NA,,
Australia,"2006-04-23","319",,
Japan,"2006-03-26","20",,
France,"2014-06-08","3",,
Romania,"2007-04-29","662",,
Germany,"2011-09-25","599",,
France,"2010-01-03","130",,
Spain,"2007-03-04","41",,
Australia,"2005-02-13",NA,,
Argentina,"2008-08-24","206","0.014",
Mexico,"2011-04-03","949","0.081",
Netherlands,"2009-04-12","19",,
Argentina,"2015-05-24","183","0.048",
Uruguay,"2015-05-10","132",,
France,"2013-10-20","20",,
France,"2013-09-29","27",,
Spain,"2006-07-09","10",,
New Zealand,"2008-06-22","54",,
Austria,"2005-11-13","725",,
Argentina,"2004-02-01","102","0.031",
Bulgaria,"2013-10-06","332",,
Mexico,"2014-05-04","963","0.095",
Russia,"2013-11-17","477",,
Uruguay,"2008-06-01","147",,
Bolivia,"2003-02-23","426","0.147",
United States,"2005-07-24","695",,
Norway,"2009-06-28","25",,
Canada,"2008-11-30","2047",,
Austria,"2005-10-30","676",,
Paraguay,"2005-07-03","361",,
Uruguay,"2007-10-28","135",,
United States,"2011-05-15","937",,
Bulgaria,"2014-06-22","210",,
Sweden,"2013-06-30","1",,
Spain,"2010-08-22","7",,
Brazil,"2009-04-12","224","0.344",
Paraguay,"2007-09-30","264",,
Bulgaria,"2014-03-02","505",,
Uruguay,"2009-09-13","116",,
Japan,"2010-05-16","7",,
Chile,"2010-11-28","4",,
Austria,"2015-03-22","1459",,
Canada,"2011-11-06","1919",,
Ukraine,"2014-10-05","547",,
Sweden,"2009-11-08","51",,
Norway,"2003-01-19",NA,,
Hungary,"2004-12-05","52",,
Uruguay,"2006-10-01","157",,
New Zealand,"2004-02-22",NA,,
Romania,"2013-06-02","514",,
Norway,"2012-05-13","37",,
Switzerland,"2008-11-16","37",,
Mexico,"2012-01-29","1496","0.069",
United States,"2009-11-22","2655",,
Switzerland,"2011-11-20","35",,
Austria,"2013-08-11","453",,
Peru,"2005-06-05","340",,
Argentina,"2011-10-23","91","0.031",
Peru,"2007-11-18","311",,
Spain,"2006-02-05","46",,
Poland,"2006-10-08","52",,
Hungary,"2014-11-09","62",,
Belgium,"2009-09-06","106",,
Australia,"2011-12-11","177",,
Mexico,"2008-03-23","1165","0.069",
Belgium,"2005-01-30","233",,
Romania,"2014-03-09","942",,
South Africa,"2010-12-12","1827",,
Australia,"2009-01-11","126",,
Canada,"2005-04-17","1509",,
Canada,"2003-10-26","1895",,
Paraguay,"2003-07-06",NA,,
Bulgaria,"2013-12-15","477",,
Russia,"2012-12-16","807",,
Norway,"2014-03-30","82",,
Japan,"2006-01-08","431",,
Hungary,"2013-03-10","166",,
Uruguay,"2004-10-10","172",,
Switzerland,"2003-11-30","42",,
Paraguay,"2011-05-01","252",,
Sweden,"2010-12-19","3",,
Spain,"2012-02-12","206",,
Austria,"2004-02-29","726",,
Japan,"2010-09-12","4",,
Germany,"2012-08-05","330",,
Poland,"2004-05-02",NA,,
United States,"2007-10-14","1326",,
Romania,"2010-03-14","667",,
France,"2012-07-22","3",,
Brazil,"2013-09-01","193","0.053",
Bulgaria,"2008-06-15","380",,
Canada,"2009-05-31","1607",,
Bulgaria,"2008-02-10","1065",,
Germany,"2008-12-07","1165",,
Norway,"2015-03-08","287",,
Canada,"2008-11-23","1947",,
Peru,"2009-10-11","213",,
Russia,"2014-02-23","993",,
Belgium,"2015-04-19","46",,
New Zealand,"2005-11-20",NA,,
Norway,"2004-03-21",NA,,
Sweden,"2009-06-14","2",,
Japan,"2011-12-25","169",,
Canada,"2013-01-20","4778",,
Australia,"2014-12-28","204",,
Ukraine,"2003-11-30",NA,,
Bolivia,"2010-02-14","145","0.031",
Canada,"2013-09-15","1328",,
Mexico,"2004-08-29","661","0.11",
Netherlands,"2013-09-01","25",,
Belgium,"2012-11-25","80",,
Argentina,"2010-04-11","114","0.147",
Canada,"2003-08-10",NA,,
Ukraine,"2011-11-20","503",,
Peru,"2007-04-08","285",,
Ukraine,"2008-11-16","496",,
Uruguay,"2012-12-23","57",,
Paraguay,"2010-05-23","229",,
Peru,"2008-04-13","264",,
Poland,"2004-09-05",NA,,
Australia,"2014-10-12","346",,
Uruguay,"2003-01-05",NA,,
United States,"2006-11-26","1889",,
Poland,"2005-05-22","29",,
New Zealand,"2009-05-17","38",,
Belgium,"2005-10-16","98",,
France,"2005-12-25","120",,
Russia,"2009-07-19","168",,
Uruguay,"2014-06-15","130",,
Brazil,"2012-09-16","150","0.054",
Netherlands,"2011-01-30","91",,
Netherlands,"2008-05-25","15",,
New Zealand,"2006-09-03","52",,
Australia,"2006-06-25","523",,
Belgium,"2005-01-09","201",,
Austria,"2015-07-05","538",,
Chile,"2004-10-03","1",,
Spain,"2004-03-28","23",,
Hungary,"2006-07-02","42",,
South Africa,"2004-08-22",NA,,
Japan,"2008-02-10","292",,
Norway,"2003-08-24",NA,,
Switzerland,"2009-05-24","15",,
Chile,"2013-04-14","12",,
Chile,"2011-02-27","1",,
Belgium,"2008-05-04","51",,
Chile,"2008-07-20","6",,
Uruguay,"2005-02-20","111",,
Ukraine,"2009-08-23","332",,
Bulgaria,"2011-12-25","460",,
Uruguay,"2009-10-25","103",,
Austria,"2013-07-28","433",,
Switzerland,"2004-03-07","17",,
Brazil,"2010-02-21","145","0.583",
Mexico,"2015-06-21","1061","0.19",
Spain,"2012-04-29","24",,
United States,"2011-08-07","616",,
Russia,"2008-10-05","502",,
Austria,"2011-03-20","818",,
New Zealand,"2003-08-31",NA,,
Spain,"2013-05-05","22",,
Netherlands,"2012-09-16","35",,
Mexico,"2006-02-12","1064","0.036",
Ukraine,"2004-03-07",NA,,
Canada,"2010-01-17","1695",,
Switzerland,"2009-08-23","60",,
Canada,"2013-03-03","2068",,
Austria,"2012-07-01","409",,
Bulgaria,"2006-01-08","1302",,
Spain,"2005-05-08","26",,
Japan,"2013-12-15","214",,
Brazil,"2011-01-30","118","0.162",
Brazil,"2008-05-25","361","0.197",
New Zealand,"2013-10-13","44",,
Spain,"2012-10-07","43",,
Bolivia,"2010-12-26","122","0.01",
South Africa,"2003-03-23",NA,,
Japan,"2008-06-15","3",,
Canada,"2003-06-29",NA,,
New Zealand,"2008-02-24","12",,
Germany,"2010-06-06","365",,
Argentina,"2006-01-29","105","0.01",
Bulgaria,"2010-09-12","283",,
Ukraine,"2009-05-24","244",,
Bolivia,"2005-03-20","363","0.024",
Poland,"2008-01-20","109",,
Romania,"2005-07-17","600",,
Russia,"2010-03-07","477",,
Hungary,"2006-06-11","43",,
Uruguay,"2012-04-15","77",,
Spain,"2008-09-21","16",,
Australia,"2013-01-27","131",,
Hungary,"2012-02-19","242",,
Russia,"2004-05-09",NA,,
Norway,"2007-10-21","36",,
Poland,"2009-03-08","76",,
Germany,"2014-05-11","491",,
Russia,"2013-08-04","260",,
Sweden,"2003-03-09",NA,,
Netherlands,"2010-02-21","25",,
France,"2010-08-01","3",,
Norway,"2015-02-15","459",,
Peru,"2013-05-12","148",,
South Africa,"2010-04-25","2747",,
Australia,"2011-07-03","356",,
Austria,"2008-04-06","842",,
Romania,"2004-07-04","665",,
Switzerland,"2005-10-23","36",,
Germany,"2011-11-13","909",,
Bolivia,"2004-07-11","365","0.015",
South Africa,"2012-04-01","2120",,
Japan,"2014-06-22","7",,
Bulgaria,"2010-05-16","309",,
Japan,"2014-03-02","2394",,
Poland,"2014-09-14","13",,
Brazil,"2011-04-17","178","0.372",
Romania,"2012-02-26","872",,
Ukraine,"2010-07-04","187",,
Argentina,"2015-06-28","237","0.029",
Austria,"2007-08-12","431",,
Spain,"2004-11-21","26",,
Mexico,"2004-01-18","977","0.034",
Norway,"2012-01-22","183",,
Japan,"2013-10-06","11",,
Ukraine,"2003-11-23",NA,,
Austria,"2003-11-02","608",,
Netherlands,"2015-01-04","102",,
Austria,"2012-03-04","1310",,
Mexico,"2011-05-22","683","0.084",
Argentina,"2007-05-27","339","0.055",
Hungary,"2013-10-27","46",,
Australia,"2012-06-10","738",,
Norway,"2003-12-14",NA,,
Russia,"2003-10-05",NA,,
Netherlands,"2006-12-03","28",,
Hungary,"2005-08-21","28",,
Paraguay,"2011-01-23","130",,
Argentina,"2010-10-31","149","0.12",
Poland,"2005-02-06","392",,
Hungary,"2004-10-17",NA,,
Sweden,"2015-05-03","5",,
Bulgaria,"2006-03-26","1200",,
Paraguay,"2014-11-02","234",,
Paraguay,"2006-05-14","287",,
South Africa,"2014-12-21","2123",,
Chile,"2006-08-20","8",,
Netherlands,"2011-04-17","15",,
Germany,"2014-04-20","555",,
Austria,"2007-01-14","869",,
Canada,"2006-04-09","1854",,
France,"2011-02-13","129",,
Germany,"2009-02-15","1370",,
Hungary,"2005-09-04","27",,
Switzerland,"2003-11-23","20",,
Uruguay,"2006-01-15","84",,
Bolivia,"2003-08-17","595","0.022",
Switzerland,"2010-07-04","7",,
Germany,"2015-07-19","332",,
Austria,"2012-04-08","670",,
Brazil,"2006-12-03","184","0.042",
Bulgaria,"2009-02-08","912",,
Romania,"2003-01-26",NA,,
Austria,"2011-07-17","363",,
Ukraine,"2005-10-23","672",,
New Zealand,"2004-01-04",NA,,
Bolivia,"2003-06-08","529","0.042",
Hungary,"2007-04-15","48",,
Brazil,"2015-01-04","128","0.089",
Germany,"2013-04-28","556",,
Bolivia,"2009-12-13","168","0.027",
Bolivia,"2015-04-12","218","0.032",
New Zealand,"2015-03-01","23",,
Sweden,"2004-04-11",NA,,
Mexico,"2004-05-02","799","0.038",
Paraguay,"2009-03-22","182",,
Bolivia,"2006-10-01","410","0.017",
France,"2008-08-17","5",,
Bulgaria,"2014-08-03","164",,
Norway,"2009-11-15","324",,
South Africa,"2013-09-01","3265",,
Switzerland,"2011-07-31","5",,
Bolivia,"2009-09-13","257","0.056",
Japan,"2007-09-02","2",,
Peru,"2015-01-25","94",,
Argentina,"2009-08-02","153","0.169",
Bolivia,"2007-10-28","345","0.017",
Mexico,"2006-10-08","1158","0.202",
Uruguay,"2003-02-23",NA,,
Bolivia,"2008-06-01","365","0.06",
Australia,"2011-07-24","391",,
Poland,"2008-03-23","71",,
Australia,"2015-01-11","158",,
Poland,"2012-01-29","32",,
Spain,"2009-08-16","61",,
France,"2005-12-04","85",,
Chile,"2013-07-07","148",,
Argentina,"2004-06-13","273","0.029",
Romania,"2014-01-26","687",,
Germany,"2012-07-29","328",,
Bulgaria,"2011-01-02","1042",,
Belgium,"2003-11-09","74",,
Canada,"2008-12-28","2547",,
Brazil,"2010-12-12","135","0.094",
Bolivia,"2015-05-10","234","0.02",
United States,"2011-09-04","951",,
Peru,"2010-07-18","169",,
Sweden,"2004-01-04",NA,,
Australia,"2010-06-27","265",,
Sweden,"2015-03-01","30",,
New Zealand,"2004-04-11",NA,,
Norway,"2012-09-02","53",,
Peru,"2011-05-08","169",,
Canada,"2014-04-27","1699",,
Paraguay,"2006-08-13","379",,
Argentina,"2007-01-07","82","0.01",
Peru,"2004-05-30","292",,
Russia,"2005-04-10","283",,
Russia,"2010-05-09","408",,
Australia,"2010-03-28","122",,
Poland,"2004-08-29",NA,,
Hungary,"2006-09-10","43",,
Russia,"2004-08-01",NA,,
Chile,"2011-11-27","4",,
Netherlands,"2010-12-12","42",,
Romania,"2015-06-14","552",,
Ukraine,"2011-07-31","214",,
Germany,"2014-02-02","1077",,
New Zealand,"2015-05-03","15",,
Austria,"2004-03-14","600",,
Germany,"2006-07-23","313",,
United States,"2003-04-27",NA,,
Peru,"2015-07-26","127",,
Chile,"2007-03-25","3",,
United States,"2011-10-30","1788",,
France,"2008-09-14","20",,
Bolivia,"2012-12-23","116","0.008",
Poland,"2011-04-03","32",,
Norway,"2004-09-12",NA,,
Bulgaria,"2011-09-18","117",,
Sweden,"2003-08-31",NA,,
Belgium,"2009-07-12","101",,
United States,"2007-05-13","878",,
Romania,"2011-10-02","679",,
Japan,"2014-09-07","7",,
Hungary,"2013-12-01","52",,
Belgium,"2013-06-16","19",,
Austria,"2014-10-26","1018",,
Uruguay,"2010-02-14","57",,
Sweden,"2009-05-17","2",,
Spain,"2005-08-14","15",,
Mexico,"2011-06-05","675","0.08",
Sweden,"2006-09-03","2",,
Romania,"2009-09-20","685",,
Argentina,"2006-11-05","160","0.022",
Austria,"2005-08-28","514",,
Peru,"2006-03-12","232",,
Peru,"2004-04-25","386",,
Switzerland,"2012-09-30","46",,
Hungary,"2004-11-28","49",,
Spain,"2003-04-13",NA,,
Austria,"2007-06-24","493",,
Belgium,"2012-02-05","231",,
South Africa,"2009-04-12","2453",,
Russia,"2006-04-30","187",,
France,"2005-09-25","50",,
Hungary,"2013-12-22","67",,
Paraguay,"2004-12-19",NA,,
United States,"2010-09-19","1315",,
Chile,"2011-07-10","10",,
Austria,"2012-06-24","491",,
United States,"2005-05-29","826",,
Ukraine,"2012-09-30","463",,
Austria,"2010-11-07","643",,
Bolivia,"2004-10-10","459","0.015",
Russia,"2014-07-20","249",,
Chile,"2003-05-11","3",,
Russia,"2007-07-01","149",,
Spain,"2003-03-16",NA,,
Romania,"2007-07-29","526",,
France,"2005-07-31","9",,
New Zealand,"2003-03-09",NA,,
Australia,"2005-06-19",NA,,
United States,"2014-11-30","2287",,
Russia,"2013-09-22","758",,
Sweden,"2013-10-13","3",,
Sweden,"2008-02-24","6",,
Paraguay,"2007-08-19","347",,
France,"2004-11-07","36",,
Hungary,"2005-04-24","77",,
Poland,"2014-05-04","17",,
United States,"2013-05-26","1149",,
Spain,"2005-03-13","75",,
Norway,"2012-04-22","38",,
Russia,"2006-04-16","253",,
Chile,"2015-03-29","8",,
Poland,"2011-05-22","14",,
Australia,"2010-10-10","287",,
Romania,"2011-10-16","758",,
Romania,"2009-06-21","577",,
Hungary,"2013-09-08","41",,
Peru,"2008-02-17","203",,
Switzerland,"2009-06-07","16",,
Poland,"2004-01-18",NA,,
Ukraine,"2008-01-06","440",,
Switzerland,"2004-06-20","6",,
New Zealand,"2010-12-19","12",,
Uruguay,"2005-03-20","82",,
France,"2006-08-27","8",,
Canada,"2006-06-04","940",,
Chile,"2007-12-23","2",,
Netherlands,"2014-12-21","82",,
Bolivia,"2012-04-15","242","0.044",
Peru,"2012-11-11","126",,
Hungary,"2007-11-04","40",,
Brazil,"2012-04-01","141","0.177",
France,"2014-06-29","2",,
South Africa,"2011-04-17","2216",,
Uruguay,"2010-12-26","63",,
Spain,"2013-02-17","258",,
Paraguay,"2010-01-31","95",,
Switzerland,"2008-02-03","193",,
Australia,"2006-12-17","121",,
Hungary,"2008-09-28","67",,
Hungary,"2008-03-30","103",,
Argentina,"2007-06-17","344","0.043",
Mexico,"2014-09-14","1205","0.236",
Argentina,"2013-11-24","88","0.043",
Canada,"2007-05-06","1188",,
Switzerland,"2006-06-18","8",,
Hungary,"2011-06-12","25",,
Argentina,"2003-02-02","136",NA,
Belgium,"2015-02-22","606",,
Hungary,"2012-03-11","288",,
Spain,"2012-12-09","32",,
Germany,"2012-08-12","319",,
Paraguay,"2013-11-03","214",,
Ukraine,"2006-06-18","228",,
Bolivia,"2005-02-20","269","0.029",
Paraguay,"2013-06-09","330",,
Bolivia,"2009-10-25","223","0.043",
Hungary,"2010-06-13","31",,
South Africa,"2006-12-03","2141",,
Canada,"2015-07-12","832",,
Hungary,"2009-12-27","152",,
France,"2009-02-01","194",,
United States,"2006-10-15","1297",,
Canada,"2015-02-08","3498",,
South Africa,"2015-01-04","2132",,
Germany,"2003-06-22",NA,,
Ukraine,"2008-02-03","784",,
Canada,"2004-05-16","684",,
France,"2008-04-27","9",,
Sweden,"2005-11-20","4",,
Russia,"2013-12-08","591",,
Chile,"2014-03-23","8",,
New Zealand,"2009-06-14","139",,
Ukraine,"2009-06-07","220",,
Japan,"2011-09-18","4",,
Ukraine,"2004-06-20",NA,,
Argentina,"2003-07-20","239","0.029",
Germany,"2003-03-02",NA,,
Canada,"2014-11-23","2578",,
Hungary,"2015-05-31","29",,
Switzerland,"2008-01-06","310",,
Paraguay,"2008-08-10","305",,
Bolivia,"2014-06-15","194","0.009",
Paraguay,"2004-10-24",NA,,
Brazil,"2014-12-21","128","0.058",
Bolivia,"2003-01-05",NA,"0.143",
Chile,"2008-03-09","2",,
Australia,"2005-12-11",NA,,
Mexico,"2005-02-06","1092","0.036",
Russia,"2010-02-07","719",,
Netherlands,"2012-04-01","26",,
Bulgaria,"2014-09-07","215",,
Uruguay,"2009-12-13","62",,
Russia,"2010-10-17","511",,
Uruguay,"2015-04-12","107",,
Brazil,"2004-08-22","298","0.02",
Austria,"2012-10-28","812",,
Switzerland,"2012-09-09","36",,
Germany,"2011-08-14","263",,
Peru,"2010-08-08","172",,
Netherlands,"2010-04-25","14",,
Switzerland,"2014-07-13","26",,
Spain,"2014-08-31","4",,
Sweden,"2008-06-22","1",,
Uruguay,"2003-06-08","157",,
Poland,"2015-06-21","13",,
Peru,"2014-10-19","129",,
Romania,"2004-06-06","663",,
Norway,"2009-01-18","202",,
Peru,"2003-09-21","576",,
France,"2007-09-16","21",,
Bolivia,"2006-01-15","247","0.017",
Uruguay,"2003-08-17","184",,
South Africa,"2010-02-21","1967",,
Hungary,"2007-02-11","268",,
Peru,"2006-05-07","358",,
Netherlands,"2003-03-23",NA,,
Switzerland,"2004-04-18","11",,
Australia,"2010-10-03","316",,
Chile,"2010-08-15","39",,
Sweden,"2014-02-09","18",,
Chile,"2011-12-04","3",,
Australia,"2010-05-02","214",,
Russia,"2007-10-07","405",,
Norway,"2012-05-20","50",,
Paraguay,"2007-06-10","480",,
Austria,"2014-09-21","1064",,
Hungary,"2009-03-15","200",,
France,"2011-01-16","368",,
South Africa,"2012-09-16","2728",,
Belgium,"2009-04-19","37",,
Belgium,"2008-05-11","31",,
New Zealand,"2013-02-24","19",,
Argentina,"2014-08-24","183","0.034",
Mexico,"2005-05-22","882","0.063",
Mexico,"2004-09-05","771","0.106",
New Zealand,"2009-11-08","22",,
France,"2013-01-13","349",,
Russia,"2007-02-18","606",,
Australia,"2005-06-12",NA,,
Bulgaria,"2007-09-02","350",,
France,"2009-07-26","23",,
Sweden,"2004-02-22",NA,,
Romania,"2013-04-07","719",,
Japan,"2011-01-02","187",,
Belgium,"2008-06-08","26",,
Mexico,"2009-03-08","1443","0.071",
Netherlands,"2004-08-22","14",,
New Zealand,"2013-06-30","71",,
Argentina,"2010-01-24","67","0.258",
Ukraine,"2004-04-18",NA,,
United States,"2010-11-21","1661",,
Chile,"2007-01-28","2",,
Norway,"2013-06-23","24",,
Brazil,"2010-04-25","200","0.465",
Canada,"2012-12-30","7496",,
Norway,"2008-11-02","34",,
Romania,"2011-12-18","600",,
Norway,"2003-04-06",NA,,
South Africa,"2011-01-30","2146",,
South Africa,"2008-05-25","2706",,
Paraguay,"2009-10-04","264",,
Mexico,"2008-01-20","2579","0.055",
Romania,"2006-02-26","698",,
Romania,"2003-06-01","584",,
Canada,"2015-04-26","1568",,
Austria,"2008-09-07","570",,
France,"2003-12-21","275",,
Ukraine,"2012-09-09","512",,
Russia,"2005-09-18","176",,
Chile,"2008-03-02","2",,
Poland,"2006-02-12","63",,
Spain,"2005-10-02","34",,
Brazil,"2003-03-23","228","0.17",
United States,"2014-11-16","1549",,
Japan,"2014-08-03","6",,
Romania,"2009-04-26","749",,
Uruguay,"2004-07-11","251",,
Ukraine,"2014-07-13","177",,
Chile,"2008-11-16","3",,
Belgium,"2014-04-27","33",,
Chile,"2011-11-20","3",,
Poland,"2011-10-23","27",,
Norway,"2015-07-26","28",,
Mexico,"2004-06-13","668","0.073",
Argentina,"2006-10-08","191","0.017",
Mexico,"2009-08-02","663","0.18",
South Africa,"2010-10-24","2063",,
Spain,"2007-12-09","77",,
Austria,"2009-01-04","1681",,
Russia,"2007-01-21","332",,
Austria,"2004-08-08","455",,
France,"2005-07-10","6",,
Norway,"2004-05-30",NA,,
New Zealand,"2007-06-10","29",,
Russia,"2013-08-25","347",,
Norway,"2011-05-08","18",,
Japan,"2005-12-11","94",,
France,"2003-05-18",NA,,
Uruguay,"2012-08-05","136",,
Chile,"2003-11-30","2",,
Brazil,"2012-06-03","183","0.114",
Australia,"2011-09-18","266",,
Norway,"2010-07-18","19",,
Germany,"2004-10-10","1327",,
Argentina,"2004-05-02","199","0.041",
Paraguay,"2013-02-24","133",,
Peru,"2012-09-02","156",,
Russia,"2014-12-14","753",,
Austria,"2006-01-22","840",,
South Africa,"2010-11-14","1824",,
United States,"2010-03-14","1619",,
Romania,"2007-10-14","862",,
Hungary,"2015-02-01","830",,
Paraguay,"2009-11-08","162",,
Norway,"2015-01-25","237",,
Hungary,"2005-01-02","59",,
Japan,"2010-10-10","12",,
Uruguay,"2008-12-07","77",,
Sweden,"2007-09-30","2",,
Russia,"2014-07-06","279",,
Paraguay,"2013-06-30","381",,
Germany,"2012-12-23","1157",,
Peru,"2009-11-15","199",,
Mexico,"2007-01-07","1987","0.061",
Japan,"2006-12-17","30",,
New Zealand,"2009-10-04","35",,
United States,"2014-03-09","1773",,
Netherlands,"2012-06-03","16",,
Bulgaria,"2005-06-19","473",,
Sweden,"2005-07-03",NA,,
Russia,"2006-07-30","136",,
Canada,"2003-11-09","2335",,
Belgium,"2008-12-28","173",,
Poland,"2010-04-11","18",,
Austria,"2004-02-08","854",,
Romania,"2009-11-22","1151",,
United States,"2013-06-02","1063",,
Peru,"2012-04-22","159",,
Australia,"2011-01-02","118",,
Brazil,"2002-12-29","174","0.073",
Austria,"2005-11-27","827",,
Chile,"2014-10-05","12",,
Brazil,"2007-07-08","288","0.1",
Bulgaria,"2015-01-11","762",,
Hungary,"2004-07-18",NA,,
South Africa,"2014-12-07","2095",,
Brazil,"2008-01-27","168","0.165",
Bolivia,"2006-07-23","343","0.011",
Argentina,"2011-06-05","162","0.055",
Bolivia,"2014-02-02","130","0.039",
Sweden,"2011-05-01","1",,
Paraguay,"2010-12-19","152",,
Bulgaria,"2011-07-24","164",,
Japan,"2005-06-12","3",,
France,"2003-12-28","154",,
South Africa,"2003-05-04",NA,,
Austria,"2011-06-19","352",,
Mexico,"2006-11-05","1319","0.156",
South Africa,"2006-12-31","2284",,
Sweden,"2003-07-06",NA,,
Romania,"2011-05-15","577",,
Ukraine,"2010-11-28","541",,
New Zealand,"2010-01-31","11",,
France,"2009-12-20","203",,
Germany,"2015-05-10","467",,
Australia,"2014-08-03","1841",,
Romania,"2005-07-24","591",,
Poland,"2008-08-24","8",,
France,"2006-09-17","16",,
Uruguay,"2011-09-25","92",,
South Africa,"2005-04-03",NA,,
Poland,"2015-05-24","17",,
Brazil,"2014-05-18","238","0.285",
Brazil,"2013-02-10","131","0.238",
Sweden,"2010-05-23","1",,
Germany,"2007-10-28","978",,
Norway,"2006-03-12","42",,
Canada,"2009-07-12","1175",,
Poland,"2004-02-01",NA,,
New Zealand,"2013-06-09","52",,
New Zealand,"2013-11-03","31",,
Netherlands,"2008-01-27","69",,
Austria,"2014-05-25","715",,
Canada,"2013-06-16","831",,
South Africa,"2012-05-27","3382",,
Germany,"2008-06-01","392",,
Norway,"2004-04-25",NA,,
Netherlands,"2007-07-08","15",,
Netherlands,"2002-12-29",NA,,
United States,"2007-04-29","980",,
Bolivia,"2012-07-29","195","0.005",
France,"2005-01-23","396",,
New Zealand,"2008-08-10","120",,
New Zealand,"2004-10-24",NA,,
Hungary,"2011-10-09","48",,
Bulgaria,"2010-03-28","397",,
Austria,"2008-11-09","858",,
Germany,"2006-10-01","729",,
Spain,"2008-12-14","73",,
Spain,"2005-08-07","9",,
Netherlands,"2014-05-18","19",,
Netherlands,"2013-02-10","172",,
Switzerland,"2010-11-28","25",,
Paraguay,"2009-06-14","508",,
Hungary,"2007-09-23","61",,
Canada,"2012-02-05","2060",,
Japan,"2010-10-03","11",,
Bulgaria,"2010-06-27","244",,
Peru,"2004-09-12","411",,
Austria,"2005-02-27","1492",,
Romania,"2005-05-01","719",,
Germany,"2009-09-13","661",,
Japan,"2010-05-02","7",,
Hungary,"2007-07-15","35",,
Austria,"2010-07-25","423",,
Belgium,"2015-07-12","11",,
Chile,"2005-10-23","5",,
Russia,"2009-12-06","702",,
Japan,"2010-03-28","8",,
Mexico,"2003-02-02",NA,"0.041",
Belgium,"2015-02-08","2120",,
Brazil,"2003-04-20","287","0.104",
Argentina,"2014-09-14","155","0.022",
Mexico,"2013-11-24","1376","0.267",
Belgium,"2004-05-16","33",,
Mexico,"2007-06-17","873","0.1",
United States,"2003-01-26",NA,,
Bulgaria,"2010-05-02","390",,
Brazil,"2003-11-16","239","0.046",
South Africa,"2010-02-28","1991",,
Canada,"2015-02-22","3144",,
Austria,"2007-05-20","563",,
Hungary,"2010-08-29","33",,
Poland,"2015-06-28","11",,
Bulgaria,"2010-10-03","496",,
Japan,"2010-06-27","4",,
Uruguay,"2011-11-13","71",,
South Africa,"2009-05-03","2809",,
Ukraine,"2006-08-20","205",,
Hungary,"2015-01-18","347",,
Russia,"2011-03-06","848",,
Russia,"2003-06-15",NA,,
Spain,"2015-08-02","6",,
Poland,"2007-05-27","19",,
Belgium,"2014-11-23","123",,
Poland,"2010-10-31","31",,
South Africa,"2006-12-10","1928",,
South Africa,"2013-01-06","1813",,
Uruguay,"2009-02-15","63",,
Argentina,"2005-02-06","111","0.01",
South Africa,"2008-10-12","2548",,
Netherlands,"2003-11-16","23",,
Uruguay,"2014-04-20","90",,
New Zealand,"2004-12-19",NA,,
Switzerland,"2006-08-20","10",,
Norway,"2012-11-11","58",,
Paraguay,"2003-03-09",NA,,
Spain,"2007-11-25","49",,
France,"2011-04-24","3",,
Chile,"2003-11-23","2",,
Netherlands,"2003-04-20",NA,,
Mexico,"2003-07-20",NA,"0.065",
Chile,"2010-07-04","9",,
Japan,"2015-01-11","5249",,
Uruguay,"2013-04-28","74",,
Norway,"2008-02-17","96",,
New Zealand,"2007-08-19","72",,
United States,"2012-02-26","2519",,
Belgium,"2007-05-06","37",,
Bolivia,"2011-08-14","244","0.01",
South Africa,"2009-04-05","2591",,
Belgium,"2006-06-04","36",,
Australia,"2007-09-02","847",,
Austria,"2013-12-29","1074",,
Uruguay,"2015-07-19","220",,
South Africa,"2011-05-29","3719",,
Germany,"2006-01-15","1113",,
Japan,"2011-07-24","3",,
Bulgaria,"2005-06-12","498",,
Canada,"2008-06-08","642",,
South Africa,"2003-12-07",NA,,
United States,"2004-07-04","629",,
Sweden,"2011-01-23","7",,
Hungary,"2010-07-11","36",,
New Zealand,"2009-03-22","18",,
Netherlands,"2005-01-16","37",,
Germany,"2014-06-15","378",,
Netherlands,"2012-08-26","18",,
Bulgaria,"2006-12-17","1251",,
Argentina,"2004-09-05","208","0.019",
Japan,"2005-06-19","3",,
Mexico,"2014-08-24","908","0.204",
Argentina,"2005-05-22","205","0.019",
Bolivia,"2003-03-02","427","0.119",
Germany,"2003-01-05",NA,,
Peru,"2008-11-02","244",,
France,"2006-04-02","32",,
Spain,"2007-02-25","52",,
Peru,"2003-04-06","401",,
Switzerland,"2004-10-03","12",,
Hungary,"2012-11-04","36",,
Austria,"2004-01-11","800",,
Belgium,"2015-04-26","42",,
Bolivia,"2012-08-12","225","0.01",
Netherlands,"2009-07-05","21",,
United States,"2005-07-17","697",,
Hungary,"2004-11-14","45",,
Peru,"2013-06-23","152",,
Switzerland,"2011-02-27","82",,
Switzerland,"2013-04-14","30",,
Germany,"2009-10-25","1099",,
Chile,"2009-05-24","25",,
Germany,"2005-02-20","2443",,
Belgium,"2012-12-30","270",,
Switzerland,"2008-07-20","7",,
Chile,"2004-03-07","1",,
Bulgaria,"2010-10-10","588",,
Bolivia,"2003-06-22","526","0.039",
Germany,"2012-04-15","579",,
Romania,"2011-08-07","481",,
Paraguay,"2004-04-11",NA,,
Chile,"2009-08-23","7",,
Australia,"2014-09-07","1370",,
Uruguay,"2010-06-06","112",,
Ukraine,"2008-07-20","174",,
Bulgaria,"2005-12-11","1036",,
France,"2009-03-01","26",,
Russia,"2008-07-27","112",,
Brazil,"2005-01-16","157","0.07",
Austria,"2009-08-30","466",,
Ukraine,"2011-02-27","727",,
Ukraine,"2013-04-14","427",,
Argentina,"2008-01-20","93","0.017",
New Zealand,"2006-08-13","60",,
Poland,"2006-01-29","57",,
Spain,"2007-04-01","36",,
Peru,"2012-05-20","158",,
Brazil,"2012-08-26","158","0.049",
Austria,"2011-02-20","1071",,
Peru,"2009-01-18","170",,
Norway,"2003-09-21",NA,,
Mexico,"2010-01-24","1781","0.093",
Canada,"2009-04-19","1684",,
Canada,"2008-05-11","1089",,
Argentina,"2009-03-08","98","0.227",
Ukraine,"2004-10-03",NA,,
Norway,"2006-05-07","17",,
South Africa,"2003-05-25",NA,,
Russia,"2012-07-08","215",,
Sweden,"2006-05-14","1",,
Hungary,"2011-03-27","64",,
Sweden,"2014-11-02","5",,
Brazil,"2009-07-05","250","0.07",
Uruguay,"2014-05-11","103",,
Romania,"2006-11-26","873",,
Norway,"2014-10-19","113",,
Paraguay,"2015-05-03","344",,
Norway,"2010-08-08","28",,
Germany,"2010-02-14","946",,
Peru,"2003-01-19","267",,
Argentina,"2011-04-03","106","0.207",
Australia,"2008-06-15","475",,
Belgium,"2008-11-30","124",,
Russia,"2006-11-19","319",,
Ukraine,"2015-03-29","407",,
Romania,"2013-05-26","514",,
Mexico,"2015-05-24","1071","0.132",
Russia,"2006-03-05","434",,
Brazil,"2005-04-03","259","0.067",
Mexico,"2008-08-24","707","0.135",
Australia,"2013-12-15","149",,
South Africa,"2014-05-18","3223",,
South Africa,"2013-02-10","2037",,
Romania,"2014-11-30","660",,
South Africa,"2002-12-29",NA,,
Bulgaria,"2011-12-11","473",,
Peru,"2009-06-28","251",,
Austria,"2005-12-18","786",,
Bolivia,"2008-12-07","249","0.037",
United States,"2007-07-29","705",,
Hungary,"2003-02-16",NA,,
South Africa,"2007-07-08","3580",,
Bulgaria,"2009-01-11","1001",,
Spain,"2005-05-15","26",,
Poland,"2006-11-05","57",,
Hungary,"2003-09-07",NA,,
Japan,"2011-07-03","4",,
Ukraine,"2003-05-11",NA,,
Russia,"2003-02-09",NA,,
Japan,"2013-01-27","5273",,
Ukraine,"2011-07-10","187",,
Hungary,"2004-08-15",NA,,
Brazil,"2014-12-07","136","0.054",
New Zealand,"2011-01-23","9",,
South Africa,"2008-01-27","1874",,
Romania,"2005-05-29","626",,
Sweden,"2009-03-22","3",,
Netherlands,"2012-05-27","15",,
Chile,"2012-09-30","7",,
Brazil,"2003-05-04","319","0.089",
Romania,"2010-09-19","695",,
Russia,"2013-03-31","733",,
Belgium,"2011-11-06","59",,
Brazil,"2006-12-31","158","0.067",
Spain,"2012-07-15","9",,
France,"2012-05-06","4",,
Netherlands,"2005-04-03","29",,
New Zealand,"2014-11-02","35",,
Switzerland,"2011-07-10","5",,
Japan,"2006-06-25","6",,
Canada,"2003-07-13",NA,,
Canada,"2008-10-19","1576",,
Bolivia,"2012-08-05","178","0.005",
Hungary,"2007-12-02","67",,
United States,"2009-09-20","4254",,
Japan,"2014-10-12","18",,
Switzerland,"2003-05-11",NA,,
New Zealand,"2006-05-14","21",,
Spain,"2010-09-05","7",,
Bulgaria,"2014-12-28","650",,
Peru,"2004-06-27","328",,
Netherlands,"2014-12-07","57",,
Peru,"2011-08-21","181",,
Norway,"2015-05-17","51",,
Netherlands,"2006-12-31","29",,
United States,"2011-10-02","1587",,
Sweden,"2006-08-13","1",,
Romania,"2007-05-13","672",,
Peru,"2004-12-26","256",,
Netherlands,"2003-05-04",NA,,
Brazil,"2012-05-27","205","0.16",
Russia,"2006-02-19","413",,
Argentina,"2014-05-04","138","0.08",
Paraguay,"2015-03-01","231",,
Russia,"2014-09-28","836",,
Spain,"2014-01-19","387",,
Mexico,"2004-02-01","932","0.037",
Australia,"2008-02-10","144",,
Paraguay,"2004-01-04",NA,,
Switzerland,"2015-03-29","106",,
Romania,"2011-10-30","655",,
France,"2012-08-19","2",,
France,"2013-02-03","1324",,
Norway,"2007-04-08","21",,
Romania,"2003-04-27","703",,
Belgium,"2013-01-20","802",,
Ukraine,"2007-03-25","379",,
South Africa,"2012-06-03","3354",,
Spain,"2003-08-03",NA,,
Bulgaria,"2005-02-13","1270",,
Belgium,"2008-11-23","123",,
United States,"2015-06-14","786",,
Paraguay,"2006-09-03","531",,
France,"2007-08-05","7",,
Bulgaria,"2006-04-23","768",,
Chile,"2011-07-31","15",,
Hungary,"2011-06-26","24",,
Canada,"2015-04-19","1664",,
Ukraine,"2011-11-27","491",,
Paraguay,"2009-05-17","331",,
Peru,"2004-03-21","284",,
Poland,"2009-08-02","17",,
Uruguay,"2012-07-29","141",,
Argentina,"2008-03-23","145","0.075",
Netherlands,"2010-11-14","25",,
Paraguay,"2003-08-31",NA,,
Argentina,"2012-01-29","56","0.055",
Peru,"2015-03-08","107",,
Switzerland,"2013-07-07","21",,
Brazil,"2010-10-24","166","0.085",
Germany,"2003-02-23",NA,,
Belgium,"2013-09-15","60",,
Mexico,"2011-10-23","1020","0.165",
Poland,"2004-06-13",NA,,
Canada,"2012-11-25","2719",,
Norway,"2009-10-11","98",,
Hungary,"2003-09-28",NA,,
Belgium,"2003-08-10",NA,,
Romania,"2011-09-04","487",,
Ukraine,"2013-07-07","229",,
Spain,"2006-10-29","33",,
United States,"2014-01-26","3472",,
Canada,"2009-09-06","2071",,
Canada,"2005-01-30","3392",,
Bolivia,"2011-09-25","202","0.01",
Peru,"2014-03-30","135",,
Sweden,"2007-08-19","1",,
Poland,"2007-01-07","41",,
Australia,"2014-06-22","714",,
Mexico,"2010-04-11","1009","0.103",
Paraguay,"2008-02-24","208",,
Australia,"2014-03-02","215",,
Paraguay,"2013-10-13","269",,
Argentina,"2004-08-29","230","0.022",
Netherlands,"2010-10-24","23",,
Austria,"2008-03-16","810",,
Spain,"2007-09-09","17",,
Japan,"2012-06-10","6",,
Brazil,"2010-11-14","161","0.114",
Austria,"2015-08-09","494",,
Uruguay,"2006-07-23","177",,
Uruguay,"2014-02-02","60",,
Switzerland,"2011-11-27","37",,
Russia,"2013-04-21","537",,
Belgium,"2009-05-31","31",,
Belgium,"2003-10-26","54",,
Belgium,"2005-04-17","59",,
Peru,"2012-05-13","145",,
Norway,"2007-11-18","39",,
Switzerland,"2007-03-25","30",,
Australia,"2013-10-06","317",,
Sweden,"2004-12-19",NA,,
Norway,"2005-06-05","19",,
Ukraine,"2008-03-02","616",,
France,"2013-07-14","2",,
Chile,"2012-09-09","14",,
United States,"2009-04-26","2129",,
Romania,"2014-11-16","617",,
Germany,"2003-08-17",NA,,
Belgium,"2003-06-29",NA,,
Chile,"2014-07-13","108",,
Argentina,"2015-06-21","254","0.036",
Peru,"2015-02-15","90",,
Norway,"2013-05-12","47",,
Bulgaria,"2012-06-10","203",,
Bolivia,"2015-07-19","223","0.001",
Austria,"2013-03-17","1191",,
Hungary,"2007-06-03","47",,
Sweden,"2010-01-31","3",,
United States,"2006-02-26","2564",,
United States,"2003-06-01",NA,,
Germany,"2003-06-08",NA,,
Peru,"2007-10-21","323",,
Russia,"2004-09-26",NA,,
Belgium,"2010-01-17","59",,
Uruguay,"2011-08-14","153",,
United States,"2011-12-18","2370",,
Germany,"2015-04-12","661",,
Austria,"2014-02-16","1528",,
Austria,"2006-12-24","793",,
Belgium,"2013-03-03","348",,
Bolivia,"2013-04-28","195","0.016",
Germany,"2009-12-13","955",,
Netherlands,"2003-05-25",NA,,
Chile,"2004-04-18","4",,
New Zealand,"2011-05-01","22",,
Brazil,"2003-12-07","154","0.06",
Romania,"2010-11-21","652",,
Spain,"2004-10-31","34",,
Switzerland,"2010-08-15","9",,
Russia,"2010-01-10","526",,
Switzerland,"2011-12-04","36",,
Ukraine,"2007-01-28","418",,
New Zealand,"2003-07-06",NA,,
United States,"2013-04-07","2121",,
Australia,"2010-05-16","316",,
Hungary,"2009-10-18","97",,
Poland,"2014-08-24","8",,
Bolivia,"2009-02-15","199","0.852",
Bolivia,"2014-04-20","231","0.028",
Canada,"2005-10-16","2048",,
Brazil,"2003-05-25","385","0.071",
Canada,"2005-01-09","3120",,
Sweden,"2004-10-24",NA,,
Ukraine,"2010-08-15","337",,
South Africa,"2009-07-05","3446",,
Sweden,"2008-08-10","1",,
Poland,"2010-01-24","40",,
Australia,"2009-02-08","98",,
Switzerland,"2007-01-28","188",,
Spain,"2004-02-15","13",,
Ukraine,"2011-12-04","446",,
Peru,"2003-08-24","468",,
France,"2007-12-16","181",,
Paraguay,"2005-11-20","278",,
Germany,"2004-07-11","485",,
Bolivia,"2011-11-13","201","0.015",
Hungary,"2003-03-30",NA,,
Russia,"2005-09-11","164",,
United States,"2004-06-06","653",,
Russia,"2007-11-11","364",,
Mexico,"2006-01-29","1222","0.035",
New Zealand,"2010-05-23","28",,
Russia,"2008-05-18","283",,
Japan,"2006-04-23","7",,
Australia,"2006-03-26","297",,
South Africa,"2005-01-16",NA,,
Netherlands,"2003-12-07","121",,
Sweden,"2013-06-09","2",,
France,"2009-03-29","16",,
Switzerland,"2008-03-02","91",,
Argentina,"2006-02-12","90","0.012",
Russia,"2003-01-12",NA,,
Sweden,"2013-11-03","4",,
Japan,"2005-02-13","1202",,
South Africa,"2012-08-26","3437",,
Canada,"2008-05-04","1179",,
Norway,"2008-04-13","48",,
Austria,"2007-02-04","1348",,
Argentina,"2011-05-22","137","0.055",
France,"2008-01-13","457",,
Mexico,"2007-05-27","1010","0.081",
Ukraine,"2008-03-09","550",,
Netherlands,"2009-04-05","22",,
Japan,"2014-12-28","2932",,
Hungary,"2014-08-17","32",,
Netherlands,"2011-05-29","12",,
Mexico,"2010-10-31","1165","0.214",
Bolivia,"2014-05-11","227","0.026",
Belgium,"2006-04-09","62",,
Australia,"2011-12-25","141",,
Chile,"2009-06-07","67",,
Ukraine,"2014-03-23","420",,
Sweden,"2007-06-10","1",,
Argentina,"2004-01-18","98","0.017",
Paraguay,"2014-02-09","130",,
Brazil,"2013-01-06","109","0.127",
Brazil,"2006-12-10","167","0.054",
Chile,"2004-06-20","15",,
Bulgaria,"2006-06-25","710",,
Austria,"2003-07-27",NA,,
Switzerland,"2007-12-23","107",,
Romania,"2006-10-15","869",,
Russia,"2006-05-21","258",,
France,"2004-09-19","33",,
South Africa,"2003-04-20",NA,,
Chile,"2008-02-03","2",,
Mexico,"2015-06-28","1037","0.2",
Brazil,"2010-02-28","152","0.596",
Netherlands,"2008-10-12","26",,
South Africa,"2003-11-16",NA,,
Germany,"2010-12-26","1076",,
Bulgaria,"2014-10-12","598",,
Paraguay,"2008-06-22","573",,
Spain,"2012-10-21","23",,
Poland,"2013-11-24","27",,
Poland,"2007-06-17","14",,
Germany,"2005-03-20","988",,
Poland,"2003-02-02",NA,,
Bolivia,"2010-06-06","314","0.025",
Brazil,"2009-05-03","270","0.214",
Chile,"2006-06-18","7",,
Uruguay,"2003-06-22","308",,
Bulgaria,"2011-07-03","188",,
Netherlands,"2006-12-10","30",,
Netherlands,"2013-01-06","126",,
Japan,"2011-12-11","88",,
Japan,"2009-01-11","739",,
Peru,"2003-12-14","333",,
Brazil,"2009-04-05","202","0.31",
Sweden,"2009-10-04","4",,
Ukraine,"2007-12-23","495",,
Peru,"2012-01-22","90",,
New Zealand,"2005-07-03",NA,,
Uruguay,"2012-08-12","129",,
Spain,"2015-04-05","31",,
Bulgaria,"2013-01-27","559",,
Austria,"2006-07-16","499",,
Russia,"2010-12-05","469",,
Brazil,"2011-05-29","239","0.175",
Australia,"2010-09-12","471",,
Brazil,"2008-10-12","233","0.028",
Switzerland,"2014-03-23","90",,
Netherlands,"2010-02-28","19",,
Netherlands,"2009-05-03","29",,
New Zealand,"2007-09-30","19",,
Poland,"2003-07-20",NA,,
Russia,"2006-08-06","140",,
Chile,"2008-01-06","2",,
Paraguay,"2004-02-22",NA,,
Australia,"2006-01-08","174",,
United States,"2009-06-21","1686",,
Uruguay,"2003-03-02",NA,,
Switzerland,"2008-03-09","76",,
Austria,"2004-07-25","512",,
United States,"2011-10-16","1608",,
Spain,"2014-12-28","219",,
Netherlands,"2004-04-25","16",,
Chile,"2007-07-29","6",,
Romania,"2003-05-11","657",,
Ukraine,"2014-11-30","469",,
Norway,"2008-01-27","79",,
Hungary,"2008-08-24","36",,
Netherlands,"2006-03-12","61",,
Ukraine,"2010-09-19","613",,
Paraguay,"2003-09-14",NA,,
Bulgaria,"2014-01-19","2008",,
Norway,"2002-12-29",NA,,
United States,"2012-09-30","2018",,
Romania,"2011-07-10","492",,
Hungary,"2015-05-24","29",,
Norway,"2007-07-08","9",,
Ukraine,"2005-05-29",NA,,
Paraguay,"2008-12-21","173",,
New Zealand,"2013-05-19","32",,
Romania,"2015-03-29","809",,
Ukraine,"2013-05-26","222",,
Switzerland,"2011-10-30","26",,
Mexico,"2004-08-15","558","0.129",
Norway,"2014-05-18","69",,
Norway,"2013-02-10","199",,
Russia,"2009-05-31","263",,
Uruguay,"2007-02-04","73",,
Belgium,"2013-04-21","37",,
Sweden,"2010-04-04","2",,
Poland,"2004-07-18",NA,,
Bolivia,"2010-07-25","210","0.012",
Switzerland,"2007-05-13","13",,
Canada,"2012-12-16","4934",,
Russia,"2005-04-17","268",,
Mexico,"2003-02-16",NA,"0.049",
Russia,"2003-10-26",NA,,
New Zealand,"2010-03-21","17",,
Mexico,"2003-09-07",NA,"0.137",
Germany,"2008-09-07","620",,
Bolivia,"2007-05-20","401","0.064",
Japan,"2012-10-21","27",,
Bulgaria,"2010-09-05","318",,
Austria,"2011-08-14","311",,
Spain,"2011-12-11","22",,
Poland,"2011-10-09","30",,
Ukraine,"2007-05-13","250",,
Bulgaria,"2005-05-15","641",,
Mexico,"2007-12-02","1527","0.159",
Sweden,"2003-10-12",NA,,
Spain,"2009-01-11","223",,
New Zealand,"2014-01-12","19",,
Poland,"2007-09-23","56",,
Australia,"2006-02-05","164",,
Chile,"2011-10-02","3",,
Russia,"2013-01-20","924",,
Uruguay,"2014-02-16","60",,
Uruguay,"2006-12-24","88",,
Germany,"2012-10-28","815",,
Japan,"2015-04-05","72",,
Russia,"2008-11-23","391",,
Switzerland,"2013-05-26","27",,
Ukraine,"2011-10-30","475",,
Brazil,"2004-04-25","272","0.027",
Argentina,"2004-12-05","111","0.019",
New Zealand,"2010-09-26","37",,
Uruguay,"2013-03-17","65",,
Poland,"2007-07-15","10",,
Brazil,"2006-03-12","245","0.167",
Bolivia,"2013-12-29","101","0.005",
Bulgaria,"2012-07-15","127",,
South Africa,"2015-05-17","3955",,
Canada,"2014-02-23","2861",,
Hungary,"2004-02-01",NA,,
Germany,"2014-09-21","746",,
Switzerland,"2010-09-19","21",,
Switzerland,"2005-05-29","11",,
Chile,"2009-09-20","7",,
Sweden,"2013-07-21","1",,
Australia,"2012-02-12","153",,
Russia,"2003-08-10",NA,,
New Zealand,"2012-09-23","57",,
Switzerland,"2014-11-30","85",,
Russia,"2013-09-15","764",,
Bulgaria,"2007-09-09","347",,
South Africa,"2009-10-11","2168",,
New Zealand,"2008-08-03","111",,
Argentina,"2013-03-10","84","0.207",
Canada,"2012-06-17","799",,
Paraguay,"2011-09-11","182",,
Uruguay,"2006-07-16","179",,
Mexico,"2011-06-26","542","0.069",
Austria,"2012-08-12","427",,
Austria,"2003-06-22",NA,,
Brazil,"2015-07-26","206","0.088",
Ukraine,"2011-09-04","340",,
Sweden,"2011-03-13","8",,
Netherlands,"2015-01-25","146",,
Austria,"2003-03-02",NA,,
Romania,"2007-03-25","745",,
Bulgaria,"2006-10-29","1073",,
Belgium,"2006-02-19","326",,
Norway,"2012-06-03","30",,
Mexico,"2003-09-28","683","0.188",
Brazil,"2010-07-18","164","0.099",
Japan,"2004-10-31","20",,
Hungary,"2011-10-23","48",,
Uruguay,"2004-07-25","208",,
Ukraine,"2003-04-27",NA,,
Sweden,"2009-02-22","5",,
Bolivia,"2004-01-11","322","0.018",
Belgium,"2014-09-28","61",,
Chile,"2015-06-14","15",,
Romania,"2011-11-27","624",,
Argentina,"2014-11-09","105","0.031",
Paraguay,"2013-08-18","257",,
Australia,"2010-08-22","563",,
Brazil,"2004-05-30","346","0.03",
United States,"2011-07-31","597",,
South Africa,"2007-04-08","2508",,
Brazil,"2011-05-08","224","0.279",
Belgium,"2006-11-19","96",,
Paraguay,"2005-11-06","305",,
Russia,"2008-11-30","495",,
South Africa,"2007-11-18","1839",,
Netherlands,"2015-07-26","13",,
South Africa,"2005-06-05",NA,,
Belgium,"2006-03-05","252",,
Brazil,"2015-01-25","108","0.146",
Hungary,"2010-04-11","31",,
New Zealand,"2014-01-05","19",,
Japan,"2004-02-15","337",,
Peru,"2010-12-12","132",,
Canada,"2013-11-17","2137",,
Switzerland,"2003-04-27",NA,,
New Zealand,"2009-08-09","76",,
Switzerland,"2011-09-04","7",,
France,"2012-03-18","41",,
Chile,"2014-01-26","3",,
Australia,"2006-07-09","512",,
Romania,"2013-07-07","502",,
Paraguay,"2012-12-02","141",,
Belgium,"2003-02-09",NA,,
Netherlands,"2011-05-08","13",,
Poland,"2015-02-01","92",,
Netherlands,"2004-05-30","12",,
New Zealand,"2007-03-11","7",,
Bolivia,"2011-02-20","153","0.104",
Australia,"2007-03-04","222",,
Spain,"2005-02-13","51",,
Poland,"2005-01-02","47",,
Bulgaria,"2003-08-03",NA,,
Uruguay,"2003-07-27","173",,
Spain,"2006-04-23","31",,
Belgium,"2013-03-31","102",,
Russia,"2011-11-06","428",,
Netherlands,"2010-07-18","11",,
Bolivia,"2009-08-30","281","0.066",
New Zealand,"2014-04-06","30",,
Germany,"2012-06-24","398",,
United States,"2004-04-18","719",,
Romania,"2007-01-28","1497",,
Mexico,"2007-06-03","990","0.091",
Germany,"2010-11-07","771",,
Argentina,"2006-07-02","232","0.019",
France,"2014-04-13","14",,
Poland,"2004-11-14","48",,
Ukraine,"2010-11-21","493",,
Chile,"2013-04-07","13",,
Paraguay,"2007-12-30","183",,
Japan,"2003-08-03",NA,,
France,"2005-06-26","7",,
Belgium,"2010-12-05","122",,
Peru,"2003-03-23","340",,
Poland,"2010-07-11","9",,
United States,"2012-09-09","1543",,
Chile,"2009-04-26","11",,
Paraguay,"2012-01-08","93",,
Netherlands,"2006-05-07","15",,
United States,"2014-07-13","1028",,
Romania,"2008-03-02","849",,
Belgium,"2006-08-06","9",,
Mexico,"2009-10-18","1106","0.847",
Netherlands,"2003-09-21",NA,,
Sweden,"2005-03-06",NA,,
Canada,"2003-10-05","1339",,
Ukraine,"2014-11-16","430",,
Paraguay,"2004-04-04",NA,,
Chile,"2006-02-26","4",,
Chile,"2003-06-01","2",,
Netherlands,"2010-08-08","12",,
Peru,"2010-04-25","199",,
Bolivia,"2009-01-04","168","0.123",
Bolivia,"2004-08-08","442","0.029",
Netherlands,"2014-10-19","27",,
South Africa,"2013-05-12","3307",,
Chile,"2011-12-18","2",,
Bulgaria,"2004-02-15",NA,,
Poland,"2012-11-04","33",,
Bolivia,"2004-02-08","321","0.046",
Argentina,"2012-02-19","57","0.089",
Norway,"2012-08-26","32",,
South Africa,"2008-04-13","2506",,
Bulgaria,"2004-10-31",NA,,
Norway,"2005-01-16","14",,
New Zealand,"2006-09-24","37",,
Chile,"2004-06-06","35",,
Japan,"2006-10-29","13",,
Russia,"2006-04-09","316",,
Poland,"2011-03-27","42",,
Germany,"2014-10-26","941",,
Paraguay,"2009-05-10","320",,
New Zealand,"2009-01-25","6",,
Switzerland,"2014-11-16","84",,
New Zealand,"2012-03-25","17",,
Sweden,"2011-01-09","7",,
Belgium,"2006-05-21","29",,
Brazil,"2014-10-19","170","0.064",
Paraguay,"2014-08-10","311",,
Germany,"2005-08-28","536",,
Brazil,"2010-08-08","193","0.108",
Peru,"2004-08-22","367",,
Norway,"2009-07-05","21",,
New Zealand,"2008-06-29","71",,
Japan,"2007-09-09","2",,
Bolivia,"2006-01-22","234","0.011",
Spain,"2012-06-10","14",,
Brazil,"2006-05-07","339","0.158",
Mexico,"2003-03-30",NA,"0.076",
Germany,"2007-06-24","438",,
Romania,"2011-12-04","627",,
Uruguay,"2005-12-18","92",,
Switzerland,"2010-11-21","27",,
Romania,"2010-08-15","569",,
Australia,"2004-11-21",NA,,
Hungary,"2006-01-29","67",,
Brazil,"2003-09-21","230","0.015",
Argentina,"2006-06-11","219","0.024",
Canada,"2009-07-19","1137",,
Poland,"2015-01-18","41",,
Norway,"2003-11-16",NA,,
Australia,"2012-10-07","301",,
United States,"2008-02-03","4928",,
Ukraine,"2006-10-15","379",,
Norway,"2003-04-20",NA,,
France,"2015-03-15","58",,
Argentina,"2013-10-27","98","0.041",
Australia,"2005-05-08",NA,,
Hungary,"2007-05-27","45",,
Australia,"2013-05-05","379",,
Argentina,"2005-08-21","234","0.027",
Peru,"2014-12-21","94",,
Hungary,"2010-10-31","53",,
Mexico,"2014-08-17","820","0.181",
Netherlands,"2012-11-11","37",,
United States,"2006-06-18","729",,
Spain,"2011-07-03","2",,
Canada,"2008-10-05","1470",,
Belgium,"2007-11-11","97",,
Romania,"2008-03-09","837",,
Netherlands,"2008-02-17","89",,
Bolivia,"2005-11-27","452","0.052",
Belgium,"2005-09-11","40",,
Japan,"2005-05-15","6",,
Uruguay,"2015-08-09","183",,
United States,"2009-06-07","1907",,
Belgium,"2003-01-12",NA,,
Bolivia,"2011-06-19","262","0.027",
Uruguay,"2008-03-16","88",,
Paraguay,"2009-09-27","248",,
Japan,"2012-07-15","7",,
Belgium,"2008-05-18","32",,
Hungary,"2015-06-28","22",,
Bulgaria,"2015-04-05","589",,
Spain,"2013-01-27","169",,
Poland,"2010-08-29","6",,
Australia,"2008-09-21","683",,
Romania,"2014-03-23","910",,
Austria,"2014-02-02","1401",,
Germany,"2004-03-14","1047",,
Austria,"2006-07-23","483",,
United States,"2004-06-20","623",,
Russia,"2003-06-29",NA,,
Spain,"2006-06-25","17",,
Australia,"2004-03-28",NA,,
Peru,"2012-04-01","124",,
Bolivia,"2008-11-09","324","0.025",
Brazil,"2012-11-11","126","0.058",
Canada,"2010-03-07","1725",,
United States,"2008-01-06","2199",,
Paraguay,"2010-05-30","246",,
Spain,"2014-10-12","37",,
Russia,"2010-01-17","524",,
Argentina,"2007-04-15","158","0.325",
Belgium,"2004-09-26","75",,
Bulgaria,"2012-10-21","315",,
Japan,"2010-09-05","4",,
Chile,"2009-06-21","216",,
Chile,"2011-10-16","4",,
Russia,"2013-03-03","1389",,
Bolivia,"2005-02-27","282","0.018",
New Zealand,"2006-03-19","16",,
Argentina,"2004-10-17","184","0.027",
Sweden,"2014-07-27","2",,
Bolivia,"2014-05-25","234","0.015",
Australia,"2012-04-29","298",,
Belgium,"2010-01-10","61",,
Sweden,"2008-10-26","2",,
Austria,"2012-07-29","430",,
Canada,"2004-05-09","895",,
New Zealand,"2003-10-19",NA,,
Romania,"2007-12-23","797",,
Switzerland,"2006-10-15","19",,
Canada,"2013-08-04","707",,
Japan,"2014-01-19","1444",,
Brazil,"2008-02-17","193","0.191",
Argentina,"2005-09-04","188","0.029",
Australia,"2003-03-16",NA,,
France,"2007-08-26","6",,
Spain,"2005-06-19","14",,
Hungary,"2009-08-02","56",,
United States,"2003-11-30","3524",,
South Africa,"2010-07-18","3177",,
Austria,"2014-04-20","846",,
Japan,"2007-02-25","655",,
Germany,"2007-01-14","910",,
Austria,"2009-02-15","1176",,
Switzerland,"2007-10-14","21",,
South Africa,"2004-05-30",NA,,
Hungary,"2004-06-13",NA,,
South Africa,"2011-05-08","3095",,
Brazil,"2007-04-08","268","0.364",
France,"2005-03-27","45",,
Poland,"2003-09-28",NA,,
Austria,"2015-07-19","506",,
Bolivia,"2013-03-17","214","0.022",
Germany,"2012-04-08","586",,
United States,"2008-11-16","2194",,
Uruguay,"2013-12-29","62",,
United States,"2011-11-20","1785",,
Brazil,"2009-10-11","167","0.044",
Switzerland,"2009-11-22","231",,
Paraguay,"2010-06-20","216",,
Australia,"2005-03-13",NA,,
Norway,"2010-10-24","75",,
Austria,"2013-04-28","598",,
Netherlands,"2005-06-05","15",,
Bolivia,"2014-02-16","150","0.039",
Bolivia,"2006-12-24","235","0.005",
Netherlands,"2007-11-18","35",,
South Africa,"2015-07-26","2967",,
Germany,"2011-07-17","282",,
Poland,"2011-06-26","10",,
Argentina,"2006-09-10","234","0.014",
Uruguay,"2007-05-20","175",,
Canada,"2014-07-20","743",,
Chile,"2014-03-09","4",,
Mexico,"2005-01-02","1330","0.048",
Sweden,"2003-10-19",NA,,
Netherlands,"2007-04-08","31",,
Austria,"2011-11-13","713",,
Canada,"2007-07-01","743",,
France,"2012-11-18","44",,
Bolivia,"2007-02-04","232","0.135",
New Zealand,"2014-07-27","166",,
Ukraine,"2009-11-22","513",,
Japan,"2007-04-01","320",,
Peru,"2013-09-01","160",,
Uruguay,"2010-07-25","117",,
Germany,"2007-08-12","387",,
Canada,"2006-04-30","1445",,
New Zealand,"2008-10-26","19",,
Mexico,"2015-02-01","1981","0.093",
Chile,"2013-06-02","32",,
Ukraine,"2007-10-14","516",,
Australia,"2003-04-13",NA,,
Brazil,"2007-11-18","241","0.134",
Germany,"2003-11-02","1055",,
Brazil,"2005-06-05","324","0.056",
Chile,"2010-03-14","2",,
South Africa,"2015-01-25","2358",,
Sweden,"2006-03-19","5",,
Canada,"2006-04-16","1769",,
Netherlands,"2009-10-11","55",,
Canada,"2013-09-22","1598",,
Hungary,"2007-01-07","122",,
Germany,"2012-03-04","1008",,
Bulgaria,"2007-12-09","769",,
Australia,"2005-08-14",NA,,
Norway,"2010-11-14","75",,
Spain,"2010-03-28","5",,
Poland,"2003-02-16",NA,,
Uruguay,"2009-08-30","120",,
Ukraine,"2005-07-24",NA,,
Germany,"2012-07-01","381",,
Bulgaria,"2008-12-14","741",,
Bulgaria,"2005-08-07","449",,
Uruguay,"2011-02-20","52",,
Hungary,"2006-11-05","54",,
Poland,"2003-09-07",NA,,
Bolivia,"2003-07-27","520","0.018",
Peru,"2009-04-12","213",,
Norway,"2005-04-03","61",,
Austria,"2010-06-06","466",,
Poland,"2004-08-15",NA,,
Spain,"2010-06-27","3",,
Argentina,"2004-11-28","131","0.022",
Mexico,"2004-07-18","634","0.069",
Belgium,"2014-07-06","18",,
New Zealand,"2005-03-06",NA,,
Norway,"2003-05-04",NA,,
United States,"2014-10-05","1291",,
Austria,"2014-05-11","755",,
Norway,"2006-12-31","24",,
Norway,"2014-12-07","72",,
Netherlands,"2015-05-17","17",,
Switzerland,"2005-05-01","11",,
Russia,"2008-12-28","449",,
France,"2009-11-01","131",,
Belgium,"2006-07-30","9",,
Argentina,"2013-12-01","81","0.048",
Paraguay,"2008-08-31","259",,
Germany,"2008-04-06","734",,
France,"2014-03-16","36",,
Ukraine,"2011-05-15","236",,
Romania,"2010-11-28","634",,
Japan,"2015-08-02","8",,
Switzerland,"2011-05-15","8",,
Russia,"2014-04-27","687",,
Uruguay,"2004-01-11","122",,
Canada,"2010-05-09","868",,
Canada,"2005-04-10","1715",,
Argentina,"2005-04-24","189","0.024",
Germany,"2015-07-05","345",,
Bolivia,"2004-07-25","397","0.026",
Sweden,"2008-06-29","1",,
Belgium,"2007-01-21","137",,
France,"2010-04-18","5",,
Japan,"2007-11-25","131",,
Ukraine,"2005-05-01",NA,,
Argentina,"2013-12-22","67","0.039",
Belgium,"2013-08-25","15",,
Sweden,"2009-01-25","27",,
Australia,"2009-08-16","615",,
Spain,"2015-01-11","493",,
Sweden,"2012-03-25","12",,
Paraguay,"2013-03-24","196",,
New Zealand,"2011-01-09","10",,
Mexico,"2007-07-15","847","0.116",
Canada,"2004-08-01","631",,
Poland,"2007-12-02","48",,
Norway,"2012-05-27","26",,
Bolivia,"2006-07-16","286","0.015",
Spain,"2011-07-24","2",,
South Africa,"2004-04-25",NA,,
Mexico,"2011-10-09","822","0.171",
Germany,"2011-03-20","798",,
Switzerland,"2005-07-24","10",,
Belgium,"2014-12-14","175",,
Chile,"2007-04-29","9",,
South Africa,"2006-03-12","2160",,
Sweden,"2006-09-24","2",,
Brazil,"2015-05-17","299","0.456",
Mexico,"2007-09-23","1160","0.274",
Germany,"2013-07-28","255",,
New Zealand,"2009-02-22","12",,
Peru,"2006-12-03","258",,
France,"2007-03-18","23",,
Norway,"2006-12-10","25",,
Norway,"2013-01-06","270",,
Paraguay,"2011-04-10","275",,
Argentina,"2007-11-04","165","0.031",
Austria,"2008-12-07","927",,
Romania,"2006-08-20","650",,
Mexico,"2010-08-29","846","0.222",
Bolivia,"2005-12-18","305","0.017",
Uruguay,"2006-01-22","81",,
Paraguay,"2008-04-20","262",,
Peru,"2015-01-04","105",,
Canada,"2010-10-17","1486",,
Argentina,"2008-09-28","179","0.014",
Belgium,"2008-07-27","14",,
Hungary,"2013-11-24","61",,
Argentina,"2008-03-30","150","0.07",
Hungary,"2007-06-17","43",,
Spain,"2005-06-12","14",,
Argentina,"2011-06-12","173","0.041",
Hungary,"2003-02-02",NA,,
United States,"2005-10-23","1591",,
Norway,"2009-05-03","45",,
Belgium,"2012-07-08","14",,
Poland,"2014-08-17","8",,
Argentina,"2013-09-08","147","0.029",
New Zealand,"2011-03-13","19",,
Norway,"2010-02-28","54",,
Australia,"2005-10-02",NA,,
Paraguay,"2011-02-06","122",,
Mexico,"2015-01-18","1999","0.104",
Chile,"2003-01-26","0",,
Bulgaria,"2007-11-25","910",,
Sweden,"2008-08-03","1",,
Uruguay,"2004-02-08","100",,
Canada,"2007-10-07","1340",,
United States,"2010-07-04","760",,
Norway,"2011-05-29","34",,
Chile,"2012-02-26","2",,
Norway,"2009-04-05","37",,
Uruguay,"2009-01-04","76",,
Uruguay,"2004-08-08","190",,
Hungary,"2003-07-20",NA,,
Sweden,"2014-04-06","6",,
France,"2004-12-12","100",,
Argentina,"2015-05-31","202","0.051",
Germany,"2013-08-11","301",,
Canada,"2007-02-18","3340",,
Australia,"2014-08-31","1611",,
Bulgaria,"2015-08-02","134",,
South Africa,"2008-02-17","2362",,
Sweden,"2007-03-11","14",,
Sweden,"2014-01-05","5",,
Peru,"2011-04-17","152",,
Japan,"2008-12-14","308",,
Japan,"2005-08-07","2",,
Canada,"2005-09-18","1424",,
Germany,"2004-02-29","1257",,
Russia,"2015-04-26","513",,
Argentina,"2012-03-11","72","0.08",
South Africa,"2012-11-11","2072",,
Sweden,"2009-08-09","3",,
Argentina,"2010-06-13","210","0.046",
Spain,"2010-05-02","6",,
Argentina,"2009-12-27","64","0.4",
Russia,"2012-12-30","953",,
Spain,"2010-10-03","16",,
Austria,"2012-08-05","426",,
United States,"2003-11-23","2968",,
Norway,"2008-10-12","27",,
Chile,"2005-07-17","8",,
Sweden,"2010-03-21","3",,
Mexico,"2012-11-04","1371","0.284",
Argentina,"2009-03-15","119","0.383",
United States,"2009-05-24","1760",,
Germany,"2005-10-30","979",,
Sweden,"2013-05-19","2",,
Japan,"2007-12-09","281",,
United States,"2004-03-07","919",,
Brazil,"2013-05-12","214","0.241",
Mexico,"2010-07-11","673","0.197",
Poland,"2009-10-18","58",,
Hungary,"2014-08-24","35",,
New Zealand,"2010-04-04","12",,
Australia,"2012-12-09","137",,
Switzerland,"2011-08-07","4",,
Uruguay,"2014-05-25","115",,
Chile,"2004-07-04","9",,
Peru,"2011-01-30","96",,
Peru,"2008-05-25","242",,
Uruguay,"2005-02-27","102",,
Germany,"2015-03-22","931",,
Russia,"2007-05-06","259",,
Switzerland,"2006-11-26","31",,
Spain,"2005-12-11","25",,
Uruguay,"2008-11-09","95",,
Poland,"2007-06-03","16",,
Netherlands,"2008-04-13","31",,
Russia,"2006-06-04","264",,
Norway,"2003-12-07",NA,,
Mexico,"2004-11-14","1056","0.078",
Bulgaria,"2007-04-01","653",,
Argentina,"2007-02-11","104","0.084",
South Africa,"2014-10-19","2639",,
Netherlands,"2013-05-12","17",,
Belgium,"2009-12-06","100",,
Romania,"2004-10-03","809",,
Poland,"2003-03-30",NA,,
Russia,"2015-07-12","227",,
South Africa,"2010-08-08","3732",,
New Zealand,"2013-07-21","76",,
Bolivia,"2015-08-09","200","0.008",
Paraguay,"2011-08-28","206",,
Russia,"2004-05-16",NA,,
Sweden,"2012-09-23","3",,
Russia,"2015-02-08","1676",,
Uruguay,"2011-06-19","111",,
Bolivia,"2008-03-16","383","0.033",
Uruguay,"2005-11-27","86",,
Germany,"2005-10-09","1075",,
South Africa,"2006-05-07","3048",,
Norway,"2003-05-25",NA,,
Peru,"2010-02-21","122",,
France,"2004-05-23","7",,
South Africa,"2003-09-21",NA,,
Ukraine,"2006-11-26","464",,
Spain,"2010-10-10","14",,
Austria,"2011-09-25","549",,
Belgium,"2011-03-06","79",,
Mexico,"2011-03-27","1036","0.078",
United States,"2009-08-23","1915",,
Brazil,"2008-04-13","296","0.758",
Ukraine,"2011-08-07","221",,
Sweden,"2010-09-26","2",,
Spain,"2006-12-17","32",,
Canada,"2010-02-07","1736",,
Romania,"2008-07-20","554",,
Romania,"2011-02-27","1088",,
Romania,"2013-04-14","669",,
Australia,"2013-02-17","181",,
Germany,"2005-11-13","1211",,
Belgium,"2003-06-15",NA,,
Hungary,"2010-01-24","96",,
Canada,"2013-12-08","2897",,
New Zealand,"2003-10-12",NA,,
Sweden,"2014-01-12","6",,
Bulgaria,"2007-02-25","957",,
Peru,"2012-09-16","147",,
Russia,"2014-11-23","647",,
Canada,"2007-02-04","3309",,
Romania,"2009-08-09","569",,
Austria,"2008-05-04","645",,
Spain,"2006-04-02","51",,
Japan,"2005-03-27","207",,
Norway,"2014-11-09","70",,
Bolivia,"2006-04-30","499","0.039",
Germany,"2013-08-25","387",,
Australia,"2008-07-06","503",,
France,"2007-02-25","77",,
Romania,"2014-01-05","758",,
Belgium,"2011-03-20","62",,
Poland,"2013-09-01","11",,
Bolivia,"2014-07-20","42","0",
Hungary,"2012-05-13","32",,
Russia,"2004-10-10","168",,
Argentina,"2012-06-03","184","0.031",
Belgium,"2013-07-28","8",,
Japan,"2007-08-26","2",,
Uruguay,"2012-12-16","60",,
Bolivia,"2007-07-01","368","0.024",
Brazil,"2004-05-02","275","0.039",
Germany,"2014-12-14","1093",,
Romania,"2014-04-06","722",,
Paraguay,"2009-05-24","335",,
Mexico,"2010-12-12","1906","0.103",
South Africa,"2008-03-23","2369",,
Bulgaria,"2004-05-23",NA,,
Bolivia,"2013-09-22","219","0.007",
Belgium,"2015-07-05","10",,
Romania,"2007-03-11","897",,
Austria,"2005-01-09","839",,
Hungary,"2014-03-30","76",,
New Zealand,"2013-07-07","73",,
Paraguay,"2004-03-07",NA,,
Brazil,"2006-10-08","226","0.022",
Norway,"2013-03-10","157",,
South Africa,"2012-01-29","1695",,
Germany,"2007-01-21","1014",,
Austria,"2005-10-16","867",,
Bolivia,"2006-04-16","509","0.054",
Hungary,"2004-03-21",NA,,
Russia,"2012-12-23","802",,
Spain,"2009-03-01","29",,
Paraguay,"2009-08-23","344",,
Germany,"2006-07-30","332",,
Netherlands,"2004-05-02","14",,
Australia,"2009-11-29","96",,
Chile,"2004-04-11","5",,
France,"2007-04-01","19",,
Belgium,"2008-04-06","75",,
Japan,"2012-11-18","70",,
Hungary,"2015-03-08","174",,
South Africa,"2004-08-29",NA,,
Romania,"2008-08-03","572",,
Peru,"2003-09-28","582",,
Sweden,"2006-08-20","1",,
Belgium,"2012-07-01","17",,
Canada,"2014-02-16","2999",,
Canada,"2006-12-24","3302",,
United States,"2011-08-28","821",,
New Zealand,"2011-11-27","18",,
Netherlands,"2006-10-08","24",,
Canada,"2013-03-17","1833",,
Uruguay,"2014-02-23","60",,
Chile,"2015-05-03","14",,
New Zealand,"2007-03-25","9",,
Germany,"2014-07-06","415",,
Peru,"2011-06-26","160",,
Hungary,"2011-08-21","29",,
United States,"2011-02-06","3784",,
Sweden,"2008-07-20","1",,
Romania,"2010-09-26","755",,
Belgium,"2003-11-02","70",,
Russia,"2015-05-10","457",,
Canada,"2004-07-25","528",,
Hungary,"2004-06-27",NA,,
Hungary,"2004-12-26","59",,
South Africa,"2011-04-03","2096",,
Paraguay,"2005-10-23","324",,
Romania,"2014-01-12","714",,
Argentina,"2014-05-18","164","0.055",
Argentina,"2013-02-10","77","0.12",
Sweden,"2011-02-27","14",,
Bolivia,"2010-05-09","260","0.026",
Sweden,"2013-04-14","5",,
Belgium,"2012-03-04","243",,
Bolivia,"2005-04-10","441","0.051",
Bolivia,"2004-08-01","394","0.025",
Uruguay,"2012-06-17","156",,
United States,"2011-04-10","1228",,
Canada,"2006-07-16","724",,
France,"2015-08-02","1",,
Romania,"2012-09-23","571",,
Argentina,"2002-12-29",NA,NA,
Ukraine,"2006-05-14","285",,
Japan,"2014-03-16","1267",,
Argentina,"2007-07-08","339","0.019",
Sweden,"2004-10-03",NA,,
Belgium,"2007-08-12","10",,
Switzerland,"2011-01-23","190",,
Japan,"2009-11-01","1121",,
Ukraine,"2014-11-02","474",,
Peru,"2007-12-02","251",,
Brazil,"2011-06-05","222","0.139",
Argentina,"2008-01-27","89","0.014",
Bulgaria,"2004-12-12","691",,
United States,"2008-04-20","1180",,
Switzerland,"2014-11-02","78",,
New Zealand,"2011-07-10","71",,
Spain,"2011-04-24","6",,
Hungary,"2009-06-28","34",,
Belgium,"2012-04-08","40",,
Ukraine,"2011-01-23","517",,
Peru,"2003-02-16","236",,
Japan,"2010-04-18","7",,
France,"2007-11-25","92",,
Russia,"2006-10-01","341",,
Peru,"2003-09-07","544",,
Poland,"2009-04-12","33",,
Paraguay,"2003-11-23",NA,,
Peru,"2004-08-15","345",,
Russia,"2009-09-13","478",,
New Zealand,"2003-05-11",NA,,
Belgium,"2011-07-17","10",,
Canada,"2003-07-27",NA,,
Chile,"2003-03-09","0",,
Switzerland,"2006-05-14","12",,
Russia,"2007-10-28","381",,
Australia,"2007-07-22","1566",,
Romania,"2010-03-21","669",,
Norway,"2004-12-05","13",,
Hungary,"2003-01-19",NA,,
Paraguay,"2010-07-04","192",,
Netherlands,"2011-06-05","12",,
Russia,"2008-06-01","262",,
Uruguay,"2013-11-17","73",,
Bulgaria,"2007-03-18","753",,
Belgium,"2007-01-14","113",,
South Africa,"2014-05-04","2792",,
New Zealand,"2015-03-29","15",,
Romania,"2013-05-19","525",,
Romania,"2006-03-19","849",,
Bolivia,"2007-02-18","208","0.158",
Germany,"2011-03-06","1003",,
Uruguay,"2003-10-05","147",,
Paraguay,"2014-10-05","237",,
Spain,"2003-12-28","33",,
South Africa,"2011-05-22","3226",,
Belgium,"2005-11-13","166",,
Germany,"2003-06-15",NA,,
United States,"2008-08-31","903",,
South Africa,"2004-01-18",NA,,
Ukraine,"2007-09-30","416",,
Japan,"2007-03-18","884",,
Chile,"2010-12-19","3",,
Argentina,"2003-04-20","186","0.029",
Spain,"2006-09-17","26",,
Ukraine,"2005-07-03",NA,,
Norway,"2013-10-27","52",,
Brazil,"2014-09-14","188","0.057",
Poland,"2011-04-17","23",,
Germany,"2009-12-06","982",,
New Zealand,"2007-12-23","4",,
Norway,"2005-08-21","20",,
Hungary,"2003-12-14",NA,,
Romania,"2003-10-19","702",,
Bulgaria,"2010-04-18","345",,
Austria,"2008-10-19","851",,
Spain,"2009-12-20","24",,
Austria,"2003-07-13",NA,,
Belgium,"2005-10-09","88",,
Bolivia,"2005-09-18","385","0.02",
Mexico,"2012-04-01","982","0.059",
Hungary,"2012-01-22","75",,
Argentina,"2003-11-16","149","0.027",
Netherlands,"2005-02-06","95",,
Belgium,"2015-03-22","165",,
United States,"2013-03-24","2673",,
Bolivia,"2010-10-17","336","0.017",
Bulgaria,"2014-03-16","539",,
Poland,"2006-12-03","46",,
Australia,"2007-04-22","274",,
Norway,"2005-09-04","29",,
Spain,"2005-01-23","209",,
Poland,"2015-01-04","38",,
Norway,"2004-10-17",NA,,
Switzerland,"2005-07-03","9",,
Japan,"2004-12-12","49",,
Canada,"2005-12-18","2480",,
Bulgaria,"2009-11-01","2569",,
Russia,"2006-01-15","327",,
Norway,"2007-04-15","16",,
New Zealand,"2014-03-23","28",,
Chile,"2009-06-14","113",,
Brazil,"2005-02-06","204","0.074",
Switzerland,"2007-09-30","26",,
Australia,"2015-06-07","767",,
Mexico,"2014-12-21","2380","0.122",
Bolivia,"2007-10-07","439","0.02",
Peru,"2014-08-17","148",,
Netherlands,"2014-09-14","34",,
New Zealand,"2008-03-09","16",,
Belgium,"2005-10-30","71",,
France,"2008-12-14","218",,
France,"2005-08-07","10",,
United States,"2010-06-20","786",,
Belgium,"2004-02-29","61",,
Peru,"2003-03-30","301",,
Romania,"2012-03-25","743",,
Uruguay,"2008-10-05","134",,
Ukraine,"2010-05-23","226",,
South Africa,"2015-06-21","4461",,
Paraguay,"2011-11-20","145",,
France,"2007-12-09","125",,
Romania,"2009-01-25","972",,
Russia,"2009-10-25","946",,
Paraguay,"2008-11-16","207",,
Russia,"2005-02-20","327",,
Poland,"2010-02-21","33",,
Romania,"2006-09-24","709",,
Canada,"2015-08-09","739",,
Netherlands,"2009-03-08","35",,
Mexico,"2004-08-22","556","0.131",
Canada,"2008-03-16","2520",,
Brazil,"2004-09-05","285","0.031",
Switzerland,"2011-05-01","9",,
New Zealand,"2010-08-15","95",,
Netherlands,"2008-01-20","62",,
Brazil,"2005-05-22","330","0.05",
Paraguay,"2003-11-30",NA,,
Bolivia,"2013-12-08","129","0.005",
New Zealand,"2011-12-04","12",,
Russia,"2014-06-15","281",,
Belgium,"2013-08-11","10",,
Uruguay,"2009-07-19","204",,
Switzerland,"2003-07-06",NA,,
Spain,"2005-07-10","9",,
Romania,"2008-06-29","538",,
Austria,"2005-01-30","1643",,
Spain,"2003-05-18",NA,,
Russia,"2003-01-05",NA,,
Chile,"2013-02-24","3",,
Norway,"2006-07-02","10",,
Hungary,"2003-08-24",NA,,
Austria,"2009-09-06","576",,
Bulgaria,"2012-11-18","456",,
Poland,"2012-09-16","13",,
Bolivia,"2010-02-07","141","0.028",
Chile,"2009-11-08","5",,
Austria,"2012-11-25","811",,
Mexico,"2010-04-25","907","0.109",
Germany,"2012-07-08","372",,
Norway,"2006-06-11","15",,
Japan,"2004-05-23","3",,
Brazil,"2009-03-08","192","0.42",
Chile,"2013-06-30","101",,
Uruguay,"2013-08-04","145",,
Ukraine,"2011-05-01","267",,
Argentina,"2009-07-05","324","0.101",
New Zealand,"2007-01-28","3",,
Ukraine,"2003-07-06",NA,,
Sweden,"2010-11-28","3",,
Uruguay,"2004-05-09","137",,
Peru,"2009-10-18","208",,
Russia,"2012-04-15","448",,
Austria,"2015-04-19","831",,
Uruguay,"2010-03-07","54",,
Poland,"2011-01-30","186",,
Poland,"2008-05-25","21",,
Hungary,"2015-02-15","960",,
Mexico,"2003-03-23",NA,"0.073",
Bulgaria,"2005-03-27","1002",,
Norway,"2012-02-19","349",,
Switzerland,"2010-05-23","8",,
Germany,"2008-07-27","352",,
Bulgaria,"2007-08-26","370",,
Netherlands,"2005-05-22","18",,
Brazil,"2008-01-20","173","0.175",
Argentina,"2012-08-26","168","0.024",
New Zealand,"2008-03-02","14",,
Peru,"2007-06-03","319",,
Hungary,"2007-10-21","50",,
Netherlands,"2004-09-05","17",,
Argentina,"2005-01-16","88","0.012",
South Africa,"2006-02-12","1958",,
Norway,"2013-12-01","55",,
Peru,"2011-10-09","124",,
Canada,"2013-12-29","5706",,
Netherlands,"2014-05-04","21",,
Peru,"2007-09-23","313",,
Germany,"2003-02-09",NA,,
Bolivia,"2014-02-23","152","0.043",
Spain,"2008-01-13","144",,
Paraguay,"2004-06-20",NA,,
Argentina,"2003-05-04","239","0.031",
Argentina,"2006-12-31","80","0.01",
Ukraine,"2004-10-24",NA,,
Hungary,"2004-09-12",NA,,
Australia,"2004-01-25",NA,,
Sweden,"2010-08-15","1",,
Ukraine,"2008-08-10","214",,
Argentina,"2014-12-07","88","0.024",
Sweden,"2011-12-04","4",,
United States,"2009-09-27","4926",,
Chile,"2014-02-09","3",,
South Africa,"2011-06-05","4046",,
Paraguay,"2009-06-07","444",,
Peru,"2007-07-15","240",,
Germany,"2013-03-31","916",,
Paraguay,"2008-02-03","146",,
Russia,"2010-02-14","720",,
Switzerland,"2010-01-31","31",,
Germany,"2006-11-19","1037",,
France,"2012-10-21","38",,
Norway,"2004-11-28","13",,
Brazil,"2011-04-03","189","0.486",
Germany,"2006-03-05","1129",,
Ukraine,"2013-06-09","210",,
Ukraine,"2013-11-03","383",,
Romania,"2011-01-09","789",,
Paraguay,"2006-06-18","330",,
Spain,"2004-09-19","20",,
Chile,"2008-06-22","8",,
Argentina,"2005-04-03","154","0.027",
Romania,"2005-03-06","1058",,
Switzerland,"2013-06-09","20",,
Argentina,"2012-05-27","160","0.039",
Sweden,"2008-03-02","6",,
Switzerland,"2013-11-03","40",,
Uruguay,"2006-04-16","86",,
France,"2015-04-05","26",,
Germany,"2006-02-19","1162",,
Norway,"2013-12-22","83",,
Germany,"2014-09-28","792",,
Ukraine,"2010-01-31","385",,
Brazil,"2014-05-04","235","0.417",
Uruguay,"2013-09-22","101",,
Switzerland,"2004-10-24","16",,
Switzerland,"2008-08-10","8",,
Bulgaria,"2015-03-15","757",,
Australia,"2013-11-10","235",,
Bolivia,"2012-12-16","126","0.009",
Paraguay,"2008-01-06","171",,
Norway,"2005-04-24","35",,
Hungary,"2012-04-22","44",,
Uruguay,"2007-07-01","179",,
Sweden,"2007-01-28","5",,
Peru,"2004-07-18","354",,
Uruguay,"2014-07-20","137",,
New Zealand,"2010-11-28","16",,
Austria,"2015-02-22","2645",,
Canada,"2007-05-20","920",,
Netherlands,"2011-04-03","20",,
United States,"2010-05-30","965",,
Chile,"2004-02-22","1",,
Mexico,"2009-04-12","913","0.121",
Canada,"2010-07-25","481",,
Uruguay,"2006-04-30","91",,
Belgium,"2014-09-21","48",,
Romania,"2008-10-26","816",,
Paraguay,"2014-07-13","415",,
Hungary,"2009-11-15","314",,
Brazil,"2008-03-23","272","0.702",
Bolivia,"2013-11-17","164","0.008",
Paraguay,"2012-09-09","209",,
United States,"2012-01-08","2500",,
Romania,"2014-07-27","527",,
Spain,"2013-07-14","8",,
Ukraine,"2009-10-04","565",,
Sweden,"2007-12-23","2",,
Poland,"2010-12-12","38",,
Russia,"2003-02-23",NA,,
Brazil,"2012-01-29","94","0.109",
South Africa,"2006-10-08","2650",,
Austria,"2009-04-19","566",,
Austria,"2008-05-11","564",,
Argentina,"2010-10-24","145","0.072",
United States,"2004-04-04","831",,
Canada,"2011-02-20","2313",,
Netherlands,"2004-08-29","13",,
Switzerland,"2007-06-10","14",,
Mexico,"2013-09-01","1040","0.406",
Australia,"2012-10-14","267",,
Belgium,"2012-10-28","49",,
Canada,"2009-08-30","1584",,
Paraguay,"2004-04-18",NA,,
Peru,"2015-02-01","87",,
Peru,"2005-01-02","268",,
France,"2004-10-31","52",,
United States,"2007-12-30","2278",,
South Africa,"2004-05-02",NA,,
Sweden,"2008-03-09","6",,
France,"2004-02-15","23",,
Germany,"2013-04-21","577",,
Argentina,"2010-11-14","139","0.099",
Spain,"2007-12-16","115",,
United States,"2014-08-10","762",,
Netherlands,"2012-01-29","44",,
Netherlands,"2008-03-23","39",,
Ukraine,"2007-06-10","190",,
Chile,"2005-11-20","4",,
Sweden,"2014-03-23","6",,
Uruguay,"2004-08-01","226",,
Bolivia,"2012-06-17","228","0.016",
Hungary,"2012-09-02","24",,
Belgium,"2008-09-07","30",,
Australia,"2006-10-22","219",,
Canada,"2004-01-11","2866",,
Switzerland,"2009-10-04","46",,
Uruguay,"2010-05-09","102",,
Spain,"2009-03-29","12",,
Uruguay,"2005-04-10","107",,
Bulgaria,"2005-06-26","470",,
Norway,"2006-09-10","23",,
Brazil,"2004-08-29","273","0.019",
Bulgaria,"2014-04-13","312",,
United States,"2009-05-10","1818",,
Japan,"2012-03-18","368",,
Austria,"2008-06-08","569",,
Japan,"2005-06-26","2",,
Australia,"2006-11-12","211",,
South Africa,"2004-09-05",NA,,
France,"2003-08-03",NA,,
Switzerland,"2009-03-22","48",,
Hungary,"2009-01-18","218",,
South Africa,"2005-05-22",NA,,
Netherlands,"2006-02-12","70",,
Germany,"2010-01-10","769",,
Argentina,"2003-12-07","121","0.024",
Mexico,"2012-09-16","1053","0.311",
Spain,"2007-08-05","11",,
Norway,"2007-02-11","256",,
Canada,"2004-02-08","1649",,
Spain,"2013-02-03","183",,
Japan,"2014-04-13","228",,
Chile,"2009-05-17","19",,
United States,"2013-08-18","952",,
Bulgaria,"2012-03-18","381",,
Peru,"2011-03-27","157",,
Uruguay,"2007-10-07","128",,
Austria,"2003-11-09","661",,
Paraguay,"2011-07-31","183",,
Romania,"2013-07-21","505",,
Chile,"2006-09-03","6",,
New Zealand,"2004-10-03",NA,,
Mexico,"2010-02-21","1627","0.075",
Brazil,"2015-06-21","242","0.155",
United States,"2011-09-11","1127",,
Russia,"2003-08-17",NA,,
Romania,"2003-10-12","706",,
New Zealand,"2013-04-14","25",,
Poland,"2004-08-22",NA,,
New Zealand,"2011-02-27","14",,
Ukraine,"2006-08-13","203",,
New Zealand,"2008-07-20","85",,
Germany,"2004-09-26","858",,
Russia,"2003-06-08",NA,,
Hungary,"2012-05-20","32",,
Russia,"2015-04-12","592",,
Canada,"2006-01-22","2295",,
Uruguay,"2010-10-17","135",,
Norway,"2009-03-15","53",,
Chile,"2003-08-31","2",,
Russia,"2009-12-13","621",,
Russia,"2004-07-11",NA,,
United States,"2012-12-02","4427",,
Romania,"2010-04-04","598",,
Uruguay,"2005-09-18","175",,
Peru,"2004-11-14","343",,
Sweden,"2015-03-29","21",,
Germany,"2005-09-11","587",,
Germany,"2007-11-11","1111",,
Hungary,"2013-06-23","30",,
Germany,"2008-05-18","465",,
South Africa,"2008-01-20","1777",,
Chile,"2013-10-13","14",,
Mexico,"2011-01-30","1522","0.042",
Mexico,"2008-05-25","849","0.101",
Germany,"2003-01-12",NA,,
Chile,"2008-02-24","2",,
France,"2006-10-29","39",,
Switzerland,"2006-08-13","10",,
Belgium,"2004-03-14","70",,
Brazil,"2006-02-12","171","0.137",
Poland,"2003-03-23",NA,,
Argentina,"2003-05-25","251","0.039",
Canada,"2009-01-04","2596",,
Canada,"2004-08-08","651",,
Peru,"2010-07-11","174",,
Sweden,"2003-05-11",NA,,
South Africa,"2009-03-08","2584",,
United States,"2005-11-06","1778",,
France,"2007-09-09","11",,
Netherlands,"2015-06-21","16",,
Ukraine,"2009-03-22","523",,
Hungary,"2008-11-02","51",,
Sweden,"2011-07-10","1",,
Poland,"2010-04-25","14",,
Uruguay,"2007-02-18","74",,
Hungary,"2003-04-06",NA,,
Peru,"2012-11-04","130",,
Bolivia,"2003-10-05","475","0.035",
Poland,"2012-04-01","32",,
Belgium,"2005-08-28","31",,
Sweden,"2013-07-07","1",,
South Africa,"2014-09-14","3567",,
Germany,"2006-05-21","508",,
Japan,"2015-03-15","152",,
Canada,"2005-02-27","3527",,
Mexico,"2011-04-17","746","0.062",
Ukraine,"2007-08-19","260",,
Belgium,"2007-06-24","14",,
Austria,"2012-02-05","1075",,
Russia,"2010-12-26","587",,
Argentina,"2009-05-03","166","1",
Norway,"2013-09-08","96",,
Canada,"2008-11-09","1977",,
Argentina,"2010-02-28","70","0.306",
Bolivia,"2010-03-07","186","0.081",
Russia,"2005-03-20","342",,
Bolivia,"2004-05-09","532","0.049",
Norway,"2008-09-28","29",,
Brazil,"2011-05-22","239","0.216",
Bolivia,"2013-08-04","169","0.004",
Norway,"2008-03-30","42",,
France,"2012-07-15","4",,
Norway,"2011-06-12","21",,
Belgium,"2014-10-26","77",,
United States,"2008-12-21","1942",,
Argentina,"2006-12-10","109","0.012",
Austria,"2013-06-16","525",,
Paraguay,"2012-09-30","157",,
France,"2005-05-15","10",,
Canada,"2014-05-25","1218",,
Argentina,"2013-01-06","70","0.053",
Norway,"2007-11-04","27",,
Austria,"2009-07-12","499",,
Brazil,"2004-01-18","152","0.072",
Ukraine,"2004-12-19",NA,,
United States,"2003-09-14",NA,,
Peru,"2015-01-18","89",,
Australia,"2014-06-01","515",,
Norway,"2009-12-27","36",,
Uruguay,"2010-02-07","56",,
Sweden,"2007-03-25","4",,
South Africa,"2005-02-06",NA,,
Switzerland,"2004-12-19","34",,
France,"2010-09-05","7",,
Argentina,"2008-10-12","157","0.014",
Germany,"2006-08-06","387",,
Australia,"2006-05-28","425",,
Spain,"2012-05-06","21",,
Australia,"2008-07-13","523",,
New Zealand,"2006-08-20","58",,
Australia,"2012-01-15","100",,
Bolivia,"2009-07-19","284","0.077",
Norway,"2012-03-11","181",,
Poland,"2014-12-21","35",,
Sweden,"2011-11-27","4",,
Romania,"2009-02-22","950",,
Uruguay,"2013-12-08","73",,
Norway,"2010-06-13","22",,
Belgium,"2010-11-07","46",,
Mexico,"2015-01-04","1943","0.108",
Canada,"2011-06-19","476",,
France,"2014-01-19","119",,
Belgium,"2012-06-24","21",,
Switzerland,"2007-08-19","9",,
Netherlands,"2004-01-18","20",,
Spain,"2012-08-19","13",,
Mexico,"2006-12-03","1615","0.085",
Argentina,"2011-05-29","154","0.053",
Romania,"2011-03-13","970",,
Chile,"2004-01-04","1",,
Bolivia,"2008-10-05","347","0.012",
Argentina,"2009-04-05","117","0.699",
Canada,"2005-11-27","2134",,
Germany,"2010-12-05","895",,
Peru,"2010-08-29","173",,
Norway,"2015-05-31","38",,
Chile,"2015-03-01","3",,
Netherlands,"2011-05-22","13",,
Spain,"2015-03-15","59",,
Bolivia,"2008-10-19","311","0.016",
Mexico,"2004-09-12","810","0.124",
Canada,"2012-08-05","653",,
Germany,"2009-05-31","431",,
South Africa,"2004-11-28",NA,,
Germany,"2003-10-26","1210",,
Germany,"2005-04-17","657",,
Romania,"2013-06-09","529",,
Austria,"2005-09-18","671",,
Romania,"2013-11-03","646",,
Ukraine,"2011-01-09","548",,
Russia,"2008-09-07","342",,
Bolivia,"2003-07-13","475","0.023",
Switzerland,"2005-03-06","117",,
United States,"2008-06-22","662",,
Poland,"2011-08-21","7",,
Norway,"2011-06-05","35",,
Poland,"2004-06-27",NA,,
Poland,"2004-12-26","43",,
Netherlands,"2004-12-05","34",,
France,"2013-01-27","1278",,
New Zealand,"2005-05-01",NA,,
Austria,"2007-02-18","1607",,
France,"2011-07-03","2",,
Chile,"2009-09-27","6",,
United States,"2014-02-09","2496",,
Australia,"2010-08-01","434",,
South Africa,"2013-12-01","1973",,
Romania,"2004-10-24","800",,
Romania,"2008-08-10","574",,
France,"2014-10-12","26",,
New Zealand,"2011-05-15","24",,
Austria,"2007-10-07","796",,
Uruguay,"2003-11-09","136",,
Russia,"2014-09-21","873",,
Poland,"2003-01-19",NA,,
Sweden,"2010-11-21","2",,
France,"2006-06-25","5",,
Belgium,"2003-02-23",NA,,
Paraguay,"2011-10-16","145",,
Bulgaria,"2004-09-19",NA,,
Japan,"2012-05-06","33",,
Germany,"2003-08-10",NA,,
Paraguay,"2009-06-21","487",,
South Africa,"2005-04-24",NA,,
Chile,"2010-05-30","7",,
Australia,"2005-12-25",NA,,
United States,"2004-02-22","1118",,
Germany,"2013-09-15","669",,
Japan,"2012-08-19","5",,
Poland,"2009-06-28","18",,
South Africa,"2013-12-22","2280",,
Austria,"2010-10-17","755",,
Ukraine,"2005-03-06",NA,,
Sweden,"2014-11-16","4",,
Hungary,"2009-04-12","55",,
Peru,"2006-11-05","282",,
Germany,"2013-01-20","1332",,
Russia,"2012-10-28","628",,
Switzerland,"2011-01-09","180",,
Argentina,"2006-03-12","120","0.029",
Mexico,"2012-04-22","844","0.071",
Germany,"2008-11-23","1012",,
Canada,"2008-12-07","2101",,
Bulgaria,"2008-01-13","1618",,
New Zealand,"2005-07-24",NA,,
Romania,"2010-01-31","645",,
Brazil,"2004-12-05","188","0.032",
Argentina,"2004-04-25","226","0.041",
Paraguay,"2013-04-07","219",,
Japan,"2007-08-05","2",,
Bulgaria,"2009-03-29","686",,
Norway,"2004-05-02",NA,,
Argentina,"2010-07-18","185","0.022",
Austria,"2013-12-08","1090",,
Spain,"2005-06-26","13",,
Austria,"2010-02-07","796",,
Mexico,"2009-11-15","1334","0.59",
Argentina,"2004-05-30","265","0.039",
Peru,"2007-01-07","209",,
Poland,"2014-03-30","41",,
New Zealand,"2007-10-14","22",,
Australia,"2011-02-13","134",,
Bolivia,"2009-09-06","289","0.07",
Argentina,"2011-05-08","126","0.089",
Japan,"2013-02-03","3057",,
Spain,"2014-04-13","28",,
Chile,"2007-12-30","3",,
Bolivia,"2005-01-30","275","0.041",
Brazil,"2014-11-09","148","0.064",
Canada,"2011-09-25","1030",,
Brazil,"2013-03-10","149","0.368",
Norway,"2006-10-08","24",,
Ukraine,"2014-07-27","205",,
New Zealand,"2009-11-22","21",,
Paraguay,"2009-04-26","281",,
Chile,"2012-01-08","2",,
Ukraine,"2008-10-26","450",,
Bulgaria,"2007-12-16","812",,
Poland,"2012-05-13","16",,
Hungary,"2013-09-01","33",,
Paraguay,"2011-12-18","107",,
Chile,"2004-04-04","3",,
Paraguay,"2006-02-26","210",,
Paraguay,"2003-06-01",NA,,
Argentina,"2015-07-26","235","0.022",
Romania,"2009-10-04","737",,
Paraguay,"2004-06-06",NA,,
Uruguay,"2012-02-05","51",,
Mexico,"2012-09-02","978","0.337",
South Africa,"2006-09-10","3332",,
Netherlands,"2014-11-09","32",,
Sweden,"2006-10-15","2",,
Bolivia,"2015-04-19","223","0.026",
Switzerland,"2014-07-27","21",,
Germany,"2011-11-06","866",,
Chile,"2009-05-10","12",,
Switzerland,"2008-10-26","28",,
Germany,"2008-11-30","1031",,
Poland,"2004-03-21",NA,,
Peru,"2009-08-02","191",,
Argentina,"2015-01-25","75","0.043",
Uruguay,"2013-06-16","150",,
Belgium,"2010-02-14","48",,
Uruguay,"2009-07-12","271",,
Bolivia,"2012-11-25","172","0.009",
Chile,"2014-08-10","17",,
Bulgaria,"2013-07-14","135",,
United States,"2005-11-20","1640",,
Poland,"2015-03-08","200",,
Netherlands,"2013-03-10","60",,
Romania,"2007-06-10","589",,
France,"2012-06-10","3",,
Peru,"2004-06-13","327",,
Sweden,"2007-05-13","1",,
Netherlands,"2006-06-11","15",,
Ukraine,"2003-10-12",NA,,
South Africa,"2009-03-15","2515",,
Chile,"2011-09-11","5",,
Romania,"2006-08-13","605",,
Austria,"2013-09-22","1000",,
Mexico,"2009-01-18","2092","0.058",
Sweden,"2011-10-30","3",,
Austria,"2006-04-16","621",,
Bolivia,"2005-10-16","422","0.026",
Peru,"2010-01-24","125",,
Japan,"2013-07-14","5",,
Poland,"2003-08-24",NA,,
Switzerland,"2010-04-04","10",,
New Zealand,"2011-08-07","65",,
Bolivia,"2005-01-09","281","0.015",
United States,"2003-08-31",NA,,
Hungary,"2012-09-16","52",,
Russia,"2012-06-24","240",,
Russia,"2010-11-07","418",,
Austria,"2006-04-30","506",,
Brazil,"2006-07-02","344","0.045",
Mexico,"2012-05-20","813","0.083",
Bolivia,"2008-05-04","376","0.054",
New Zealand,"2006-11-26","11",,
Hungary,"2010-02-21","61",,
Ukraine,"2013-07-21","278",,
United States,"2009-05-17","1892",,
Austria,"2007-07-01","453",,
Chile,"2013-08-18","37",,
Canada,"2011-11-13","1950",,
South Africa,"2007-02-11","2136",,
Paraguay,"2015-06-14","513",,
Norway,"2004-09-05",NA,,
United States,"2006-09-03","861",,
Austria,"2014-07-20","540",,
Netherlands,"2012-02-19","96",,
Uruguay,"2015-02-22","80",,
Norway,"2005-05-22","24",,
Japan,"2007-12-16","338",,
Russia,"2005-08-28","111",,
Switzerland,"2013-07-21","23",,
Hungary,"2011-01-30","426",,
Hungary,"2008-05-25","40",,
Argentina,"2014-10-19","124","0.039",
Poland,"2015-02-15","221",,
Sweden,"2014-11-30","5",,
Chile,"2005-11-06","6",,
Canada,"2013-04-28","1265",,
Argentina,"2010-08-08","194","0.036",
Argentina,"2003-09-21","213","0.019",
Belgium,"2010-12-26","333",,
Norway,"2009-03-08","54",,
Russia,"2007-06-24","139",,
Brazil,"2006-06-11","370","0.063",
Sweden,"2010-09-19","2",,
Poland,"2007-10-21","53",,
Sweden,"2005-05-29",NA,,
Belgium,"2005-03-20","164",,
Romania,"2009-03-22","987",,
Mexico,"2013-06-23","825","0.184",
Argentina,"2006-05-07","172","0.027",
Canada,"2015-07-19","722",,
Australia,"2010-01-03","75",,
France,"2005-02-13","685",,
Chile,"2012-12-02","5",,
Sweden,"2013-05-26","2",,
Mexico,"2008-11-02","1241","0.179",
Norway,"2008-01-20","61",,
Bulgaria,"2007-08-05","343",,
Paraguay,"2014-01-26","149",,
Brazil,"2012-02-19","113","0.141",
Canada,"2009-02-15","3308",,
France,"2006-04-23","16",,
Germany,"2006-04-09","729",,
Mexico,"2003-04-06",NA,"0.068",
Australia,"2014-06-08","599",,
Canada,"2014-04-20","1959",,
Ukraine,"2010-04-04","254",,
Japan,"2009-03-29","83",,
United States,"2013-10-13","1354",,
Australia,"2013-09-29","371",,
Australia,"2013-10-20","269",,
Bulgaria,"2013-02-03","678",,
Russia,"2014-10-26","625",,
United States,"2008-02-24","5050",,
Switzerland,"2003-10-12",NA,,
Spain,"2012-03-18","26",,
Netherlands,"2006-07-02","13",,
Peru,"2014-08-24","142",,
Switzerland,"2009-02-22","113",,
Netherlands,"2005-09-04","17",,
South Africa,"2007-11-04","2083",,
Belgium,"2004-07-11","19",,
Hungary,"2011-04-17","40",,
Poland,"2003-12-14",NA,,
Bulgaria,"2012-08-19","133",,
Paraguay,"2007-07-29","435",,
Austria,"2004-08-01","438",,
France,"2014-12-28","250",,
Chile,"2008-12-21","2",,
South Africa,"2008-03-30","2428",,
South Africa,"2011-06-12","4060",,
Poland,"2012-01-22","31",,
Romania,"2004-12-19","710",,
Japan,"2008-01-13","351",,
South Africa,"2008-09-28","2375",,
Russia,"2004-03-14",NA,,
Netherlands,"2004-10-17","26",,
Chile,"2003-09-14","3",,
South Africa,"2013-09-08","3390",,
Uruguay,"2008-06-08","157",,
Netherlands,"2007-04-15","21",,
Switzerland,"2011-03-13","49",,
Peru,"2003-07-20","394",,
Austria,"2005-04-10","552",,
Brazil,"2005-08-21","286","0.026",
Bulgaria,"2012-05-06","198",,
Austria,"2010-05-09","460",,
Romania,"2007-08-19","606",,
Norway,"2014-09-14","65",,
Japan,"2004-09-19","2",,
Brazil,"2013-10-27","146","0.056",
South Africa,"2015-05-31","4376",,
Paraguay,"2011-10-02","156",,
Brazil,"2004-10-17","281","0.045",
Uruguay,"2009-04-19","99",,
Uruguay,"2008-05-11","129",,
France,"2011-12-11","62",,
Sweden,"2011-09-04","1",,
France,"2009-01-11","770",,
Argentina,"2008-02-17","97","0.046",
Brazil,"2005-09-04","261","0.026",
United States,"2004-01-04","3154",,
Canada,"2014-05-11","1481",,
Ukraine,"2011-03-13","549",,
United States,"2015-03-01","2420",,
Argentina,"2012-11-11","105","0.041",
Belgium,"2003-08-17",NA,,
Germany,"2003-06-29",NA,,
South Africa,"2010-06-13","3071",,
Hungary,"2006-12-03","62",,
Netherlands,"2005-08-21","14",,
Netherlands,"2013-10-27","30",,
Sweden,"2003-04-27",NA,,
South Africa,"2012-03-11","2067",,
Canada,"2010-06-06","570",,
Australia,"2012-07-22","1395",,
Hungary,"2015-01-04","108",,
Germany,"2010-01-17","767",,
Norway,"2005-02-06","29",,
Belgium,"2003-06-08",NA,,
Ukraine,"2009-02-22","760",,
Belgium,"2009-12-13","79",,
Paraguay,"2009-09-20","260",,
Germany,"2013-03-03","1461",,
Peru,"2003-02-02","227",,
Belgium,"2015-04-12","68",,
Peru,"2013-11-24","125",,
South Africa,"2009-12-27","1923",,
Brazil,"2007-04-15","267","0.384",
Peru,"2007-06-17","284",,
Russia,"2012-04-08","516",,
South Africa,"2013-03-10","2184",,
Norway,"2012-01-29","210",,
Mexico,"2012-05-13","824","0.075",
Switzerland,"2008-08-03","11",,
Ukraine,"2014-04-06","369",,
Paraguay,"2005-07-17","375",,
Belgium,"2006-10-01","36",,
Argentina,"2009-10-11","144","0.347",
Australia,"2009-02-01","91",,
Australia,"2008-04-27","448",,
Russia,"2011-07-17","155",,
Ukraine,"2007-03-11","517",,
Norway,"2008-03-23","39",,
Belgium,"2009-09-13","135",,
Mexico,"2014-03-30","1243","0.103",
Bulgaria,"2009-03-01","932",,
Ukraine,"2014-01-05","427",,
Poland,"2009-11-15","486",,
Belgium,"2007-10-28","62",,
Belgium,"2008-06-01","27",,
Peru,"2010-04-11","187",,
Ukraine,"2009-08-09","299",,
Paraguay,"2004-07-04",NA,,
Russia,"2007-01-14","300",,
Argentina,"2007-04-08","138","0.316",
Hungary,"2010-12-12","64",,
Bolivia,"2003-11-09","427","0.044",
Japan,"2005-07-10","2",,
France,"2005-12-11","98",,
Netherlands,"2006-09-10","28",,
Japan,"2003-05-18",NA,,
South Africa,"2014-11-09","2321",,
Belgium,"2015-05-10","36",,
Russia,"2003-11-02",NA,,
Mexico,"2015-03-08","1768","0.109",
Chile,"2011-08-28","10",,
Spain,"2004-05-23","18",,
Argentina,"2007-11-18","149","0.027",
Peru,"2011-10-23","129",,
France,"2010-10-10","29",,
Argentina,"2005-06-05","196","0.017",
Switzerland,"2014-01-05","84",,
Austria,"2003-10-05","752",,
Mexico,"2004-03-21","1021","0.047",
United States,"2015-05-03","1388",,
Russia,"2012-03-04","528",,
New Zealand,"2003-04-27",NA,,
Switzerland,"2009-08-09","114",,
New Zealand,"2011-09-04","57",,
Uruguay,"2003-07-13","199",,
Australia,"2014-06-29","729",,
Bulgaria,"2006-04-02","1075",,
Brazil,"2006-09-10","300","0.036",
Australia,"2006-08-27","749",,
United States,"2004-04-11","796",,
Switzerland,"2007-03-11","61",,
Norway,"2004-08-29",NA,,
Ukraine,"2008-08-03","196",,
Russia,"2007-08-12","152",,
France,"2006-12-17","120",,
Uruguay,"2008-10-19","109",,
Switzerland,"2014-04-06","48",,
Poland,"2012-09-02","7",,
Japan,"2003-12-28","118",,
Romania,"2006-05-14","729",,
Austria,"2013-08-04","452",,
Chile,"2011-04-10","5",,
Belgium,"2012-12-23","207",,
Australia,"2009-07-26","1115",,
Peru,"2004-02-01","261",,
Australia,"2013-01-13","152",,
Germany,"2008-12-28","1685",,
Austria,"2004-05-09","476",,
Canada,"2012-07-29","583",,
France,"2005-06-12","11",,
Ukraine,"2012-09-23","519",,
Bolivia,"2009-07-12","247","0.055",
Mexico,"2004-06-27","603","0.059",
Uruguay,"2012-11-25","69",,
Mexico,"2011-08-21","492","0.093",
Russia,"2008-04-06","443",,
Spain,"2007-03-18","40",,
Bolivia,"2013-06-16","182","0.006",
Mexico,"2004-12-26","1409","0.042",
Netherlands,"2013-12-22","34",,
Romania,"2014-11-02","722",,
Brazil,"2013-12-01","116","0.056",
Chile,"2008-04-20","27",,
Sweden,"2006-11-26","2",,
New Zealand,"2011-10-30","24",,
Switzerland,"2013-05-19","27",,
Chile,"2011-02-06","2",,
Russia,"2012-07-01","243",,
Bulgaria,"2011-04-24","285",,
Japan,"2006-09-17","3",,
Sweden,"2011-08-07","1",,
Ukraine,"2010-09-26","539",,
Netherlands,"2005-04-24","23",,
New Zealand,"2007-05-13","32",,
Brazil,"2004-11-28","204","0.057",
Austria,"2010-03-07","708",,
Norway,"2011-04-03","36",,
Poland,"2004-09-12",NA,,
Uruguay,"2015-04-19","104",,
Switzerland,"2010-03-21","12",,
Japan,"2009-12-20","472",,
Australia,"2003-12-21",NA,,
Bolivia,"2012-02-05","119","0.087",
Paraguay,"2003-01-26",NA,,
Ukraine,"2014-01-12","402",,
Canada,"2006-07-23","707",,
Norway,"2014-05-04","61",,
Canada,"2014-02-02","3729",,
Japan,"2005-01-23","178",,
Poland,"2012-04-22","24",,
Paraguay,"2012-02-26","92",,
Netherlands,"2013-12-01","41",,
Switzerland,"2014-01-12","87",,
Brazil,"2013-12-22","112","0.053",
Ukraine,"2010-03-21","308",,
Belgium,"2004-10-10","95",,
Mexico,"2009-06-28","702","0.097",
Australia,"2007-09-16","574",,
New Zealand,"2013-05-26","42",,
Ukraine,"2013-05-19","209",,
Russia,"2011-03-20","540",,
Argentina,"2015-05-17","176","0.07",
Austria,"2008-10-05","944",,
Switzerland,"2010-09-26","26",,
Russia,"2013-07-28","243",,
Spain,"2004-12-12","55",,
South Africa,"2004-12-05",NA,,
Uruguay,"2005-01-30","102",,
France,"2010-05-02","5",,
Germany,"2014-04-27","472",,
Netherlands,"2004-11-28","31",,
New Zealand,"2010-09-19","39",,
Peru,"2008-08-24","260",,
New Zealand,"2005-05-29",NA,,
France,"2010-10-03","31",,
Romania,"2011-01-23","932",,
Uruguay,"2009-09-06","122",,
Mexico,"2003-01-19",NA,"0.052",
Russia,"2015-07-05","227",,
Brazil,"2005-04-24","286","0.062",
Australia,"2011-01-16","104",,
Switzerland,"2012-09-23","38",,
Austria,"2009-07-19","482",,
New Zealand,"2014-11-30","20",,
Peru,"2015-05-24","148",,
United States,"2003-03-09",NA,,
France,"2010-06-27","2",,
Brazil,"2013-09-08","182","0.057",
Ukraine,"2003-10-19",NA,,
Netherlands,"2009-12-27","25",,
Romania,"2005-07-03","662",,
Netherlands,"2010-06-13","11",,
South Africa,"2005-08-21",NA,,
France,"2010-03-28","9",,
Sweden,"2009-11-22","15",,
Netherlands,"2012-03-11","47",,
South Africa,"2013-10-27","2362",,
Austria,"2014-02-23","1565",,
Brazil,"2007-11-04","238","0.125",
Hungary,"2012-04-01","74",,
Mexico,"2012-01-22","1579","0.066",
Spain,"2014-03-16","36",,
Sweden,"2007-10-14","2",,
Norway,"2004-01-18",NA,,
Belgium,"2012-04-15","42",,
Ukraine,"2006-03-19","411",,
Bulgaria,"2005-01-23","947",,
Brazil,"2008-03-30","288","0.957",
Netherlands,"2015-05-31","17",,
Norway,"2011-05-22","40",,
Brazil,"2011-06-12","226","0.129",
Romania,"2007-09-30","827",,
Chile,"2008-08-31","6",,
Spain,"2009-11-01","313",,
Mexico,"2003-12-14","1242","0.066",
Canada,"2011-08-14","231",,
United States,"2010-12-19","2512",,
Brazil,"2008-09-28","241","0.025",
Bulgaria,"2006-09-17","524",,
Bolivia,"2015-02-22","157","0.019",
Brazil,"2010-06-13","228","0.183",
Germany,"2015-04-26","542",,
United States,"2009-06-14","1895",,
Russia,"2004-02-29",NA,,
Belgium,"2005-02-20","429",,
Belgium,"2009-10-25","866",,
Austria,"2012-12-16","1014",,
Brazil,"2012-03-11","135","0.188",
Japan,"2011-04-24","78",,
Spain,"2010-04-18","5",,
Bulgaria,"2009-12-20","808",,
Netherlands,"2013-09-08","28",,
Germany,"2012-12-30","1187",,
Uruguay,"2008-05-04","127",,
Australia,"2008-08-17","1612",,
Switzerland,"2006-03-19","138",,
Peru,"2015-06-28","157",,
South Africa,"2007-04-15","2221",,
Brazil,"2009-12-27","117","0.127",
Chile,"2013-03-24","7",,
Netherlands,"2011-06-12","11",,
Brazil,"2015-05-31","263","0.275",
France,"2011-07-24","2",,
Uruguay,"2005-01-09","89",,
Netherlands,"2008-03-30","36",,
Netherlands,"2008-09-28","25",,
South Africa,"2004-10-17",NA,,
Uruguay,"2005-10-16","179",,
Bulgaria,"2003-12-28",NA,,
Belgium,"2014-06-15","19",,
Russia,"2013-08-11","297",,
Peru,"2007-05-27","307",,
Belgium,"2003-01-05",NA,,
Paraguay,"2007-04-29","398",,
South Africa,"2005-09-04",NA,,
Netherlands,"2007-11-04","31",,
Switzerland,"2003-10-19",NA,,
France,"2015-01-11","191",,
Hungary,"2014-12-21","87",,
Peru,"2010-10-31","191",,
New Zealand,"2006-10-15","12",,
Australia,"2005-12-04",NA,,
Russia,"2015-03-22","785",,
Australia,"2005-09-25",NA,,
Germany,"2007-05-06","524",,
Japan,"2006-04-02","11",,
Spain,"2005-03-27","32",,
Hungary,"2004-08-22",NA,,
South Africa,"2006-07-02","4091",,
Spain,"2007-08-26","15",,
Brazil,"2007-02-11","197","0.143",
Germany,"2006-06-04","603",,
United States,"2013-02-24","3784",,
Australia,"2005-07-31",NA,,
France,"2005-06-19","8",,
Belgium,"2006-01-15","131",,
Poland,"2012-05-20","15",,
Sweden,"2005-05-01",NA,,
Ukraine,"2008-06-29","189",,
Peru,"2006-01-29","194",,
Chile,"2010-06-20","7",,
Ukraine,"2009-01-25","482",,
Poland,"2009-01-18","357",,
Australia,"2004-11-07",NA,,
Austria,"2013-11-17","919",,
Brazil,"2009-03-15","202","0.435",
Ukraine,"2012-03-25","462",,
Romania,"2010-05-23","557",,
Mexico,"2003-08-24",NA,"0.063",
Russia,"2005-10-30","411",,
Bolivia,"2009-04-19","352","0.142",
Bolivia,"2008-05-11","396","0.031",
Argentina,"2013-05-12","128","0.137",
Norway,"2015-06-21","32",,
Ukraine,"2006-09-24","321",,
Netherlands,"2007-02-11","55",,
Norway,"2006-02-12","85",,
Sweden,"2005-07-24",NA,,
Paraguay,"2014-03-09","190",,
South Africa,"2012-02-19","1872",,
Switzerland,"2006-09-24","13",,
Japan,"2009-03-01","284",,
Australia,"2008-09-14","976",,
Argentina,"2008-04-13","174","0.06",
Bolivia,"2008-06-08","370","0.036",
Bulgaria,"2005-07-10","467",,
Poland,"2008-11-02","39",,
Paraguay,"2013-06-02","283",,
Russia,"2005-11-13","371",,
Switzerland,"2009-01-25","527",,
Bulgaria,"2003-05-18",NA,,
Hungary,"2010-04-25","46",,
Poland,"2003-04-06",NA,,
New Zealand,"2014-11-16","29",,
Germany,"2014-11-23","956",,
Spain,"2012-11-18","21",,
Switzerland,"2012-03-25","64",,
Canada,"2003-03-02",NA,,
United States,"2009-11-08","4468",,
Mexico,"2007-10-21","1236","0.586",
Germany,"2015-07-12","349",,
Switzerland,"2008-06-29","14",,
Paraguay,"2010-03-14","149",,
Germany,"2004-05-16","556",,
Germany,"2015-02-08","2332",,
Canada,"2003-06-22",NA,,
Poland,"2013-06-23","13",,
Canada,"2012-08-12","684",,
Netherlands,"2009-03-15","32",,
United States,"2013-06-30","925",,
Romania,"2003-07-06","545",,
Sweden,"2011-05-15","1",,
Russia,"2005-10-09","296",,
Austria,"2012-06-17","467",,
South Africa,"2006-06-11","4619",,
New Zealand,"2010-11-21","16",,
Mexico,"2015-02-15","1833","0.102",
Hungary,"2003-03-23",NA,,
Romania,"2011-05-01","602",,
France,"2013-08-25","3",,
Russia,"2003-05-18",NA,,
Spain,"2003-01-05",NA,,
Argentina,"2009-04-26","154","0.971",
Ukraine,"2011-03-27","343",,
New Zealand,"2009-01-18","6",,
Bulgaria,"2005-11-13","1163",,
Switzerland,"2010-07-11","8",,
Russia,"2005-07-10","127",,
United States,"2015-06-21","820",,
Brazil,"2011-09-11","158","0.079",
Germany,"2007-02-25","1922",,
Japan,"2007-01-14","38",,
Mexico,"2011-08-07","494","0.095",
South Africa,"2010-06-20","3322",,
Paraguay,"2015-07-26","372",,
Uruguay,"2004-03-28","120",,
Argentina,"2006-02-26","95","0.019",
Netherlands,"2005-11-06","30",,
Argentina,"2003-06-01","253","0.034",
France,"2014-12-14","113",,
Switzerland,"2012-11-04","37",,
Hungary,"2004-10-03",NA,,
Spain,"2014-06-15","8",,
Argentina,"2011-12-18","56","0.024",
Chile,"2006-07-02","8",,
Norway,"2013-02-24","147",,
Bulgaria,"2005-10-09","824",,
Japan,"2011-07-17","3",,
Argentina,"2013-04-07","103","0.154",
Hungary,"2013-04-14","54",,
Hungary,"2011-02-27","182",,
Paraguay,"2010-07-18","223",,
Romania,"2010-01-24","703",,
Switzerland,"2004-11-14","34",,
Sweden,"2004-06-27",NA,,
Bolivia,"2012-12-09","137","0.015",
Hungary,"2008-07-20","33",,
Uruguay,"2012-04-29","80",,
Sweden,"2011-08-21","1",,
Brazil,"2013-08-18","207","0.06",
Spain,"2009-10-25","268",,
Peru,"2006-08-13","287",,
France,"2007-01-21","191",,
Paraguay,"2004-05-30",NA,,
Spain,"2005-02-20","57",,
Belgium,"2010-04-18","22",,
Japan,"2012-04-08","191",,
Paraguay,"2011-05-08","225",,
Mexico,"2006-11-26","1464","0.1",
New Zealand,"2012-05-20","37",,
Sweden,"2004-12-26",NA,,
Netherlands,"2012-12-02","45",,
Brazil,"2005-11-06","278","0.046",
Romania,"2014-08-24","569",,
Uruguay,"2005-05-08","125",,
Norway,"2013-06-30","23",,
Germany,"2007-04-01","799",,
Paraguay,"2015-01-25","159",,
New Zealand,"2013-06-23","63",,
Uruguay,"2013-05-05","88",,
Japan,"2007-08-12","2",,
France,"2006-07-30","6",,
Belgium,"2009-11-01","517",,
Sweden,"2003-01-19",NA,,
Bulgaria,"2015-03-22","731",,
Spain,"2012-04-15","20",,
Belgium,"2014-03-16","153",,
Norway,"2009-11-08","618",,
Austria,"2014-03-02","1491",,
Chile,"2006-06-11","5",,
Uruguay,"2012-10-07","108",,
Ukraine,"2004-11-14",NA,,
Bolivia,"2013-02-17","124","0.025",
Netherlands,"2011-09-11","16",,
Poland,"2010-11-21","27",,
Austria,"2014-06-22","562",,
Australia,"2015-08-09","2216",,
Australia,"2008-03-16","214",,
Japan,"2012-03-04","999",,
Bulgaria,"2005-10-30","1027",,
Chile,"2012-02-19","2",,
Peru,"2009-03-22","178",,
Brazil,"2012-12-02","118","0.054",
Uruguay,"2008-09-21","140",,
Argentina,"2004-06-06","283","0.036",
Ukraine,"2012-11-04","429",,
Netherlands,"2013-08-18","19",,
Ukraine,"2010-07-11","189",,
Sweden,"2009-06-28","1",,
United States,"2006-02-12","2437",,
New Zealand,"2008-11-02","17",,
Switzerland,"2011-03-27","25",,
France,"2014-07-06","3",,
Poland,"2014-11-16","30",,
Austria,"2013-10-06","1090",,
Japan,"2003-11-02","14",,
New Zealand,"2003-04-06",NA,,
Sweden,"2014-03-30","5",,
Austria,"2008-06-15","592",,
United States,"2011-05-22","882",,
Peru,"2007-08-19","268",,
Bolivia,"2005-10-02","413","0.022",
Russia,"2009-12-20","605",,
Norway,"2010-12-19","267",,
Bulgaria,"2004-02-29",NA,,
Romania,"2003-07-20","528",,
Canada,"2015-06-07","976",,
United States,"2004-01-18","1616",,
Brazil,"2003-09-14","228","0.034",
South Africa,"2008-08-31","2849",,
Russia,"2006-09-17","320",,
Japan,"2012-07-01","7",,
Austria,"2013-12-15","1074",,
Switzerland,"2010-08-29","16",,
Brazil,"2008-12-21","140","0.098",
Germany,"2015-08-02","298",,
Switzerland,"2015-01-18","452",,
Sweden,"2012-05-13","2",,
Australia,"2005-12-18",NA,,
Peru,"2004-12-19","202",,
Uruguay,"2004-11-21","114",,
Japan,"2008-04-06","14",,
Belgium,"2012-11-18","79",,
Chile,"2013-10-27","12",,
Canada,"2007-04-22","1326",,
Bulgaria,"2013-08-11","147",,
Russia,"2003-12-28",NA,,
Chile,"2005-08-21","3",,
Germany,"2007-11-25","1156",,
Romania,"2007-06-17","602",,
Romania,"2013-11-24","677",,
Netherlands,"2003-09-14",NA,,
Romania,"2003-02-02",NA,,
Chile,"2004-10-17","2",,
Netherlands,"2008-12-21","66",,
Japan,"2015-07-05","13",,
South Africa,"2013-03-24","2242",,
Paraguay,"2004-04-25",NA,,
Ukraine,"2015-01-18","419",,
Hungary,"2006-08-20","49",,
Paraguay,"2006-03-12","207",,
Chile,"2005-09-04","3",,
Poland,"2006-10-15","61",,
Sweden,"2015-03-08","23",,
Japan,"2013-07-28","4",,
Belgium,"2007-08-26","16",,
Japan,"2011-03-20","150",,
Spain,"2006-01-15","26",,
Ukraine,"2010-08-29","388",,
Argentina,"2009-06-21","431","0.217",
Norway,"2009-06-14","27",,
Chile,"2007-04-15","9",,
Sweden,"2004-03-21",NA,,
Russia,"2005-01-23","299",,
Argentina,"2011-10-16","89","0.029",
Belgium,"2005-03-27","72",,
Bolivia,"2014-08-31","197","0.011",
Austria,"2008-02-10","1234",,
Bulgaria,"2011-03-20","520",,
France,"2011-03-06","20",,
United States,"2011-04-03","1405",,
Peru,"2004-10-24","367",,
Peru,"2008-08-10","222",,
Poland,"2011-10-30","29",,
Netherlands,"2010-05-30","12",,
Ukraine,"2007-07-15","195",,
Bulgaria,"2013-07-28","130",,
Switzerland,"2004-07-18","7",,
Austria,"2011-12-25","850",,
South Africa,"2011-02-06","2311",,
Sweden,"2003-08-24",NA,,
Ukraine,"2011-10-09","410",,
New Zealand,"2004-09-12",NA,,
France,"2003-06-15",NA,,
Poland,"2007-05-13","22",,
Ukraine,"2007-09-23","460",,
Canada,"2007-07-22","635",,
Bulgaria,"2015-07-05","165",,
France,"2009-12-06","641",,
Uruguay,"2007-03-04","77",,
Australia,"2003-07-27",NA,,
Peru,"2013-11-03","125",,
Argentina,"2007-07-29","285","0.017",
Peru,"2013-06-09","140",,
South Africa,"2011-04-10","2297",,
South Africa,"2008-04-20","2499",,
Spain,"2015-05-10","18",,
Brazil,"2009-09-27","186","0.063",
Belgium,"2004-05-23","38",,
Uruguay,"2006-07-09","177",,
Mexico,"2005-05-01","900","0.051",
Poland,"2010-09-19","41",,
Bolivia,"2009-08-16","284","0.066",
Bulgaria,"2008-04-06","848",,
Sweden,"2007-10-21","2",,
Peru,"2010-01-31","115",,
Norway,"2003-03-09",NA,,
Paraguay,"2012-11-11","141",,
Poland,"2005-05-29","25",,
Brazil,"2010-05-30","212","0.229",
Mexico,"2011-05-15","708","0.082",
Japan,"2013-08-11","3",,
Romania,"2006-11-05","786",,
Argentina,"2009-09-20","145","0.149",
Spain,"2007-10-28","29",,
Poland,"2014-11-30","34",,
Spain,"2008-06-01","11",,
Australia,"2006-07-16","621",,
Sweden,"2015-02-15","30",,
New Zealand,"2012-04-22","21",,
Netherlands,"2009-09-27","54",,
Switzerland,"2011-10-09","15",,
Mexico,"2005-07-24","664","0.135",
Austria,"2010-09-12","678",,
Uruguay,"2010-08-22","162",,
Hungary,"2010-11-28","52",,
Spain,"2009-09-13","51",,
Switzerland,"2007-09-23","30",,
Argentina,"2011-10-02","88","0.027",
Russia,"2011-04-24","378",,
Chile,"2004-12-05","2",,
Poland,"2013-05-26","14",,
Bulgaria,"2012-07-01","146",,
Austria,"2006-01-08","873",,
United States,"2014-05-04","1415",,
Japan,"2004-02-29","91",,
Paraguay,"2008-02-17","173",,
Switzerland,"2007-07-15","15",,
Spain,"2006-10-01","32",,
Germany,"2008-12-14","1401",,
Germany,"2005-08-07","505",,
Australia,"2004-07-25",NA,,
Ukraine,"2004-07-18",NA,,
Peru,"2009-10-04","202",,
Netherlands,"2009-05-10","22",,
Sweden,"2012-01-22","5",,
New Zealand,"2009-11-15","26",,
Bolivia,"2005-03-13","378","0.028",
Mexico,"2007-10-14","1198","0.488",
Australia,"2013-03-17","275",,
Japan,"2005-10-30","20",,
Bulgaria,"2012-03-04","436",,
Germany,"2007-12-09","1113",,
Chile,"2014-11-09","7",,
Argentina,"2015-06-14","247","0.041",
Bulgaria,"2003-11-02",NA,,
Brazil,"2007-12-30","186","0.194",
Uruguay,"2006-02-05","80",,
Sweden,"2003-12-14",NA,,
Australia,"2014-02-16","145",,
Australia,"2006-12-24","165",,
Bulgaria,"2007-08-12","366",,
Ukraine,"2005-01-02",NA,,
Spain,"2004-10-10","33",,
Brazil,"2012-01-08","95","0.112",
Uruguay,"2012-02-12","51",,
Bolivia,"2003-03-16","541","0.289",
United States,"2008-03-23","2172",,
Chile,"2013-03-10","5",,
Romania,"2007-01-07","1270",,
Belgium,"2004-12-12","137",,
Russia,"2006-04-02","389",,
Brazil,"2004-04-04","239","0.071",
Austria,"2010-05-16","527",,
United States,"2012-01-29","2507",,
Mexico,"2009-11-22","1370","0.432",
Netherlands,"2014-08-10","16",,
Canada,"2009-11-29","2489",,
Japan,"2015-03-22","113",,
Ukraine,"2015-02-01","559",,
Argentina,"2014-01-26","80","0.096",
Netherlands,"2007-12-30","51",,
Romania,"2004-06-13","741",,
Poland,"2011-09-04","7",,
Peru,"2007-06-10","303",,
Bolivia,"2003-04-13","580","0.101",
France,"2012-07-08","4",,
Bulgaria,"2011-07-17","158",,
Switzerland,"2015-02-01","822",,
Japan,"2005-10-09","4",,
Bolivia,"2005-08-14","381","0.009",
Austria,"2009-02-08","1434",,
Switzerland,"2005-01-02","53",,
Bulgaria,"2012-04-08","263",,
Brazil,"2009-05-10","279","0.23",
United States,"2004-08-29","701",,
Norway,"2004-04-11",NA,,
New Zealand,"2012-09-02","95",,
Romania,"2009-08-02","551",,
Norway,"2015-05-03","53",,
Paraguay,"2014-10-19","258",,
Brazil,"2014-08-10","203","0.059",
Paraguay,"2010-08-08","241",,
Belgium,"2007-03-18","94",,
Bulgaria,"2007-01-14","2845",,
Netherlands,"2004-04-04","12",,
Japan,"2005-11-13","66",,
South Africa,"2011-08-28","2468",,
Canada,"2008-07-06","520",,
Paraguay,"2006-05-07","255",,
Netherlands,"2012-01-08","40",,
Spain,"2012-12-23","54",,
Russia,"2009-03-01","975",,
France,"2008-07-27","4",,
Austria,"2006-03-26","916",,
Australia,"2007-02-04","134",,
Paraguay,"2003-09-21",NA,,
Poland,"2003-04-27",NA,,
Australia,"2005-11-27",NA,,
Austria,"2011-01-02","930",,
Belgium,"2012-03-18","100",,
Peru,"2007-09-30","308",,
France,"2003-02-09",NA,,
United States,"2014-09-14","1229",,
Switzerland,"2014-08-17","32",,
Chile,"2013-09-08","17",,
Bolivia,"2008-09-21","324","0.008",
Argentina,"2003-01-26",NA,NA,
France,"2013-03-31","32",,
Australia,"2011-06-19","503",,
Germany,"2012-10-21","864",,
Hungary,"2007-12-23","221",,
France,"2006-11-19","56",,
Bolivia,"2012-10-07","183","0.014",
Uruguay,"2013-02-17","55",,
Spain,"2010-12-26","209",,
Japan,"2008-09-07","2",,
Canada,"2008-07-13","491",,
France,"2006-03-05","75",,
Canada,"2012-01-15","2118",,
Spain,"2005-03-20","52",,
Chile,"2007-11-04","4",,
Austria,"2014-08-03","501",,
New Zealand,"2003-12-14",NA,,
New Zealand,"2012-01-22","10",,
South Africa,"2003-09-14",NA,,
Sweden,"2009-11-15","41",,
Bolivia,"2013-05-05","215","0.018",
Chile,"2008-09-28","5",,
Canada,"2006-05-28","1078",,
Peru,"2005-07-03","335",,
Brazil,"2008-08-31","199","0.031",
Netherlands,"2013-03-24","48",,
Chile,"2011-06-12","10",,
Canada,"2014-06-01","1101",,
South Africa,"2008-12-21","2126",,
Chile,"2008-03-30","6",,
Bolivia,"2005-05-08","358","0.045",
Chile,"2012-03-11","3",,
United States,"2005-02-06","4037",,
Romania,"2010-10-31","673",,
Chile,"2010-06-13","7",,
France,"2006-02-19","172",,
Bulgaria,"2004-03-14",NA,,
Romania,"2007-05-27","600",,
Uruguay,"2012-12-09","64",,
Germany,"2015-04-05","774",,
Australia,"2014-05-25","520",,
Bolivia,"2012-04-29","208","0.034",
Chile,"2009-12-27","2",,
France,"2014-09-28","20",,
Japan,"2012-10-28","39",,
Russia,"2012-08-19","280",,
Hungary,"2014-03-23","96",,
Australia,"2008-11-09","284",,
Netherlands,"2008-08-31","21",,
Norway,"2004-01-04",NA,,
Romania,"2015-06-28","526",,
Russia,"2012-05-06","455",,
Chile,"2015-05-31","15",,
Norway,"2015-03-01","466",,
Mexico,"2006-10-15","1181","0.204",
Sweden,"2012-09-02","4",,
Argentina,"2012-02-26","63","0.077",
Bolivia,"2004-03-28","446","0.056",
Brazil,"2013-03-24","167","0.423",
Hungary,"2008-03-09","104",,
Australia,"2005-02-27",NA,,
Japan,"2014-09-21","10",,
Ukraine,"2014-08-17","249",,
Paraguay,"2015-05-17","384",,
Bulgaria,"2007-06-24","509",,
Norway,"2009-05-17","45",,
Uruguay,"2014-08-31","166",,
Spain,"2003-06-08",NA,,
Argentina,"2004-07-04","254","0.022",
Poland,"2006-11-26","46",,
United States,"2005-05-22","850",,
Spain,"2009-12-13","45",,
Norway,"2006-09-03","19",,
United States,"2004-09-05","810",,
Spain,"2015-04-12","27",,
Peru,"2010-05-23","195",,
Bulgaria,"2005-08-28","500",,
Spain,"2003-08-17",NA,,
Ukraine,"2003-03-30",NA,,
Switzerland,"2007-06-03","16",,
Chile,"2007-02-11","2",,
Australia,"2009-01-04","157",,
Australia,"2004-08-08",NA,,
South Africa,"2013-08-18","3586",,
Paraguay,"2007-04-08","301",,
Romania,"2006-01-29","744",,
Bulgaria,"2014-10-26","506",,
Hungary,"2010-08-15","36",,
Argentina,"2005-07-17","237","0.014",
Sweden,"2004-09-12",NA,,
Russia,"2013-02-03","1458",,
Paraguay,"2009-10-11","249",,
South Africa,"2011-09-11","2773",,
Norway,"2003-08-31",NA,,
Chile,"2009-03-15","3",,
Brazil,"2010-06-20","225","0.165",
Hungary,"2011-12-04","61",,
Germany,"2004-10-31","944",,
Austria,"2011-09-18","423",,
Poland,"2011-08-07","7",,
Russia,"2007-08-05","149",,
New Zealand,"2003-08-24",NA,,
Switzerland,"2009-10-18","57",,
Peru,"2011-05-01","162",,
Norway,"2008-02-24","59",,
Australia,"2006-01-22","121",,
Norway,"2013-10-13","36",,
Mexico,"2014-11-16","1598","0.325",
France,"2013-04-21","11",,
South Africa,"2012-12-02","1996",,
Ukraine,"2009-10-18","671",,
Germany,"2004-02-15","1194",,
Peru,"2003-07-06","371",,
Bolivia,"2004-11-21","478","0.017",
Sweden,"2012-04-22","2",,
United States,"2008-01-20","2921",,
Hungary,"2007-01-28","229",,
Paraguay,"2007-11-18","260",,
Switzerland,"2003-03-30",NA,,
United States,"2009-03-08","2711",,
Ukraine,"2007-06-03","194",,
South Africa,"2005-11-06",NA,,
Paraguay,"2005-06-05","286",,
Australia,"2004-02-08",NA,,
Mexico,"2010-11-21","1412","0.186",
New Zealand,"2015-02-15","19",,
Bulgaria,"2010-11-07","648",,
New Zealand,"2007-10-21","14",,
Hungary,"2008-03-02","120",,
Bulgaria,"2012-06-24","169",,
Spain,"2004-07-11","16",,
Netherlands,"2010-06-20","12",,
Canada,"2006-11-12","2228",,
Uruguay,"2005-10-02","175",,
Poland,"2009-11-22","410",,
Germany,"2003-08-03",NA,,
South Africa,"2012-01-08","1627",,
France,"2010-01-10","82",,
Bolivia,"2010-08-22","275","0.011",
South Africa,"2004-04-04",NA,,
New Zealand,"2012-05-13","28",,
Paraguay,"2013-05-12","220",,
United States,"2006-10-08","1230",,
Romania,"2010-04-11","573",,
Australia,"2004-01-11",NA,,
Japan,"2010-11-07","37",,
Switzerland,"2011-06-26","5",,
Japan,"2012-06-24","7",,
Netherlands,"2011-08-28","14",,
Spain,"2003-02-23",NA,,
Russia,"2013-07-14","225",,
Canada,"2006-10-22","2003",,
United States,"2004-05-02","705",,
New Zealand,"2014-03-30","31",,
Hungary,"2013-07-07","27",,
Poland,"2007-10-14","46",,
South Africa,"2007-12-30","1915",,
France,"2004-09-26","40",,
Uruguay,"2009-08-16","132",,
Switzerland,"2003-09-28",NA,,
Austria,"2014-09-07","775",,
South Africa,"2014-08-10","4365",,
Argentina,"2010-03-14","92","0.287",
Norway,"2005-11-20","72",,
New Zealand,"2004-03-21",NA,,
Japan,"2014-10-26","34",,
Brazil,"2011-08-28","171","0.076",
France,"2007-11-11","77",,
Mexico,"2003-04-27",NA,"0.072",
France,"2005-09-11","17",,
Ukraine,"2003-09-28",NA,,
Bolivia,"2006-07-09","281","0.023",
New Zealand,"2015-03-08","22",,
Germany,"2006-10-29","918",,
Australia,"2009-08-30","365",,
Russia,"2009-03-29","453",,
France,"2003-01-12",NA,,
France,"2008-05-18","6",,
Australia,"2011-02-20","154",,
Bolivia,"2007-03-04","300","0.202",
Canada,"2012-10-14","1946",,
Argentina,"2014-03-09","91","0.077",
Paraguay,"2008-04-13","252",,
Chile,"2006-09-10","7",,
Ukraine,"2011-06-26","180",,
Japan,"2007-06-24","3",,
Hungary,"2011-11-27","66",,
Mexico,"2011-09-04","638","0.118",
Belgium,"2015-03-15","176",,
Romania,"2011-10-23","675",,
South Africa,"2009-05-10","3326",,
Germany,"2007-09-09","717",,
Russia,"2007-12-16","511",,
Argentina,"2013-06-02","207","0.077",
Japan,"2005-08-28","1",,
Hungary,"2007-03-25","60",,
France,"2006-05-21","9",,
New Zealand,"2004-06-27",NA,,
Russia,"2004-09-19",NA,,
New Zealand,"2011-08-21","82",,
Australia,"2010-07-25","379",,
Brazil,"2011-04-10","196","0.444",
Poland,"2005-05-01","43",,
Norway,"2014-02-09","228",,
Sweden,"2012-05-20","2",,
New Zealand,"2004-12-26",NA,,
Australia,"2007-05-20","480",,
Bulgaria,"2014-09-21","310",,
Chile,"2013-12-01","6",,
Brazil,"2008-04-20","291","0.662",
United States,"2011-06-05","811",,
Spain,"2010-02-14","11",,
South Africa,"2009-09-27","2624",,
Canada,"2013-11-10","2130",,
Peru,"2014-11-02","133",,
Ukraine,"2007-12-02","497",,
Japan,"2004-03-14","29",,
Mexico,"2007-05-13","1071","0.061",
Russia,"2008-01-13","369",,
Switzerland,"2003-02-16",NA,,
Norway,"2008-06-22","14",,
Uruguay,"2005-08-14","162",,
Germany,"2012-07-15","386",,
Switzerland,"2003-09-07",NA,,
Brazil,"2011-02-06","122","0.216",
Uruguay,"2003-04-13","111",,
Sweden,"2009-01-18","23",,
Germany,"2005-05-15","671",,
Mexico,"2011-10-30","1067","0.128",
Switzerland,"2004-08-15","6",,
Bulgaria,"2012-10-28","327",,
Romania,"2004-02-01","754",,
Peru,"2006-05-14","394",,
Chile,"2004-11-28","2",,
Romania,"2015-05-24","589",,
Hungary,"2011-07-10","21",,
New Zealand,"2009-06-28","262",,
Ukraine,"2004-08-15",NA,,
Sweden,"2008-11-02","3",,
Netherlands,"2008-04-20","28",,
Chile,"2013-12-22","4",,
Mexico,"2013-05-26","820","0.113",
Germany,"2010-09-05","745",,
France,"2006-08-06","7",,
Bulgaria,"2008-09-07","340",,
Sweden,"2003-04-06",NA,,
Peru,"2011-01-23","106",,
Uruguay,"2003-03-16","105",,
Ukraine,"2003-02-16",NA,,
Poland,"2005-07-24","12",,
Switzerland,"2007-12-02","39",,
Romania,"2008-08-24","580",,
Hungary,"2003-05-11",NA,,
Bolivia,"2012-02-12","119","0.087",
Netherlands,"2011-04-10","17",,
Argentina,"2007-04-29","182","0.128",
Ukraine,"2003-09-07",NA,,
Germany,"2014-01-19","808",,
New Zealand,"2003-01-19",NA,,
Bolivia,"2006-02-05","202","0.009",
Poland,"2011-05-15","16",,
Belgium,"2014-04-13","55",,
Norway,"2004-02-22",NA,,
Canada,"2004-01-25","2155",,
Mexico,"2014-11-30","1678","0.192",
Australia,"2013-12-29","148",,
South Africa,"2010-05-30","2687",,
Mexico,"2010-09-19","927","0.209",
Chile,"2005-04-24","3",,
Austria,"2007-09-02","529",,
Sweden,"2013-06-23","1",,
Netherlands,"2011-02-06","68",,
Hungary,"2015-03-29","78",,
France,"2010-12-05","56",,
Mexico,"2005-05-29","843","0.07",
Belgium,"2005-06-26","25",,
Uruguay,"2005-03-13","86",,
Paraguay,"2002-12-29",NA,,
Sweden,"2013-09-01","3",,
Norway,"2008-12-21","129",,
Paraguay,"2007-07-08","490",,
Norway,"2003-09-14",NA,,
Canada,"2012-07-22","619",,
United States,"2007-11-04","1594",,
France,"2009-05-31","6",,
Paraguay,"2008-01-27","155",,
Switzerland,"2007-05-27","14",,
France,"2005-04-17","25",,
France,"2003-10-26","82",,
Brazil,"2010-12-19","129","0.105",
United States,"2008-09-28","1275",,
Peru,"2003-10-19","395",,
Uruguay,"2014-09-07","137",,
Australia,"2010-06-06","337",,
United States,"2011-06-12","744",,
Switzerland,"2010-10-31","24",,
United States,"2008-03-30","1776",,
Japan,"2010-02-14","51",,
Bolivia,"2011-12-25","117","0.016",
Australia,"2014-05-11","485",,
New Zealand,"2012-04-01","20",,
Argentina,"2005-10-23","165","0.046",
Spain,"2004-03-14","19",,
Chile,"2014-09-14","16",,
Germany,"2013-01-27","1641",,
United States,"2013-09-08","1154",,
Germany,"2011-07-03","295",,
Mexico,"2007-12-23","1854","0.069",
Paraguay,"2014-05-18","313",,
Paraguay,"2013-02-10","135",,
Netherlands,"2009-06-14","28",,
Peru,"2006-03-19","229",,
Switzerland,"2015-06-28","27",,
Bulgaria,"2010-12-26","698",,
Netherlands,"2010-12-19","48",,
Argentina,"2010-07-04","187","0.034",
Germany,"2014-10-12","921",,
United States,"2015-05-31","1143",,
Bolivia,"2010-09-12","259","0.016",
Bulgaria,"2005-03-20","1064",,
Ukraine,"2015-06-28","205",,
South Africa,"2015-03-01","2492",,
Romania,"2014-08-17","546",,
Germany,"2006-06-25","367",,
France,"2013-09-15","19",,
South Africa,"2004-01-04",NA,,
Bolivia,"2006-01-08","247","0.01",
France,"2003-08-10",NA,,
United States,"2012-03-11","2556",,
Belgium,"2013-02-03","1387",,
Ukraine,"2007-05-27","210",,
Chile,"2005-02-06","2",,
Mexico,"2008-03-09","1380","0.054",
United States,"2010-06-13","808",,
France,"2013-01-20","703",,
Brazil,"2009-06-14","258","0.111",
Ukraine,"2010-10-31","417",,
Austria,"2009-08-16","470",,
United States,"2009-12-27","2199",,
Mexico,"2014-03-23","1302","0.102",
France,"2008-11-23","54",,
Poland,"2006-08-20","12",,
Belgium,"2007-08-05","12",,
Argentina,"2003-11-23","133","0.027",
Hungary,"2006-10-15","47",,
New Zealand,"2014-12-21","23",,
Austria,"2003-03-16",NA,,
Argentina,"2009-05-24","190","0.489",
Ukraine,"2006-01-29","358",,
Canada,"2013-10-20","1849",,
Netherlands,"2013-06-30","20",,
Poland,"2011-02-27","120",,
Peru,"2008-06-29","248",,
Canada,"2013-09-29","1546",,
Poland,"2013-04-14","36",,
United States,"2009-03-15","2348",,
New Zealand,"2004-08-22",NA,,
Norway,"2011-09-11","35",,
Spain,"2010-11-07","12",,
Australia,"2009-02-15","124",,
Argentina,"2004-03-07","108","0.039",
South Africa,"2003-08-31",NA,,
Canada,"2014-06-08","1013",,
Spain,"2012-06-24","10",,
Poland,"2008-07-20","11",,
Bulgaria,"2004-07-11",NA,,
Australia,"2014-04-20","308",,
Canada,"2010-01-03","2176",,
Netherlands,"2009-11-08","199",,
Bolivia,"2010-05-16","255","0.024",
Belgium,"2012-08-19","10",,
Norway,"2013-08-18","47",,
Belgium,"2012-05-06","39",,
Uruguay,"2007-09-02","196",,
Australia,"2015-07-19","1274",,
Peru,"2006-09-24","337",,
Chile,"2005-05-22","9",,
Austria,"2005-03-13","1052",,
Japan,"2003-02-23",NA,,
Chile,"2004-09-05","3",,
Paraguay,"2012-06-03","208",,
Peru,"2009-01-25","168",,
South Africa,"2006-09-03","2798",,
Australia,"2013-04-28","305",,
Mexico,"2010-08-15","767","0.25",
United States,"2007-02-11","2970",,
Brazil,"2013-02-24","139","0.323",
Mexico,"2011-12-04","1184","0.067",
Poland,"2004-10-03","28",,
South Africa,"2009-05-17","3473",,
Romania,"2003-03-30","753",,
Peru,"2012-03-25","127",,
Spain,"2014-10-26","20",,
Russia,"2012-03-18","551",,
Chile,"2009-03-08","2",,
Mexico,"2007-01-28","2538","0.057",
Romania,"2007-06-03","580",,
Australia,"2011-11-13","220",,
Brazil,"2009-11-08","154","0.118",
New Zealand,"2010-04-25","19",,
Bolivia,"2006-03-26","431","0.029",
Norway,"2005-11-06","61",,
Hungary,"2014-11-16","61",,
Sweden,"2009-04-12","2",,
Brazil,"2013-06-30","205","0.078",
France,"2011-11-06","25",,
Spain,"2007-06-24","12",,
Romania,"2009-10-18","808",,
Argentina,"2009-08-23","166","0.212",
Bulgaria,"2003-06-08",NA,,
France,"2008-11-30","70",,
Mexico,"2008-03-02","1524","0.065",
Austria,"2003-04-13",NA,,
Bulgaria,"2009-12-13","807",,
Bulgaria,"2015-04-12","543",,
Netherlands,"2013-02-24","107",,
Spain,"2005-08-28","18",,
Bulgaria,"2003-08-17",NA,,
Norway,"2012-12-02","103",,
Germany,"2012-06-10","377",,
New Zealand,"2003-03-23",NA,,
South Africa,"2008-02-24","2203",,
South Africa,"2013-10-13","2529",,
Switzerland,"2006-01-29","39",,
Bolivia,"2009-02-08","204","1",
Hungary,"2010-11-21","55",,
Chile,"2008-01-20","2",,
Austria,"2005-08-14","518",,
Japan,"2009-12-13","466",,
Japan,"2015-04-12","73",,
Norway,"2007-12-30","43",,
Argentina,"2003-11-30","123","0.027",
Peru,"2007-03-11","199",,
Japan,"2003-06-08",NA,,
Chile,"2004-05-02","10",,
Netherlands,"2004-04-11","14",,
Japan,"2003-08-17",NA,,
Austria,"2012-12-09","970",,
Peru,"2014-04-06","142",,
Argentina,"2011-11-20","77","0.043",
Mexico,"2013-07-07","837","0.219",
Argentina,"2008-11-16","133","0.031",
Switzerland,"2011-10-23","21",,
Norway,"2004-04-04",NA,,
Netherlands,"2015-05-03","22",,
Russia,"2014-04-13","637",,
Sweden,"2011-04-17","2",,
New Zealand,"2010-12-12","11",,
Peru,"2014-01-05","105",,
Chile,"2006-10-08","4",,
Russia,"2005-06-26","155",,
Norway,"2012-01-08","117",,
Ukraine,"2010-04-11","256",,
Peru,"2009-08-09","205",,
Romania,"2011-06-26","503",,
Bulgaria,"2003-02-23",NA,,
Brazil,"2004-04-11","243","0.054",
Sweden,"2015-01-04","6",,
United States,"2006-09-10","965",,
Belgium,"2004-09-19","54",,
Switzerland,"2010-04-11","9",,
Norway,"2009-05-10","45",,
Sweden,"2006-12-03","2",,
Paraguay,"2005-01-16",NA,,
Bolivia,"2013-10-06","183","0.008",
Uruguay,"2011-01-02","62",,
Ukraine,"2011-10-23","480",,
Hungary,"2003-04-27",NA,,
Paraguay,"2012-08-26","226",,
Belgium,"2008-01-13","177",,
Hungary,"2011-09-04","27",,
Germany,"2005-02-13","2469",,
Peru,"2008-08-03","222",,
Romania,"2003-09-28","539",,
Australia,"2011-09-25","296",,
Mexico,"2007-03-25","1485","0.079",
France,"2006-04-09","22",,
Canada,"2011-02-13","2307",,
Germany,"2006-04-23","604",,
Bolivia,"2014-06-22","215","0.008",
Austria,"2013-02-17","2408",,
Paraguay,"2009-07-05","825",,
Bolivia,"2014-03-02","154","0.042",
Mexico,"2011-11-27","1115","0.075",
Norway,"2014-08-10","25",,
Brazil,"2015-05-03","263","0.7",
Uruguay,"2014-08-03","146",,
South Africa,"2005-11-20",NA,,
Japan,"2004-07-11","2",,
Netherlands,"2003-03-09",NA,,
Sweden,"2010-02-21","2",,
Romania,"2007-12-02","759",,
Australia,"2008-12-07","144",,
Switzerland,"2008-08-24","10",,
Paraguay,"2003-04-20",NA,,
South Africa,"2008-06-22","3691",,
Ukraine,"2004-02-01",NA,,
Paraguay,"2003-11-16",NA,,
Belgium,"2009-03-29","54",,
Germany,"2014-12-28","1161",,
Peru,"2012-09-23","141",,
Switzerland,"2015-05-24","32",,
United States,"2004-11-28","1800",,
Argentina,"2014-10-05","127","0.031",
Japan,"2005-03-20","413",,
Canada,"2005-12-25","2697",,
Hungary,"2011-10-30","43",,
Sweden,"2012-09-16","3",,
Austria,"2005-10-02","821",,
Peru,"2014-01-12","92",,
Bolivia,"2008-06-15","375","0.037",
Norway,"2009-09-27","77",,
Spain,"2008-09-07","8",,
Japan,"2010-12-26","133",,
United States,"2013-12-01","2043",,
Chile,"2011-06-05","10",,
Russia,"2015-03-15","840",,
South Africa,"2014-02-09","2416",,
Bolivia,"2013-12-15","109","0.003",
Hungary,"2007-05-13","43",,
Peru,"2010-09-26","182",,
Belgium,"2007-12-16","98",,
Canada,"2010-08-01","468",,
Peru,"2013-05-19","140",,
Mexico,"2003-05-11",NA,"0.06",
Norway,"2010-05-30","32",,
Poland,"2010-11-28","29",,
Austria,"2014-08-31","659",,
Bolivia,"2008-02-10","207","0.027",
Hungary,"2013-05-26","34",,
South Africa,"2004-02-22",NA,,
Brazil,"2003-03-09","223","0.28",
Germany,"2009-01-11","1856",,
United States,"2005-04-24","1017",,
Germany,"2011-12-11","933",,
Mexico,"2011-07-10","600","0.098",
Spain,"2012-10-28","25",,
Peru,"2010-03-21","160",,
Hungary,"2010-09-19","71",,
Belgium,"2013-07-14","10",,
Uruguay,"2011-09-18","105",,
Switzerland,"2004-02-01","53",,
United States,"2013-12-22","4625",,
France,"2003-06-29",NA,,
Ukraine,"2015-05-24","246",,
Romania,"2004-08-15","592",,
Mexico,"2015-03-29","1373","0.119",
Hungary,"2005-05-29","35",,
Sweden,"2011-01-30","10",,
Sweden,"2008-05-25","1",,
Spain,"2014-09-21","10",,
France,"2010-01-17","51",,
Bulgaria,"2010-02-14","567",,
Romania,"2003-09-07","491",,
Romania,"2003-02-16","736",,
Australia,"2012-08-05","1383",,
Hungary,"2014-11-30","66",,
France,"2013-03-03","193",,
Ukraine,"2008-08-24","234",,
United States,"2006-07-02","735",,
Poland,"2010-08-15","7",,
Spain,"2005-10-30","29",,
Ukraine,"2010-01-24","398",,
Argentina,"2004-04-18","134","0.036",
Netherlands,"2013-10-13","31",,
Australia,"2012-08-12","1389",,
Netherlands,"2008-02-24","69",,
Poland,"2011-12-04","29",,
Mexico,"2004-10-03","906","0.115",
Peru,"2003-10-12","472",,
Australia,"2003-06-22",NA,,
Brazil,"2006-09-03","271","0.026",
New Zealand,"2012-09-16","65",,
South Africa,"2013-02-24","1913",,
Hungary,"2011-08-07","20",,
Switzerland,"2014-08-24","41",,
Brazil,"2009-05-17","275","0.23",
Mexico,"2008-07-20","688","0.132",
Argentina,"2012-09-09","175","0.039",
Peru,"2013-07-21","146",,
Russia,"2007-08-26","143",,
Uruguay,"2006-01-08","95",,
Australia,"2003-03-02",NA,,
Hungary,"2006-11-26","65",,
Chile,"2015-06-21","17",,
Romania,"2011-03-27","790",,
Japan,"2004-10-10","4",,
Argentina,"2014-07-13","245","0.024",
Spain,"2015-03-22","46",,
Uruguay,"2010-09-12","157",,
Brazil,"2003-08-31","247","0.011",
Canada,"2008-09-14","1205",,
Paraguay,"2010-10-24","208",,
Bulgaria,"2012-04-15","244",,
Norway,"2010-06-20","24",,
New Zealand,"2010-02-21","12",,
Russia,"2005-03-27","333",,
Germany,"2005-12-11","1249",,
Mexico,"2011-02-27","1435","0.067",
Mexico,"2013-04-14","992","0.088",
Austria,"2010-08-22","489",,
Belgium,"2005-01-23","191",,
Belgium,"2009-12-20","67",,
Netherlands,"2006-09-03","21",,
New Zealand,"2011-01-30","9",,
New Zealand,"2008-05-25","29",,
Romania,"2012-11-04","659",,
Spain,"2005-10-09","41",,
United States,"2012-02-19","2710",,
Netherlands,"2009-05-17","18",,
Germany,"2010-10-10","927",,
Belgium,"2006-09-17","41",,
Poland,"2008-03-02","128",,
Chile,"2006-02-12","2",,
Romania,"2010-07-11","445",,
Brazil,"2008-02-24","221","0.233",
Bulgaria,"2005-02-20","1268",,
Uruguay,"2011-12-25","53",,
Bulgaria,"2009-10-25","1494",,
Canada,"2004-11-07","2245",,
Brazil,"2013-10-13","151","0.051",
Austria,"2006-07-09","454",,
Spain,"2005-11-13","33",,
Bulgaria,"2003-01-05",NA,,
Paraguay,"2010-11-14","203",,
Netherlands,"2003-08-31",NA,,
Ukraine,"2014-08-24","290",,
Russia,"2012-11-18","669",,
Canada,"2005-07-31","705",,
Bolivia,"2014-09-07","223","0.009",
South Africa,"2009-11-08","2134",,
Canada,"2005-09-25","1642",,
Switzerland,"2010-01-24","33",,
Romania,"2004-11-14","824",,
Austria,"2007-03-04","1207",,
Peru,"2010-04-04","162",,
United States,"2006-06-11","775",,
Belgium,"2003-12-28","159",,
Japan,"2012-12-23","340",,
Bulgaria,"2014-06-15","211",,
South Africa,"2013-06-30","3470",,
Poland,"2007-01-28","67",,
Germany,"2006-12-17","1036",,
Poland,"2007-12-23","47",,
New Zealand,"2011-04-17","19",,
Sweden,"2010-12-12","4",,
Canada,"2005-12-04","2256",,
Uruguay,"2009-02-08","64",,
Russia,"2009-11-01","1380",,
Bulgaria,"2006-01-15","1360",,
Germany,"2005-06-12","486",,
Argentina,"2008-02-03","89","0.017",
France,"2008-12-28","598",,
Russia,"2014-03-16","767",,
United States,"2013-10-27","1460",,
Paraguay,"2005-04-03",NA,,
Switzerland,"2003-02-02",NA,,
Argentina,"2006-06-18","223","0.022",
Switzerland,"2007-06-17","10",,
United States,"2005-08-21","787",,
Switzerland,"2013-11-24","52",,
Canada,"2008-08-17","565",,
Uruguay,"2006-03-26","90",,
Netherlands,"2015-03-01","72",,
Chile,"2011-05-22","8",,
Norway,"2008-08-31","27",,
Netherlands,"2004-01-04","58",,
South Africa,"2010-12-19","1855",,
Chile,"2004-01-18","1",,
Paraguay,"2014-12-07","202",,
Argentina,"2009-06-07","308","0.357",
Argentina,"2004-06-20","273","0.027",
Ukraine,"2003-07-20",NA,,
Paraguay,"2003-05-04",NA,,
Japan,"2015-05-10","24",,
Paraguay,"2006-12-31","192",,
Belgium,"2005-07-10","21",,
Poland,"2014-03-23","52",,
Mexico,"2006-08-20","731","0.106",
Romania,"2010-08-29","559",,
Australia,"2011-08-14","332",,
Belgium,"2003-05-18",NA,,
Peru,"2011-03-13","124",,
South Africa,"2009-06-14","3929",,
Argentina,"2008-01-06","93","0.012",
Austria,"2006-02-05","854",,
Switzerland,"2003-07-20",NA,,
Poland,"2008-03-09","99",,
United States,"2007-04-15","1243",,
Japan,"2008-06-01","4",,
Bolivia,"2007-09-02","384","0.012",
Spain,"2013-08-11","12",,
Japan,"2007-10-28","22",,
New Zealand,"2006-12-03","9",,
France,"2014-04-27","10",,
Peru,"2009-02-22","141",,
Uruguay,"2010-05-16","101",,
Germany,"2010-05-02","490",,
Japan,"2009-09-13","404",,
United States,"2004-10-17","1630",,
Ukraine,"2007-06-17","190",,
Ukraine,"2013-11-24","417",,
Ukraine,"2003-02-02",NA,,
Germany,"2010-10-03","916",,
Paraguay,"2012-05-27","198",,
Austria,"2012-02-12","1281",,
Spain,"2004-02-29","10",,
Brazil,"2015-03-01","168","0.503",
Norway,"2013-03-24","105",,
Japan,"2006-10-01","4",,
New Zealand,"2015-01-04","22",,
United States,"2005-09-04","881",,
Brazil,"2004-01-04","153","0.085",
Russia,"2010-04-18","469",,
Romania,"2015-01-18","910",,
Bolivia,"2014-08-03","213","0.001",
Canada,"2011-01-16","3350",,
Germany,"2010-06-27","306",,
Norway,"2008-04-20","38",,
Uruguay,"2014-06-22","114",,
Austria,"2012-10-07","926",,
Peru,"2011-01-09","108",,
Uruguay,"2014-03-02","64",,
Bulgaria,"2009-09-13","354",,
Switzerland,"2006-11-05","25",,
Spain,"2012-07-01","10",,
Austria,"2005-05-08","589",,
Norway,"2011-04-10","25",,
Germany,"2010-03-28","515",,
Brazil,"2014-02-09","113","0.101",
Austria,"2013-05-05","587",,
Paraguay,"2013-01-06","134",,
Paraguay,"2006-12-10","214",,
Bulgaria,"2006-10-01","670",,
Argentina,"2012-09-30","147","0.027",
Romania,"2007-07-15","530",,
Chile,"2011-04-03","4",,
Spain,"2008-04-06","19",,
Russia,"2007-03-18","327",,
Netherlands,"2004-02-22","18",,
Canada,"2007-09-16","1274",,
Uruguay,"2013-10-06","94",,
Bolivia,"2011-01-02","123","0.014",
Hungary,"2005-05-01","63",,
Paraguay,"2010-02-28","108",,
Belgium,"2009-03-01","113",,
Romania,"2007-09-23","777",,
Brazil,"2008-06-22","317","0.065",
Norway,"2011-02-06","232",,
Bulgaria,"2007-10-28","666",,
Bulgaria,"2008-06-01","408",,
Romania,"2011-10-09","722",,
Australia,"2006-07-23","670",,
Australia,"2014-02-02","113",,
Sweden,"2004-08-22",NA,,
Austria,"2008-09-21","824",,
Paraguay,"2009-05-03","315",,
France,"2015-04-26","7",,
Netherlands,"2014-02-09","48",,
Spain,"2015-07-05","6",,
Austria,"2004-03-28","636",,
Canada,"2003-12-21","7014",,
Hungary,"2011-05-15","29",,
Sweden,"2003-03-23",NA,,
France,"2012-12-30","387",,
Bulgaria,"2015-05-10","290",,
Paraguay,"2009-04-05","213",,
United States,"2004-12-05","1782",,
Chile,"2014-05-04","14",,
Romania,"2004-07-18","606",,
Poland,"2015-03-29","61",,
Paraguay,"2011-05-29","231",,
Austria,"2012-04-29","544",,
Sweden,"2010-04-25","2",,
Germany,"2011-07-24","286",,
Poland,"2011-07-10","8",,
Spain,"2011-03-20","12",,
Japan,"2006-01-15","658",,
Netherlands,"2008-06-22","17",,
Paraguay,"2008-10-12","246",,
Spain,"2013-07-28","7",,
Russia,"2004-12-12","364",,
New Zealand,"2009-04-12","15",,
Hungary,"2005-07-24","29",,
Brazil,"2004-02-22","206","0.088",
South Africa,"2003-03-09",NA,,
Canada,"2013-01-13","6803",,
Australia,"2012-07-29","1300",,
Belgium,"2006-04-02","81",,
Mexico,"2010-11-28","1478","0.149",
Ukraine,"2006-11-05","525",,
Peru,"2005-03-06","236",,
Poland,"2003-05-11",NA,,
Germany,"2015-01-11","1029",,
Canada,"2009-07-26","1151",,
Switzerland,"2009-08-02","86",,
Ukraine,"2007-01-07","407",,
Spain,"2007-01-14","169",,
Netherlands,"2005-11-20","29",,
Romania,"2005-01-02","735",,
Japan,"2003-01-05",NA,,
Chile,"2008-03-23","5",,
United States,"2013-03-10","3242",,
France,"2007-05-06","6",,
Germany,"2005-06-19","415",,
Romania,"2015-02-01","1003",,
Poland,"2013-07-07","12",,
Hungary,"2007-10-14","52",,
Canada,"2006-08-27","801",,
France,"2006-06-04","9",,
Sweden,"2012-04-01","7",,
Chile,"2012-01-29","2",,
Japan,"2014-06-15","9",,
Bulgaria,"2012-12-23","335",,
Canada,"2014-06-29","901",,
Bolivia,"2011-09-18","224","0.01",
Switzerland,"2004-06-13","6",,
Hungary,"2009-11-22","312",,
Paraguay,"2003-12-07",NA,,
Uruguay,"2008-02-10","80",,
Spain,"2011-07-17","2",,
Japan,"2009-10-25","1137",,
United States,"2014-11-09","1379",,
Peru,"2014-07-27","135",,
Japan,"2005-02-20","1526",,
Spain,"2012-04-08","18",,
New Zealand,"2013-09-01","123",,
Belgium,"2011-04-24","32",,
Argentina,"2011-07-31","144","0.029",
Peru,"2008-10-26","247",,
Bulgaria,"2004-10-10",NA,,
Spain,"2007-08-12","14",,
Paraguay,"2003-05-25",NA,,
Uruguay,"2013-12-15","71",,
Poland,"2011-11-27","28",,
Sweden,"2014-12-21","4",,
Norway,"2011-08-28","29",,
Uruguay,"2008-06-15","177",,
South Africa,"2015-05-03","3463",,
France,"2014-11-23","38",,
Japan,"2012-04-15","176",,
Poland,"2007-03-25","87",,
Brazil,"2005-11-20","272","0.069",
France,"2015-07-12","1",,
South Africa,"2004-04-11",NA,,
Canada,"2009-02-01","2951",,
Ukraine,"2004-06-13",NA,,
France,"2015-02-08","2509",,
Spain,"2012-03-04","37",,
France,"2004-05-16","5",,
Canada,"2008-04-27","1419",,
Switzerland,"2007-01-07","45",,
Russia,"2004-05-23",NA,,
Ukraine,"2009-08-02","271",,
Spain,"2003-11-02","130",,
Chile,"2004-08-29","3",,
Austria,"2004-11-21","839",,
Brazil,"2013-04-07","195","0.568",
Belgium,"2010-05-02","27",,
Ukraine,"2007-10-21","462",,
Belgium,"2010-10-03","65",,
Romania,"2010-04-25","604",,
Bolivia,"2004-11-07","428","0.017",
South Africa,"2004-07-04",NA,,
United States,"2003-12-07","5389",,
Bulgaria,"2015-07-12","147",,
Argentina,"2013-08-18","180","0.031",
New Zealand,"2007-06-03","32",,
Peru,"2008-03-02","198",,
Netherlands,"2004-06-06","12",,
Ukraine,"2015-02-15","747",,
Bulgaria,"2015-02-08","720",,
Paraguay,"2014-11-09","236",,
Australia,"2009-04-19","239",,
Australia,"2008-05-11","488",,
Bulgaria,"2004-05-16",NA,,
Paraguay,"2013-03-10","167",,
Uruguay,"2012-07-22","162",,
Argentina,"2011-09-11","116","0.019",
Bolivia,"2005-09-25","387","0.024",
Germany,"2003-05-18",NA,,
Austria,"2012-10-14","916",,
Norway,"2004-03-07",NA,,
Hungary,"2011-05-01","31",,
Romania,"2003-03-23","821",,
Germany,"2005-07-10","407",,
Brazil,"2009-04-26","258","0.235",
Bulgaria,"2014-11-23","502",,
South Africa,"2005-07-17",NA,,
Hungary,"2003-07-06",NA,,
Russia,"2007-02-25","761",,
France,"2004-10-10","55",,
Brazil,"2011-12-18","101","0.083",
Norway,"2009-05-24","35",,
Peru,"2007-01-28","183",,
Sweden,"2004-07-18",NA,,
Poland,"2010-04-04","20",,
Bolivia,"2005-07-31","349","0.008",
Brazil,"2006-02-26","208","0.162",
Brazil,"2003-06-01","403","0.08",
New Zealand,"2009-10-18","38",,
Canada,"2014-09-07","1208",,
Switzerland,"2003-08-24",NA,,
Brazil,"2004-06-06","319","0.032",
Argentina,"2012-12-02","84","0.034",
Mexico,"2009-01-25","1925","0.064",
Peru,"2010-08-15","175",,
Peru,"2011-12-04","114",,
Ukraine,"2003-08-24",NA,,
Sweden,"2007-07-15","1",,
Mexico,"2012-03-25","1084","0.071",
Poland,"2003-10-12",NA,,
Norway,"2009-08-23","267",,
Netherlands,"2013-04-07","43",,
Sweden,"2011-10-09","2",,
Romania,"2004-08-22","607",,
Mexico,"2006-09-24","970","0.221",
Austria,"2006-10-22","656",,
Spain,"2012-07-08","9",,
Sweden,"2007-09-23","2",,
Poland,"2013-07-21","12",,
Bolivia,"2008-09-14","300","0.011",
Bulgaria,"2006-06-04","705",,
Netherlands,"2011-12-18","37",,
New Zealand,"2003-03-30",NA,,
Spain,"2008-07-27","7",,
United States,"2003-05-25",NA,,
France,"2012-12-23","292",,
Chile,"2010-08-08","19",,
Russia,"2007-04-01","294",,
Netherlands,"2006-02-26","72",,
Argentina,"2005-11-06","162","0.034",
Netherlands,"2003-06-01",NA,,
Chile,"2014-10-19","9",,
Switzerland,"2015-02-15","719",,
Belgium,"2005-06-12","42",,
Switzerland,"2007-10-21","30",,
Chile,"2003-09-21","3",,
Hungary,"2010-05-23","50",,
Australia,"2008-06-08","467",,
Mexico,"2008-06-29","681","0.103",
Chile,"2006-05-07","4",,
Bulgaria,"2007-05-06","568",,
Netherlands,"2009-04-26","33",,
Russia,"2015-08-02","257",,
Netherlands,"2011-10-16","30",,
Peru,"2014-03-23","126",,
Spain,"2003-06-15",NA,,
Canada,"2007-09-02","832",,
Poland,"2011-03-13","74",,
Netherlands,"2009-06-21","24",,
New Zealand,"2014-08-17","159",,
Spain,"2011-03-06","18",,
Austria,"2004-01-25","998",,
United States,"2009-05-03","1885",,
Norway,"2005-10-23","34",,
Peru,"2008-03-09","192",,
Japan,"2008-12-28","414",,
Belgium,"2006-12-17","85",,
United States,"2010-02-28","1888",,
Germany,"2003-12-28","1124",,
South Africa,"2003-01-26",NA,,
France,"2015-05-10","5",,
Bulgaria,"2012-12-30","423",,
Romania,"2014-12-21","693",,
Uruguay,"2013-09-29","95",,
Uruguay,"2013-10-20","90",,
Germany,"2009-12-20","783",,
Poland,"2009-02-22","97",,
Belgium,"2010-10-10","58",,
Switzerland,"2003-12-14","187",,
Bulgaria,"2015-04-26","388",,
United States,"2013-01-06","10112",,
Switzerland,"2012-01-22","61",,
Uruguay,"2010-01-03","56",,
United States,"2006-12-10","2079",,
Spain,"2009-12-06","50",,
Argentina,"2008-12-21","84","0.014",
Germany,"2006-09-17","675",,
Argentina,"2003-09-14","204","0.019",
Uruguay,"2014-06-08","131",,
Peru,"2007-12-23","184",,
Ukraine,"2012-01-22","368",,
Chile,"2012-11-11","7",,
France,"2007-10-28","57",,
France,"2008-06-01","8",,
United States,"2008-10-12","1404",,
Norway,"2003-11-23",NA,,
Mexico,"2006-03-19","1038","0.051",
Hungary,"2005-07-03","28",,
Bolivia,"2005-12-04","458","0.025",
Brazil,"2011-10-16","136","0.082",
Ukraine,"2003-12-14",NA,,
Germany,"2005-01-23","1124",,
Brazil,"2009-06-21","261","0.088",
Belgium,"2005-12-11","168",,
Russia,"2007-11-25","379",,
Austria,"2013-11-10","871",,
Sweden,"2005-01-02",NA,,
South Africa,"2012-02-26","1884",,
Mexico,"2003-10-19","858","0.157",
Australia,"2015-02-22","259",,
Hungary,"2007-09-30","63",,
France,"2006-10-01","31",,
Chile,"2008-02-17","2",,
Bolivia,"2008-08-17","306","0.005",
United States,"2011-05-29","859",,
Norway,"2010-07-04","24",,
Romania,"2012-04-01","658",,
Japan,"2014-04-27","128",,
Sweden,"2015-02-01","17",,
United States,"2009-04-05","1462",,
Paraguay,"2004-12-05",NA,,
France,"2009-09-13","150",,
Switzerland,"2004-06-27","6",,
Switzerland,"2011-08-21","3",,
Switzerland,"2004-12-26","35",,
Brazil,"2007-07-29","251","0.074",
Netherlands,"2011-10-02","21",,
Norway,"2014-10-05","117",,
Bulgaria,"2014-04-27","326",,
United States,"2006-12-31","2419",,
Bolivia,"2003-12-21","342","0.011",
Ukraine,"2003-01-19",NA,,
Australia,"2012-02-05","117",,
United States,"2003-05-04",NA,,
Sweden,"2004-11-14",NA,,
Peru,"2015-03-29","119",,
United States,"2014-12-07","3046",,
Argentina,"2009-09-27","149","0.21",
Bolivia,"2013-01-13","119","0.021",
New Zealand,"2003-02-16",NA,,
Peru,"2011-07-10","150",,
Sweden,"2012-11-04","3",,
New Zealand,"2003-09-07",NA,,
Mexico,"2010-03-21","1351","0.107",
Netherlands,"2009-09-20","59",,
Bolivia,"2009-07-26","325","0.069",
Paraguay,"2005-08-21","388",,
Australia,"2013-06-16","507",,
Mexico,"2013-05-19","858","0.108",
Hungary,"2011-01-23","291",,
Sweden,"2010-07-11","1",,
Ukraine,"2009-06-28","187",,
New Zealand,"2004-08-15",NA,,
Poland,"2005-03-06","442",,
Peru,"2003-05-11","456",,
United States,"2005-04-03","1421",,
Australia,"2009-07-12","1589",,
Paraguay,"2013-10-27","210",,
United States,"2012-05-27","1428",,
Switzerland,"2009-06-28","16",,
Austria,"2014-06-01","793",,
Hungary,"2014-11-02","58",,
Uruguay,"2011-02-13","55",,
Brazil,"2011-10-02","132","0.075",
Sweden,"2011-03-27","4",,
Poland,"2011-01-09","159",,
Japan,"2012-12-30","479",,
Paraguay,"2004-10-17",NA,,
Mexico,"2010-09-26","969","0.216",
Austria,"2006-05-28","522",,
Germany,"2011-04-24","398",,
Canada,"2014-08-03","757",,
Bolivia,"2011-01-16","118","0.068",
Austria,"2012-01-15","808",,
New Zealand,"2007-12-02","7",,
South Africa,"2007-04-29","2628",,
Chile,"2006-03-12","4",,
Paraguay,"2005-09-04","321",,
Austria,"2008-07-13","522",,
Netherlands,"2007-07-29","12",,
Hungary,"2006-05-14","42",,
Chile,"2004-04-25","5",,
Japan,"2015-04-26","55",,
Mexico,"2014-01-12","1786","0.136",
Russia,"2008-12-14","483",,
Russia,"2005-08-07","110",,
Switzerland,"2003-01-19",NA,,
Mexico,"2012-09-23","1012","0.315",
Ukraine,"2011-08-21","283",,
Ukraine,"2004-06-27",NA,,
Belgium,"2005-06-19","26",,
Bolivia,"2007-09-16","388","0.01",
Brazil,"2009-09-20","199","0.065",
France,"2006-01-15","96",,
Argentina,"2010-05-30","186","0.07",
Ukraine,"2004-12-26",NA,,
Canada,"2011-01-02","3924",,
Bulgaria,"2008-12-28","660",,
Paraguay,"2007-04-15","322",,
Belgium,"2011-07-24","10",,
Austria,"2006-11-12","749",,
Peru,"2011-11-27","123",,
Japan,"2006-06-04","7",,
Spain,"2014-12-14","59",,
Uruguay,"2005-12-25","103",,
France,"2014-06-15","3",,
Argentina,"2012-01-08","55","0.036",
Germany,"2006-04-02","836",,
Sweden,"2015-01-18","8",,
Norway,"2011-11-20","77",,
France,"2003-01-05",NA,,
Spain,"2013-08-25","11",,
Australia,"2003-11-09",NA,,
Switzerland,"2012-05-13","14",,
Mexico,"2008-08-03","653","0.123",
Norway,"2008-11-16","29",,
Japan,"2007-05-06","23",,
Chile,"2015-07-26","28",,
Belgium,"2015-01-11","308",,
Peru,"2007-03-25","233",,
United States,"2010-10-24","1596",,
Argentina,"2004-04-04","125","0.046",
New Zealand,"2011-06-26","51",,
Chile,"2010-07-18","10",,
Ukraine,"2015-03-08","620",,
France,"2005-02-20","317",,
Spain,"2007-01-21","188",,
France,"2009-10-25","161",,
Paraguay,"2006-07-02","340",,
Sweden,"2010-08-29","2",,
Russia,"2007-12-09","510",,
Chile,"2011-05-08","7",,
Switzerland,"2014-03-30","59",,
Ukraine,"2004-03-21",NA,,
Chile,"2004-05-30","57",,
New Zealand,"2003-09-28",NA,,
Brazil,"2015-06-14","249","0.211",
Bolivia,"2009-02-01","218","0.803",
Netherlands,"2014-01-26","43",,
Bolivia,"2008-04-27","409","0.046",
Argentina,"2007-12-30","78","0.014",
Norway,"2003-11-30",NA,,
Japan,"2014-11-23","186",,
Mexico,"2014-01-05","1734","0.147",
Bolivia,"2006-08-27","425","0.016",
Chile,"2015-01-25","3",,
Ukraine,"2014-03-30","404",,
France,"2012-04-15","14",,
Switzerland,"2004-03-21","15",,
Argentina,"2014-08-10","198","0.034",
South Africa,"2010-03-14","2138",,
United States,"2010-11-14","1864",,
Bolivia,"2014-06-29","211","0.007",
Canada,"2011-09-18","764",,
Mexico,"2009-08-09","643","0.198",
Switzerland,"2015-03-08","285",,
Paraguay,"2006-06-11","344",,
Peru,"2013-07-07","149",,
Germany,"2009-03-01","1142",,
Spain,"2006-07-30","17",,
Ukraine,"2012-05-13","210",,
Belgium,"2010-06-27","7",,
Spain,"2014-07-06","9",,
Brazil,"2014-01-26","105","0.08",
South Africa,"2014-03-09","2611",,
Paraguay,"2012-02-19","91",,
Uruguay,"2010-08-01","122",,
Romania,"2010-12-12","681",,
Netherlands,"2015-06-14","16",,
Mexico,"2014-04-06","1243","0.128",
Japan,"2015-02-08","1345",,
South Africa,"2013-06-02","3563",,
Belgium,"2010-03-28","34",,
Poland,"2014-07-27","10",,
Japan,"2004-05-16","3",,
Poland,"2008-10-26","43",,
Japan,"2015-07-12","12",,
Argentina,"2009-05-10","164","0.916",
Mexico,"2007-03-11","1678","0.081",
Russia,"2012-10-21","599",,
Bulgaria,"2010-01-17","620",,
Norway,"2009-06-07","24",,
France,"2010-02-14","26",,
Norway,"2004-06-20",NA,,
Sweden,"2003-09-28",NA,,
Japan,"2005-04-17","38",,
Japan,"2003-10-26","9",,
Bulgaria,"2013-03-03","647",,
Canada,"2006-01-08","2356",,
Netherlands,"2012-02-26","87",,
Mexico,"2009-02-22","1503","0.073",
Spain,"2006-05-21","24",,
Japan,"2009-05-31","53",,
Bulgaria,"2003-06-29",NA,,
Canada,"2010-09-12","1121",,
Uruguay,"2008-09-14","149",,
Argentina,"2008-08-31","193","0.017",
Belgium,"2012-06-10","20",,
New Zealand,"2010-08-29","65",,
Paraguay,"2013-12-01","167",,
New Zealand,"2015-01-18","12",,
United States,"2003-04-20",NA,,
Norway,"2006-06-18","12",,
Romania,"2015-01-04","701",,
Sweden,"2011-06-26","0",,
Peru,"2006-08-20","337",,
Paraguay,"2004-11-28",NA,,
Mexico,"2011-03-13","1327","0.086",
Norway,"2008-02-03","86",,
Brazil,"2003-01-26","131","0.138",
Romania,"2006-12-03","920",,
United States,"2003-11-16","2148",,
Japan,"2013-09-15","6",,
Argentina,"2013-03-24","113","0.154",
Germany,"2012-05-06","435",,
Uruguay,"2005-07-31","175",,
Japan,"2003-08-10",NA,,
Brazil,"2012-02-26","127","0.177",
Paraguay,"2013-12-22","178",,
Hungary,"2004-12-19","56",,
Poland,"2003-10-19",NA,,
Spain,"2006-08-06","16",,
Bolivia,"2012-07-22","186","0.008",
Uruguay,"2005-09-25","163",,
Romania,"2011-04-17","617",,
Hungary,"2007-08-19","32",,
Austria,"2007-07-22","516",,
Spain,"2010-12-05","20",,
Netherlands,"2003-01-26",NA,,
Russia,"2015-04-05","625",,
Japan,"2008-11-23","71",,
Japan,"2013-01-20","3872",,
Canada,"2011-12-25","2988",,
South Africa,"2011-10-16","2108",,
Uruguay,"2004-11-07","117",,
Germany,"2012-08-19","301",,
Norway,"2008-01-06","44",,
Paraguay,"2005-04-24",NA,,
South Africa,"2009-06-21","4000",,
Poland,"2006-03-19","130",,
Ukraine,"2008-11-02","452",,
Hungary,"2009-03-22","171",,
Switzerland,"2009-01-18","578",,
New Zealand,"2010-07-11","62",,
Germany,"2013-02-03","1876",,
Argentina,"2010-06-20","207","0.041",
Sweden,"2004-08-15",NA,,
Australia,"2008-05-04","472",,
Mexico,"2010-04-04","917","0.085",
Uruguay,"2008-08-17","169",,
Canada,"2006-03-26","2326",,
Brazil,"2005-07-17","259","0.035",
Ukraine,"2003-04-06",NA,,
South Africa,"2009-04-26","3069",,
Austria,"2008-07-06","506",,
Russia,"2004-10-31","311",,
Norway,"2012-09-09","75",,
Sweden,"2003-02-16",NA,,
South Africa,"2011-12-18","1973",,
New Zealand,"2012-11-04","20",,
Chile,"2013-05-12","18",,
Bulgaria,"2006-04-09","896",,
Sweden,"2003-09-07",NA,,
Romania,"2011-01-30","953",,
Romania,"2008-05-25","583",,
Spain,"2010-01-10","17",,
South Africa,"2006-02-26","2244",,
South Africa,"2003-06-01",NA,,
Norway,"2014-07-13","18",,
Germany,"2007-08-05","385",,
South Africa,"2013-04-07","2418",,
Belgium,"2014-10-12","88",,
Spain,"2004-09-26","34",,
Uruguay,"2005-12-04","90",,
Brazil,"2004-07-04","287","0.017",
Canada,"2009-02-08","3082",,
New Zealand,"2004-11-14",NA,,
Belgium,"2006-06-25","14",,
France,"2003-02-23",NA,,
Australia,"2005-01-09",NA,,
Norway,"2004-04-18",NA,,
Australia,"2005-10-16",NA,,
Ukraine,"2013-06-23","203",,
Switzerland,"2012-05-20","15",,
Spain,"2003-01-12",NA,,
Bolivia,"2014-06-08","214","0.011",
Spain,"2008-05-18","16",,
Romania,"2012-09-16","538",,
Japan,"2011-11-06","30",,
Switzerland,"2013-06-23","17",,
Bolivia,"2010-01-03","126","0.011",
Austria,"2009-11-29","1229",,
Belgium,"2013-01-27","1499",,
Ukraine,"2012-05-20","234",,
Canada,"2010-05-16","833",,
Peru,"2011-02-27","94",,
Poland,"2008-06-29","14",,
Peru,"2013-04-14","153",,
Peru,"2008-07-20","205",,
Mexico,"2013-07-21","835","0.306",
Belgium,"2011-07-03","11",,
Spain,"2005-09-11","18",,
Bolivia,"2013-10-20","216","0.012",
Spain,"2007-11-11","37",,
Bolivia,"2013-09-29","195","0.008",
Hungary,"2006-08-13","50",,
United States,"2009-07-05","1337",,
Netherlands,"2005-07-17","14",,
South Africa,"2004-06-06",NA,,
Sweden,"2007-12-02","3",,
Mexico,"2003-10-12","800","0.16",
Chile,"2008-04-13","13",,
Romania,"2010-02-21","648",,
Paraguay,"2006-09-10","596",,
Poland,"2006-09-24","44",,
Russia,"2004-02-15",NA,,
Poland,"2009-01-25","432",,
United States,"2012-08-26","1199",,
Switzerland,"2008-11-02","25",,
New Zealand,"2011-03-27","17",,
Ukraine,"2009-01-18","434",,
Netherlands,"2004-07-04","12",,
Poland,"2012-03-25","38",,
Japan,"2008-11-30","119",,
United States,"2005-01-16","2562",,
Switzerland,"2003-04-06",NA,,
Peru,"2004-10-03","353",,
France,"2003-08-17",NA,,
Uruguay,"2007-09-16","144",,
Canada,"2013-10-06","1585",,
Switzerland,"2009-11-15","262",,
Netherlands,"2013-06-02","20",,
Germany,"2013-07-14","313",,
Norway,"2011-07-31","20",,
Chile,"2007-04-08","6",,
Paraguay,"2007-02-11","192",,
France,"2003-06-08",NA,,
Bulgaria,"2008-11-30","737",,
France,"2009-12-13","424",,
South Africa,"2015-06-14","4964",,
France,"2015-04-12","15",,
United States,"2012-06-03","1329",,
Netherlands,"2014-03-09","38",,
Canada,"2014-06-22","916",,
Poland,"2008-08-03","9",,
Hungary,"2007-06-10","47",,
Russia,"2003-08-03",NA,,
Canada,"2014-03-02","2637",,
Paraguay,"2009-03-15","158",,
Chile,"2009-10-11","6",,
Uruguay,"2011-01-16","59",,
Bulgaria,"2011-11-06","441",,
Ukraine,"2012-09-02","399",,
Belgium,"2011-12-11","93",,
Australia,"2005-01-30",NA,,
Belgium,"2009-01-11","665",,
Bolivia,"2011-02-13","128","0.101",
Netherlands,"2010-03-14","23",,
Sweden,"2014-08-17","2",,
Australia,"2009-09-06","385",,
Mexico,"2014-07-27","879","0.184",
Australia,"2012-11-25","154",,
Brazil,"2014-03-09","149","0.151",
South Africa,"2014-01-26","1863",,
Poland,"2007-03-11","159",,
New Zealand,"2015-02-01","14",,
Mexico,"2008-10-26","1142","0.201",
Brazil,"2013-06-02","210","0.129",
New Zealand,"2005-01-02",NA,,
Russia,"2007-09-09","255",,
Uruguay,"2009-07-26","156",,
Spain,"2013-04-21","21",,
Germany,"2007-12-16","1163",,
Poland,"2014-04-06","32",,
Uruguay,"2013-01-13","66",,
Switzerland,"2012-09-02","29",,
Argentina,"2011-08-28","147","0.029",
France,"2004-07-11","5",,
Hungary,"2009-10-04","116",,
Australia,"2015-04-19","432",,
Romania,"2013-09-01","532",,
Chile,"2005-06-05","18",,
Brazil,"2010-03-14","172","0.623",
Uruguay,"2003-12-21","109",,
Chile,"2007-11-18","3",,
Russia,"2006-10-29","379",,
Japan,"2006-04-09","8",,
Germany,"2009-03-29","739",,
Belgium,"2014-12-28","254",,
Poland,"2014-01-05","33",,
Ukraine,"2009-11-15","716",,
Poland,"2009-08-09","18",,
Canada,"2008-02-10","2786",,
Belgium,"2005-02-13","492",,
Paraguay,"2013-09-08","249",,
Argentina,"2011-02-06","67","0.077",
Bulgaria,"2008-11-23","794",,
Germany,"2008-01-13","1131",,
Poland,"2013-05-19","15",,
Peru,"2010-11-28","166",,
Russia,"2012-07-15","189",,
Belgium,"2006-04-23","38",,
New Zealand,"2004-07-18",NA,,
Spain,"2013-03-31","32",,
Mexico,"2005-03-06","1118","0.052",
Sweden,"2009-10-18","10",,
United States,"2014-05-18","1289",,
United States,"2013-02-10","4555",,
Bolivia,"2010-08-01","208","0.015",
Russia,"2005-05-15","222",,
Switzerland,"2004-09-12","8",,
Ukraine,"2012-04-22","302",,
Spain,"2003-02-09",NA,,
Bulgaria,"2013-01-20","498",,
Poland,"2010-03-21","25",,
Paraguay,"2007-11-04","249",,
Germany,"2004-09-19","681",,
Argentina,"2011-04-10","107","0.169",
Netherlands,"2007-04-29","17",,
Hungary,"2010-01-31","72",,
Sweden,"2007-06-03","1",,
Bulgaria,"2013-09-15","160",,
Australia,"2008-10-19","326",,
United States,"2007-07-08","701",,
South Africa,"2007-07-29","3816",,
Norway,"2012-09-30","73",,
Bulgaria,"2003-08-10",NA,,
United States,"2002-12-29",NA,,
Romania,"2009-04-12","733",,
Paraguay,"2008-03-30","283",,
Spain,"2006-11-19","39",,
Australia,"2003-07-13",NA,,
Uruguay,"2014-06-29","131",,
Paraguay,"2011-06-12","234",,
France,"2010-12-26","337",,
Argentina,"2008-04-20","188","0.063",
France,"2005-03-20","67",,
Uruguay,"2006-08-27","175",,
Spain,"2006-03-05","136",,
United States,"2008-01-27","3880",,
Paraguay,"2008-09-28","274",,
Spain,"2014-09-28","12",,
Russia,"2014-01-19","592",,
Hungary,"2013-11-03","43",,
Uruguay,"2009-02-01","66",,
Hungary,"2013-06-09","34",,
Uruguay,"2008-04-27","119",,
Paraguay,"2010-06-13","228",,
Paraguay,"2012-03-11","114",,
Austria,"2007-04-22","609",,
Sweden,"2003-03-30",NA,,
South Africa,"2009-09-20","2538",,
Spain,"2006-02-19","59",,
Poland,"2012-09-23","28",,
Paraguay,"2009-12-27","126",,
Bulgaria,"2003-10-26",NA,,
Bulgaria,"2005-04-17","811",,
Switzerland,"2012-04-22","23",,
Paraguay,"2015-05-31","403",,
New Zealand,"2011-10-09","36",,
South Africa,"2011-10-02","2526",,
Canada,"2013-12-15","3745",,
Hungary,"2008-08-10","32",,
Japan,"2013-03-03","764",,
Hungary,"2004-10-24",NA,,
Ukraine,"2004-09-12",NA,,
Russia,"2010-09-05","595",,
Austria,"2015-06-07","641",,
New Zealand,"2007-09-23","32",,
Japan,"2010-01-17","236",,
Poland,"2014-01-12","28",,
Chile,"2015-05-17","13",,
Bolivia,"2005-12-25","294","0.013",
Brazil,"2007-04-29","306","0.333",
Canada,"2008-06-15","757",,
Japan,"2003-06-29",NA,,
Mexico,"2011-01-09","1436","0.051",
New Zealand,"2007-07-15","76",,
Poland,"2010-09-26","44",,
Bulgaria,"2009-05-31","363",,
Switzerland,"2011-04-17","11",,
Austria,"2009-07-26","503",,
Ukraine,"2015-01-04","450",,
Australia,"2013-08-04","764",,
Japan,"2013-03-31","205",,
South Africa,"2008-02-03","2044",,
Hungary,"2009-02-22","393",,
Netherlands,"2003-11-23","24",,
Chile,"2003-04-20","1",,
Bulgaria,"2010-12-05","526",,
Australia,"2004-05-09",NA,,
Austria,"2013-01-13","1286",,
Russia,"2013-01-27","1239",,
Brazil,"2005-10-23","266","0.043",
South Africa,"2006-06-18","3571",,
Russia,"2011-07-03","157",,
Japan,"2003-02-09",NA,,
Ukraine,"2006-12-03","443",,
Sweden,"2011-10-23","3",,
New Zealand,"2003-02-02",NA,,
New Zealand,"2007-06-17","47",,
Chile,"2003-11-16","1",,
New Zealand,"2013-11-24","21",,
Canada,"2012-04-29","1358",,
Belgium,"2004-02-15","64",,
Hungary,"2011-03-13","113",,
South Africa,"2004-06-20",NA,,
Australia,"2010-03-07","167",,
Japan,"2006-03-05","100",,
Paraguay,"2011-06-05","237",,
Argentina,"2010-12-19","71","0.034",
Netherlands,"2010-07-04","11",,
Bulgaria,"2006-08-06","530",,
Japan,"2006-11-19","37",,
France,"2008-09-07","9",,
Canada,"2004-03-28","1111",,
Austria,"2003-12-21","824",,
South Africa,"2009-06-07","4406",,
South Africa,"2008-01-06","1630",,
Norway,"2009-06-21","27",,
Argentina,"2009-06-14","399","0.263",
Canada,"2008-09-21","1463",,
Japan,"2014-09-28","12",,
France,"2012-10-28","43",,
Poland,"2007-09-30","55",,
New Zealand,"2003-07-20",NA,,
Norway,"2011-10-16","53",,
Brazil,"2003-11-23","201","0.068",
Australia,"2008-10-05","389",,
Japan,"2006-02-19","327",,
Belgium,"2004-10-31","49",,
Austria,"2007-09-16","739",,
Netherlands,"2005-10-23","28",,
Mexico,"2004-12-19","1364","0.048",
Switzerland,"2006-12-03","27",,
France,"2014-09-21","17",,
Canada,"2013-05-05","1133",,
Russia,"2014-10-12","713",,
Bolivia,"2006-05-28","513","0.027",
Spain,"2010-01-17","12",,
Bolivia,"2014-06-01","200","0.014",
Canada,"2005-05-08","1524",,
Spain,"2013-03-03","168",,
Brazil,"2010-07-04","189","0.125",
Bulgaria,"2006-05-21","811",,
Poland,"2005-07-03","16",,
Canada,"2012-10-07","1861",,
Ukraine,"2011-04-17","310",,
Mexico,"2007-08-19","731","0.133",
Spain,"2003-06-29",NA,,
Switzerland,"2015-01-04","220",,
Russia,"2006-06-25","241",,
Bolivia,"2008-07-13","290","0.018",
Bolivia,"2012-01-15","114","0.058",
Australia,"2009-07-19","1316",,
Sweden,"2010-04-11","2",,
Austria,"2011-01-16","1244",,
Canada,"2004-11-21","2156",,
Poland,"2011-05-01","19",,
Poland,"2003-07-06",NA,,
South Africa,"2004-04-18",NA,,
Austria,"2008-04-27","650",,
Argentina,"2013-02-24","78","0.181",
Romania,"2013-06-23","509",,
Austria,"2009-02-01","1941",,
Mexico,"2009-03-22","1185","0.086",
Norway,"2013-04-07","50",,
Switzerland,"2012-09-16","39",,
Uruguay,"2007-04-22","107",,
New Zealand,"2014-08-24","159",,
Hungary,"2010-04-04","32",,
Paraguay,"2004-05-02",NA,,
Netherlands,"2009-08-23","49",,
Brazil,"2009-05-24","268","0.206",
Romania,"2003-04-06","777",,
Bulgaria,"2003-01-12",NA,,
Bulgaria,"2008-05-18","401",,
Norway,"2006-02-26","61",,
Norway,"2003-06-01",NA,,
South Africa,"2014-07-13","4200",,
Belgium,"2015-04-05","111",,
Romania,"2008-11-02","770",,
South Africa,"2012-09-09","2940",,
Bolivia,"2006-11-12","367","0.016",
Sweden,"2015-05-24","2",,
Norway,"2011-12-18","66",,
Norway,"2009-04-26","43",,
Ukraine,"2011-01-30","563",,
Ukraine,"2008-05-25","210",,
Switzerland,"2010-02-21","21",,
Bulgaria,"2007-11-11","711",,
Brazil,"2004-03-07","244","0.096",
United States,"2013-05-12","1286",,
Paraguay,"2006-10-08","363",,
Uruguay,"2015-06-07","149",,
Sweden,"2008-08-24","1",,
Bulgaria,"2005-09-11","513",,
Switzerland,"2011-01-30","231",,
Switzerland,"2008-05-25","10",,
Hungary,"2013-07-21","29",,
Ukraine,"2010-02-21","391",,
Bulgaria,"2004-09-26",NA,,
Belgium,"2012-10-21","51",,
Brazil,"2009-08-23","284","0.079",
United States,"2008-04-13","1331",,
Mexico,"2006-08-13","713","0.124",
Peru,"2006-11-26","301",,
Japan,"2013-04-21","169",,
Chile,"2012-08-26","13",,
Sweden,"2004-02-01",NA,,
Poland,"2010-05-23","12",,
Australia,"2003-10-05",NA,,
Russia,"2012-06-10","312",,
Norway,"2004-06-06",NA,,
Chile,"2005-01-16","1",,
Romania,"2009-01-18","925",,
Austria,"2014-06-29","569",,
Romania,"2012-05-20","479",,
Germany,"2012-03-18","840",,
Argentina,"2009-11-08","123","0.371",
Austria,"2006-08-27","520",,
Ukraine,"2012-09-16","568",,
Netherlands,"2004-03-07","17",,
New Zealand,"2010-01-24","8",,
Hungary,"2003-10-12",NA,,
Netherlands,"2009-05-24","15",,
Argentina,"2013-06-30","232","0.048",
Spain,"2006-04-09","37",,
Chile,"2009-07-05","124",,
Peru,"2011-08-07","137",,
Bulgaria,"2010-01-10","697",,
France,"2010-11-07","15",,
New Zealand,"2009-08-02","100",,
Belgium,"2014-01-19","105",,
Romania,"2012-09-02","522",,
France,"2012-06-24","3",,
Brazil,"2011-11-20","133","0.092",
United States,"2009-10-11","6037",,
Canada,"2007-03-04","2845",,
Brazil,"2008-11-16","220","0.059",
Bolivia,"2012-10-14","204","0.012",
Sweden,"2015-06-28","2",,
Germany,"2014-04-13","614",,
Austria,"2005-09-25","729",,
Austria,"2005-07-31","479",,
Japan,"2010-01-10","273",,
New Zealand,"2004-06-13",NA,,
Germany,"2005-06-26","399",,
Canada,"2006-07-09","786",,
Sweden,"2007-05-27","1",,
Australia,"2013-11-17","205",,
Paraguay,"2004-09-05",NA,,
Norway,"2015-06-14","30",,
Austria,"2004-11-07","737",,
Paraguay,"2005-05-22","230",,
Brazil,"2003-11-30","177","0.063",
Sweden,"2010-10-31","2",,
Belgium,"2010-09-05","34",,
Japan,"2004-09-26","3",,
Uruguay,"2007-07-22","290",,
United States,"2007-04-08","1372",,
Switzerland,"2013-09-01","33",,
South Africa,"2011-07-31","2886",,
Mexico,"2007-06-10","949","0.096",
Bulgaria,"2013-04-21","270",,
Chile,"2012-06-03","29",,
Ukraine,"2013-09-01","484",,
Canada,"2010-08-22","569",,
Peru,"2009-11-22","192",,
Russia,"2005-02-13","295",,
United States,"2005-06-05","751",,
Japan,"2003-01-12",NA,,
Spain,"2011-11-06","16",,
Belgium,"2012-07-15","15",,
Austria,"2008-09-14","641",,
Japan,"2008-05-18","5",,
Russia,"2006-04-23","211",,
United States,"2007-11-18","1465",,
Paraguay,"2009-03-08","142",,
Japan,"2005-09-11","1",,
Argentina,"2015-05-03","158","0.07",
France,"2014-10-26","23",,
Japan,"2007-11-11","65",,
Hungary,"2014-07-27","24",,
Belgium,"2005-05-15","84",,
Hungary,"2008-10-26","61",,
Netherlands,"2008-11-16","32",,
Netherlands,"2011-11-20","49",,
Romania,"2009-11-15","1036",,
France,"2005-08-28","9",,
Argentina,"2004-04-11","134","0.041",
Mexico,"2009-10-04","1175","0.977",
Norway,"2014-01-26","145",,
New Zealand,"2007-01-07","6",,
Netherlands,"2003-11-30","55",,
Australia,"2012-06-17","989",,
Paraguay,"2008-01-20","165",,
France,"2007-06-24","7",,
Spain,"2008-11-30","28",,
Bolivia,"2006-10-22","419","0.023",
Peru,"2007-10-14","318",,
Spain,"2003-10-26","77",,
Spain,"2005-04-17","27",,
Brazil,"2014-10-05","168","0.054",
Chile,"2007-07-08","23",,
Canada,"2012-02-12","2248",,
New Zealand,"2006-11-05","13",,
Chile,"2002-12-29",NA,,
Belgium,"2007-09-09","30",,
Germany,"2015-03-15","1085",,
Poland,"2011-01-23","200",,
Norway,"2007-07-29","8",,
Peru,"2005-07-24","246",,
South Africa,"2012-09-30","2568",,
Ukraine,"2009-04-12","373",,
Hungary,"2005-03-06","566",,
Japan,"2006-05-21","6",,
Chile,"2008-01-27","1",,
Spain,"2009-05-31","13",,
Uruguay,"2009-11-29","68",,
Peru,"2011-05-15","185",,
Bulgaria,"2014-09-28","384",,
Paraguay,"2014-09-14","284",,
Australia,"2014-02-23","182",,
Chile,"2014-05-18","14",,
Chile,"2013-02-10","2",,
Mexico,"2010-01-31","1527","0.08",
Canada,"2006-02-05","2587",,
Russia,"2014-12-28","922",,
Belgium,"2006-10-29","47",,
Bulgaria,"2006-02-19","1156",,
France,"2004-03-14","14",,
Bolivia,"2004-01-25","348","0.091",
Romania,"2012-04-22","521",,
Peru,"2005-05-01","320",,
Spain,"2013-09-15","18",,
Australia,"2012-12-16","146",,
Bolivia,"2013-11-10","150","0.009",
Spain,"2003-08-10",NA,,
Sweden,"2006-01-29","5",,
Romania,"2004-09-12","627",,
Bulgaria,"2006-11-19","857",,
United States,"2015-05-17","1164",,
Japan,"2006-08-06","2",,
Mexico,"2013-11-03","1389","0.449",
Mexico,"2013-06-09","803","0.156",
Bulgaria,"2006-03-05","913",,
Uruguay,"2008-07-06","209",,
Norway,"2011-10-02","53",,
Netherlands,"2014-10-05","29",,
Austria,"2008-08-17","495",,
Japan,"2010-12-05","51",,
Norway,"2009-09-20","94",,
Belgium,"2003-08-03",NA,,
Poland,"2014-11-02","35",,
Spain,"2008-11-23","25",,
Hungary,"2011-01-09","130",,
Paraguay,"2005-02-06",NA,,
Bulgaria,"2013-03-31","348",,
Switzerland,"2009-04-12","16",,
Russia,"2009-01-11","407",,
Mexico,"2004-10-24","933","0.138",
Mexico,"2008-08-10","633","0.137",
Russia,"2011-12-11","463",,
Argentina,"2003-03-09","136","0.051",
Bulgaria,"2003-02-09",NA,,
Spain,"2013-01-20","99",,
Poland,"2006-05-14","28",,
Austria,"2005-12-04","767",,
Spain,"2006-06-04","20",,
South Africa,"2009-05-24","3644",,
Uruguay,"2008-07-13","210",,
Japan,"2014-12-14","1180",,
Uruguay,"2012-01-15","54",,
Brazil,"2014-07-13","178","0.073",
Germany,"2007-08-26","490",,
Bulgaria,"2008-07-27","231",,
Paraguay,"2008-03-23","285",,
Brazil,"2012-09-09","160","0.051",
Switzerland,"2004-08-22","6",,
Canada,"2013-02-17","2597",,
Ukraine,"2003-03-23",NA,,
Australia,"2013-12-08","171",,
Uruguay,"2014-06-01","118",,
Norway,"2005-07-17","15",,
Austria,"2011-02-13","1298",,
Australia,"2010-02-07","84",,
France,"2007-01-14","155",,
Paraguay,"2012-01-29","83",,
Germany,"2005-03-27","774",,
Japan,"2013-08-25","3",,
Peru,"2010-11-21","178",,
Russia,"2005-12-11","357",,
South Africa,"2004-03-07",NA,,
Argentina,"2003-08-31","224","0.019",
Uruguay,"2006-05-28","165",,
Spain,"2007-05-06","26",,
Japan,"2007-01-21","62",,
Poland,"2009-03-22","58",,
Ukraine,"2010-04-25","294",,
Belgium,"2007-11-25","151",,
France,"2012-04-08","17",,
Romania,"2007-10-21","786",,
Brazil,"2004-04-18","251","0.067",
Chile,"2003-12-07","1",,
Mexico,"2011-05-01","736","0.081",
Romania,"2015-02-15","1147",,
Argentina,"2009-05-17","166","0.619",
Norway,"2004-07-04",NA,,
Bulgaria,"2012-07-08","133",,
Peru,"2014-11-16","125",,
France,"2011-07-17","2",,
Argentina,"2006-09-03","234","0.014",
Sweden,"2006-11-05","2",,
Mexico,"2003-07-06",NA,"0.086",
Chile,"2003-05-25","1",,
Belgium,"2015-08-02","11",,
Spain,"2014-11-23","24",,
Germany,"2012-11-18","850",,
United States,"2010-08-08","754",,
Hungary,"2006-09-24","48",,
United States,"2014-10-19","1349",,
Switzerland,"2010-04-25","6",,
Hungary,"2009-01-25","341",,
France,"2007-08-12","7",,
Netherlands,"2014-07-13","14",,
Japan,"2006-07-30","3",,
United States,"2003-09-21",NA,,
Hungary,"2012-03-25","106",,
United States,"2006-05-07","1003",,
Russia,"2006-12-17","338",,
Netherlands,"2012-09-09","28",,
Japan,"2014-07-06","6",,
Mexico,"2010-05-23","775","0.117",
Romania,"2003-08-24","502",,
Canada,"2012-12-09","4003",,
France,"2003-11-02","48",,
South Africa,"2009-08-23","4987",,
Russia,"2010-10-10","537",,
Hungary,"2008-06-29","42",,
Spain,"2015-07-12","6",,
Argentina,"2008-02-24","98","0.041",
Argentina,"2013-10-13","113","0.039",
Paraguay,"2004-08-29",NA,,
Spain,"2015-02-08","486",,
Switzerland,"2003-03-23",NA,,
Netherlands,"2004-04-18","15",,
New Zealand,"2006-01-29","8",,
Poland,"2006-08-13","12",,
Ukraine,"2004-08-22",NA,,
France,"2012-03-04","190",,
Spain,"2004-05-16","18",,
France,"2012-07-01","3",,
Ukraine,"2014-12-21","436",,
Chile,"2013-01-06","3",,
New Zealand,"2007-05-27","31",,
Chile,"2006-12-10","2",,
Brazil,"2004-06-20","360","0.022",
Peru,"2006-10-15","338",,
New Zealand,"2010-10-31","23",,
Australia,"2005-09-18",NA,,
Brazil,"2009-06-07","231","0.108",
Brazil,"2008-02-03","177","0.156",
Switzerland,"2012-04-01","43",,
Norway,"2003-01-26",NA,,
Australia,"2007-02-18","163",,
Russia,"2005-06-12","170",,
Germany,"2009-11-01","1396",,
South Africa,"2005-10-23",NA,,
Sweden,"2004-06-13",NA,,
Paraguay,"2011-04-03","249",,
Belgium,"2007-04-01","45",,
Canada,"2014-08-31","915",,
Germany,"2014-03-16","910",,
Sweden,"2009-08-02","2",,
France,"2008-04-06","26",,
Chile,"2009-05-03","11",,
Brazil,"2006-06-18","409","0.083",
Netherlands,"2008-01-06","61",,
Chile,"2010-02-28","1",,
Austria,"2010-08-01","389",,
New Zealand,"2015-06-28","43",,
Poland,"2007-08-19","8",,
Sweden,"2007-01-07","3",,
Bolivia,"2015-06-07","225","0.013",
Spain,"2012-12-30","78",,
Netherlands,"2004-06-20","11",,
Russia,"2010-05-02","484",,
Australia,"2007-10-07","379",,
Mexico,"2005-07-03","727","0.1",
Netherlands,"2009-06-07","19",,
Russia,"2010-10-03","603",,
South Africa,"2010-07-04","3096",,
Ukraine,"2012-04-01","389",,
United States,"2008-02-17","5805",,
Argentina,"2004-01-04","98","0.019",
France,"2015-07-05","1",,
Bulgaria,"2009-12-06","707",,
Spain,"2015-04-26","25",,
Chile,"2011-05-29","10",,
Uruguay,"2006-11-12","110",,
Canada,"2005-10-02","1758",,
Argentina,"2015-03-01","80","0.055",
Paraguay,"2014-05-04","272",,
Germany,"2010-04-18","490",,
Hungary,"2006-03-19","141",,
Austria,"2005-12-25","796",,
Norway,"2012-02-26","294",,
Chile,"2009-04-05","5",,
Bolivia,"2007-04-22","513","0.089",
Brazil,"2008-01-06","182","0.164",
Netherlands,"2006-06-18","16",,
Bulgaria,"2003-06-15",NA,,
United States,"2012-11-11","2913",,
Chile,"2008-10-12","4",,
Belgium,"2007-02-25","530",,
Australia,"2010-10-17","240",,
Romania,"2012-01-22","629",,
Poland,"2004-12-19","40",,
France,"2011-03-20","12",,
Bulgaria,"2011-03-06","814",,
Romania,"2003-12-14","1434",,
Hungary,"2003-10-19",NA,,
South Africa,"2003-11-23",NA,,
Netherlands,"2008-02-03","80",,
France,"2013-07-28","1",,
Mexico,"2007-09-30","1183","0.345",
Switzerland,"2014-12-21","100",,
Germany,"2007-03-18","1110",,
Peru,"2010-09-19","197",,
Poland,"2010-01-31","36",,
Australia,"2004-08-01",NA,,
New Zealand,"2008-08-24","102",,
Peru,"2005-05-29","307",,
Japan,"2003-06-15",NA,,
Uruguay,"2006-10-22","135",,
Canada,"2009-08-16","1121",,
Argentina,"2008-06-22","411","0.014",
Chile,"2005-04-03","3",,
Japan,"2011-03-06","220",,
New Zealand,"2015-05-24","19",,
Peru,"2014-11-30","124",,
Spain,"2008-12-28","420",,
Romania,"2009-06-28","546",,
Mexico,"2011-01-23","1576","0.048",
Hungary,"2013-05-19","29",,
Russia,"2010-06-27","223",,
Paraguay,"2011-05-22","230",,
South Africa,"2014-10-05","2999",,
Sweden,"2014-08-24","4",,
Chile,"2006-12-31","3",,
Brazil,"2012-09-30","150","0.043",
Australia,"2010-05-09","280",,
Russia,"2010-03-28","389",,
Chile,"2003-05-04","4",,
Australia,"2005-04-10",NA,,
Peru,"2013-05-26","144",,
Japan,"2009-12-06","577",,
Argentina,"2014-02-09","70","0.149",
Romania,"2003-01-19",NA,,
Hungary,"2010-03-21","53",,
Paraguay,"2004-01-18",NA,,
Chile,"2014-12-07","6",,
Sweden,"2010-01-24","3",,
Peru,"2011-10-30","128",,
Russia,"2011-07-24","144",,
Poland,"2004-10-24","57",,
Poland,"2008-08-10","9",,
France,"2013-08-11","2",,
Bolivia,"2007-07-22","355","0.018",
Germany,"2004-12-12","1133",,
Mexico,"2006-05-14","909","0.064",
Hungary,"2014-01-12","76",,
Mexico,"2014-11-02","1524","0.451",
Peru,"2007-05-13","289",,
Romania,"2004-12-26","720",,
Romania,"2011-08-21","472",,
Argentina,"2004-02-22","114","0.041",
Romania,"2004-06-27","689",,
Hungary,"2010-09-26","65",,
Russia,"2015-01-11","785",,
Poland,"2013-11-03","25",,
France,"2004-02-29","16",,
Netherlands,"2012-09-30","44",,
Poland,"2013-06-09","13",,
Chile,"2012-05-27","19",,
New Zealand,"2004-02-01",NA,,
Belgium,"2007-12-09","127",,
Norway,"2007-04-29","16",,
Spain,"2014-04-27","21",,
Austria,"2012-07-22","443",,
United States,"2006-03-12","2170",,
Uruguay,"2012-10-14","101",,
United States,"2004-04-25","722",,
Hungary,"2012-09-23","57",,
Hungary,"2008-08-03","32",,
Canada,"2005-08-14","665",,
Peru,"2011-09-04","182",,
United States,"2010-07-18","737",,
Poland,"2007-06-10","16",,
South Africa,"2003-11-30",NA,,
Bulgaria,"2014-07-06","199",,
Romania,"2015-03-08","1072",,
Australia,"2013-09-22","438",,
United States,"2011-05-08","965",,
United States,"2004-05-30","650",,
Brazil,"2011-07-31","151","0.066",
Australia,"2006-04-16","281",,
France,"2005-10-30","42",,
Belgium,"2008-12-14","131",,
Belgium,"2005-08-07","22",,
Canada,"2003-04-13",NA,,
Romania,"2004-03-21","770",,
Bolivia,"2008-07-06","321","0.021",
France,"2015-03-22","43",,
Paraguay,"2015-06-21","566",,
Sweden,"2003-02-02",NA,,
New Zealand,"2011-10-23","25",,
South Africa,"2011-11-20","1622",,
Sweden,"2007-06-17","1",,
Sweden,"2013-11-24","4",,
South Africa,"2008-11-16","1920",,
Australia,"2006-04-30","367",,
Switzerland,"2010-12-12","45",,
Russia,"2005-06-19","158",,
Uruguay,"2013-11-10","84",,
Australia,"2007-07-01","1065",,
United States,"2015-07-26","666",,
Peru,"2003-04-27","567",,
Australia,"2014-07-20","1259",,
Chile,"2010-10-24","8",,
Bulgaria,"2006-07-30","564",,
Netherlands,"2011-07-31","10",,
Poland,"2009-10-04","54",,
Uruguay,"2004-01-25","108",,
Ukraine,"2010-12-12","716",,
Norway,"2013-06-02","26",,
Romania,"2012-05-13","471",,
New Zealand,"2010-04-11","16",,
Bulgaria,"2007-01-21","3592",,
Norway,"2014-03-09","82",,
Japan,"2012-07-08","8",,
Germany,"2004-05-23","606",,
France,"2005-10-09","75",,
Canada,"2005-03-13","2786",,
Hungary,"2014-01-05","60",,
Hungary,"2009-08-09","49",,
Paraguay,"2006-02-12","224",,
United States,"2015-01-25","3998",,
Austria,"2010-01-03","735",,
Bolivia,"2009-11-29","191","0.038",
Hungary,"2007-03-11","71",,
Bulgaria,"2014-12-14","470",,
Chile,"2010-11-14","5",,
Austria,"2014-06-08","632",,
Japan,"2008-07-27","2",,
Romania,"2014-03-30","823",,
Norway,"2010-03-14","52",,
Bulgaria,"2013-08-25","167",,
France,"2005-11-13","72",,
Austria,"2013-09-29","1060",,
Austria,"2013-10-20","927",,
Argentina,"2005-11-20","147","0.022",
Canada,"2003-03-16",NA,,
Hungary,"2014-04-06","59",,
Sweden,"2003-07-20",NA,,
Hungary,"2011-09-11","36",,
Mexico,"2009-05-17","801","0.151",
South Africa,"2011-12-04","1973",,
Germany,"2007-04-22","560",,
Argentina,"2011-05-01","120","0.072",
Sweden,"2011-06-05","1",,
Argentina,"2003-07-06","325","0.034",
South Africa,"2010-08-15","3772",,
Ukraine,"2009-07-05","197",,
Mexico,"2006-09-03","856","0.126",
Poland,"2013-02-24","70",,
Bulgaria,"2007-02-18","1150",,
Brazil,"2004-10-03","249","0.021",
France,"2006-07-16","6",,
Canada,"2015-08-02","730",,
Chile,"2012-09-16","11",,
United States,"2012-05-20","1537",,
Russia,"2007-09-02","178",,
United States,"2009-01-18","2191",,
Brazil,"2013-04-14","218","0.488",
Brazil,"2011-02-27","150","0.295",
Bulgaria,"2005-09-18","552",,
Germany,"2015-06-07","434",,
Ukraine,"2012-08-26","329",,
Paraguay,"2011-10-23","138",,
New Zealand,"2015-06-21","35",,
Ukraine,"2005-01-16",NA,,
Mexico,"2003-08-31",NA,"0.084",
Hungary,"2013-08-18","34",,
Belgium,"2012-12-09","129",,
Chile,"2010-02-21","1",,
Romania,"2008-04-13","771",,
France,"2004-07-25","4",,
Spain,"2015-02-22","198",,
Brazil,"2008-07-20","273","0.028",
Bolivia,"2010-04-18","262","0.036",
Peru,"2004-07-04","373",,
Mexico,"2013-10-13","1266","0.53",
Chile,"2011-01-30","2",,
Chile,"2008-05-25","11",,
Paraguay,"2010-04-11","262",,
Mexico,"2008-02-24","1615","0.058",
Romania,"2013-05-12","546",,
Netherlands,"2004-10-03","29",,
Australia,"2011-03-06","210",,
Hungary,"2005-11-06","66",,
Austria,"2008-01-13","1638",,
Bolivia,"2009-11-01","246","0.037",
Norway,"2014-11-16","70",,
Switzerland,"2012-08-26","19",,
New Zealand,"2006-02-12","11",,
Bulgaria,"2010-10-17","673",,
Argentina,"2010-05-23","186","0.06",
Bolivia,"2014-03-16","190","0.035",
United States,"2008-11-02","1747",,
South Africa,"2008-03-02","2161",,
Japan,"2004-08-01","1",,
Belgium,"2013-02-17","753",,
Australia,"2003-06-15",NA,,
United States,"2003-04-06",NA,,
Switzerland,"2005-01-16","260",,
Hungary,"2012-12-02","43",,
Peru,"2005-07-17","296",,
Poland,"2009-11-08","251",,
Japan,"2005-04-10","55",,
Japan,"2010-05-09","6",,
Austria,"2004-09-19","587",,
Australia,"2009-12-06","90",,
United States,"2013-06-23","966",,
Netherlands,"2008-07-20","16",,
Norway,"2010-11-21","70",,
France,"2003-07-27",NA,,
Poland,"2013-06-30","13",,
Netherlands,"2011-02-27","34",,
South Africa,"2007-01-28","1662",,
Netherlands,"2013-04-14","31",,
Canada,"2007-11-25","1911",,
Uruguay,"2012-03-18","62",,
Switzerland,"2009-07-05","23",,
Bulgaria,"2007-10-07","504",,
Australia,"2012-07-08","1977",,
Chile,"2011-04-17","5",,
Paraguay,"2008-08-24","282",,
Belgium,"2005-10-02","80",,
Switzerland,"2003-04-20",NA,,
Sweden,"2006-10-08","2",,
Netherlands,"2006-08-20","16",,
South Africa,"2007-12-23","1944",,
Austria,"2007-12-16","1052",,
Paraguay,"2015-05-24","334",,
Hungary,"2008-12-21","76",,
Hungary,"2003-09-14",NA,,
Switzerland,"2003-11-16","19",,
Sweden,"2004-05-02",NA,,
Spain,"2008-06-08","8",,
New Zealand,"2011-05-22","28",,
Russia,"2014-09-07","604",,
Peru,"2012-02-26","90",,
Bulgaria,"2010-02-07","600",,
Bolivia,"2012-11-18","178","0.01",
France,"2007-02-04","567",,
New Zealand,"2004-01-18",NA,,
Bulgaria,"2013-12-08","443",,
Poland,"2010-12-19","42",,
Austria,"2009-03-29","722",,
Canada,"2007-02-25","3006",,
Australia,"2008-07-27","657",,
France,"2013-03-17","44",,
Poland,"2009-06-14","20",,
Japan,"2006-04-16","7",,
Spain,"2009-04-19","14",,
Spain,"2008-05-11","15",,
South Africa,"2014-03-23","2852",,
Austria,"2013-07-14","490",,
Argentina,"2007-09-30","180","0.036",
Peru,"2003-01-26","241",,
France,"2014-02-16","341",,
France,"2006-12-24","198",,
South Africa,"2008-03-09","2029",,
Japan,"2013-09-22","8",,
Brazil,"2006-08-20","312","0.043",
Chile,"2006-12-03","3",,
Bolivia,"2007-08-26","585","0.014",
Japan,"2007-07-01","2",,
Mexico,"2004-01-04","1108","0.041",
Japan,"2014-07-20","6",,
Ukraine,"2003-11-16",NA,,
Paraguay,"2004-02-01",NA,,
Mexico,"2015-03-01","1686","0.112",
Norway,"2006-10-15","25",,
Ukraine,"2003-04-20",NA,,
Argentina,"2005-07-03","273","0.019",
Chile,"2015-01-04","5",,
Japan,"2006-04-30","8",,
Belgium,"2014-08-31","29",,
Canada,"2007-04-01","1588",,
Bolivia,"2005-03-27","412","0.03",
Germany,"2009-11-29","1042",,
Bulgaria,"2014-07-20","174",,
Australia,"2006-07-30","742",,
Switzerland,"2007-07-08","13",,
Uruguay,"2015-03-15","88",,
Mexico,"2014-02-09","1773","0.128",
Switzerland,"2002-12-29",NA,,
Bulgaria,"2007-07-01","452",,
Paraguay,"2010-10-31","195",,
Argentina,"2011-01-23","65","0.063",
Bulgaria,"2006-04-30","743",,
Peru,"2007-04-29","285",,
Sweden,"2005-05-22",NA,,
Sweden,"2004-09-05",NA,,
Switzerland,"2008-01-27","291",,
Paraguay,"2007-05-27","374",,
New Zealand,"2011-04-03","18",,
Norway,"2007-05-13","15",,
France,"2015-08-09","2",,
France,"2008-03-16","35",,
Romania,"2015-05-17","598",,
Mexico,"2008-06-22","703","0.109",
Bulgaria,"2006-04-16","812",,
Paraguay,"2015-06-28","535",,
United States,"2004-09-12","826",,
Australia,"2014-07-06","927",,
Switzerland,"2014-05-18","29",,
Switzerland,"2013-02-10","669",,
Netherlands,"2010-11-28","30",,
Bolivia,"2004-05-23","583","0.026",
Norway,"2011-10-30","52",,
Bulgaria,"2013-09-22","214",,
Canada,"2007-12-09","2156",,
Hungary,"2009-09-27","130",,
United States,"2012-04-22","1729",,
Norway,"2013-05-26","36",,
Belgium,"2009-08-16","50",,
Japan,"2010-02-07","74",,
Ukraine,"2014-05-18","222",,
Ukraine,"2013-02-10","552",,
Germany,"2008-07-06","433",,
Australia,"2013-08-25","932",,
Spain,"2003-11-09","141",,
Sweden,"2008-01-20","4",,
Austria,"2013-02-03","2141",,
South Africa,"2015-03-29","2349",,
Australia,"2014-12-14","164",,
New Zealand,"2014-05-04","35",,
Austria,"2007-08-05","462",,
Hungary,"2010-05-30","44",,
Russia,"2011-09-18","510",,
Japan,"2013-12-08","167",,
Brazil,"2010-11-28","148","0.102",
Argentina,"2014-11-02","107","0.029",
Norway,"2014-11-30","63",,
South Africa,"2011-07-10","3161",,
Ukraine,"2008-01-27","621",,
Mexico,"2004-02-22","974","0.033",
Chile,"2009-04-12","5",,
Sweden,"2009-03-08","3",,
Norway,"2010-09-19","71",,
Australia,"2007-01-21","99",,
South Africa,"2003-05-11",NA,,
Ukraine,"2002-12-29",NA,,
Argentina,"2006-05-14","183","0.024",
Poland,"2003-03-09",NA,,
Ukraine,"2007-07-08","197",,
Norway,"2005-05-29","23",,
Uruguay,"2005-06-26","143",,
Belgium,"2005-03-13","330",,
Peru,"2010-03-14","151",,
New Zealand,"2008-03-23","17",,
Austria,"2012-05-06","551",,
Bulgaria,"2010-05-09","334",,
Bulgaria,"2005-04-10","881",,
Uruguay,"2014-04-13","78",,
New Zealand,"2012-01-29","10",,
Japan,"2007-10-07","6",,
South Africa,"2013-07-07","3222",,
Sweden,"2014-09-14","3",,
Hungary,"2007-12-30","293",,
United States,"2009-11-15","3587",,
Peru,"2014-03-09","109",,
Belgium,"2003-03-16",NA,,
Hungary,"2012-01-08","60",,
Bolivia,"2004-12-12","389","0.016",
Germany,"2007-07-22","422",,
Austria,"2012-08-19","433",,
Romania,"2007-11-18","761",,
Bulgaria,"2004-08-01",NA,,
Romania,"2005-06-05","598",,
Chile,"2013-09-01","21",,
Hungary,"2004-04-04",NA,,
Switzerland,"2012-06-03","11",,
Peru,"2013-06-02","143",,
Japan,"2010-10-17","17",,
Mexico,"2005-11-20","1311","0.105",
Russia,"2014-08-03","254",,
South Africa,"2011-11-27","1695",,
Ukraine,"2012-06-03","227",,
Canada,"2008-12-14","2133",,
Canada,"2005-08-07","745",,
Belgium,"2003-04-13",NA,,
Romania,"2007-04-08","751",,
Spain,"2012-02-05","155",,
Japan,"2005-09-18","2",,
Norway,"2003-04-27",NA,,
Belgium,"2005-08-14","18",,
Poland,"2015-05-03","23",,
South Africa,"2007-03-25","2124",,
Sweden,"2005-02-06",NA,,
Hungary,"2009-05-10","43",,
Spain,"2009-07-12","31",,
Bolivia,"2007-03-18","425","0.127",
Spain,"2013-06-16","9",,
Hungary,"2014-08-10","28",,
Poland,"2004-04-11",NA,,
Russia,"2011-01-02","890",,
France,"2005-12-18","120",,
Paraguay,"2006-01-29","258",,
Romania,"2009-10-11","776",,
Norway,"2011-09-04","48",,
United States,"2012-09-02","1374",,
New Zealand,"2004-08-29",NA,,
Japan,"2007-02-18","478",,
Australia,"2007-11-11","202",,
Paraguay,"2006-11-05","277",,
Australia,"2005-09-11",NA,,
Bolivia,"2012-03-18","235","0.061",
Canada,"2004-10-31","2207",,
Mexico,"2010-12-19","1974","0.06",
United States,"2003-12-14","7276",,
France,"2011-02-20","61",,
Switzerland,"2006-12-10","26",,
Switzerland,"2013-01-06","280",,
United States,"2012-01-22","2475",,
Belgium,"2008-09-21","75",,
Romania,"2012-11-11","641",,
France,"2009-08-30","53",,
Australia,"2003-01-12",NA,,
Ukraine,"2008-10-12","490",,
Austria,"2009-03-01","1141",,
Australia,"2008-05-18","487",,
Russia,"2006-03-26","442",,
Japan,"2012-06-17","6",,
Belgium,"2012-10-07","70",,
Ukraine,"2011-05-29","196",,
Chile,"2012-04-01","6",,
Sweden,"2012-01-29","8",,
New Zealand,"2014-09-14","95",,
Brazil,"2007-12-23","178","0.15",
Ukraine,"2009-04-05","390",,
Uruguay,"2014-03-16","83",,
Netherlands,"2008-03-09","42",,
Romania,"2008-02-17","970",,
Switzerland,"2009-05-03","38",,
Belgium,"2013-05-05","39",,
Uruguay,"2009-11-01","90",,
Peru,"2009-06-21","242",,
Russia,"2009-02-08","754",,
Sweden,"2008-03-23","5",,
Peru,"2011-10-16","131",,
Belgium,"2005-05-08","67",,
Hungary,"2008-08-31","35",,
Netherlands,"2014-03-23","34",,
Switzerland,"2010-02-28","16",,
Argentina,"2007-08-19","256","0.017",
Uruguay,"2010-04-18","86",,
Ukraine,"2009-05-03","355",,
Australia,"2010-01-10","61",,
Ukraine,"2010-02-28","361",,
Sweden,"2004-08-29",NA,,
Germany,"2006-11-12","1044",,
Belgium,"2012-04-29","29",,
Switzerland,"2011-05-29","6",,
France,"2004-01-11","44",,
Poland,"2004-01-04",NA,,
Austria,"2006-04-02","851",,
Poland,"2015-03-01","206",,
Russia,"2010-05-16","356",,
Spain,"2008-05-04","14",,
Switzerland,"2009-04-05","25",,
Spain,"2005-10-16","41",,
Ukraine,"2006-12-10","421",,
Hungary,"2013-03-24","89",,
Ukraine,"2013-01-06","471",,
New Zealand,"2005-02-06",NA,,
Brazil,"2014-03-23","162","0.222",
Switzerland,"2008-10-12","24",,
Belgium,"2004-03-28","43",,
Argentina,"2004-12-19","89","0.014",
Spain,"2005-01-09","538",,
Bulgaria,"2003-10-05",NA,,
Japan,"2013-11-17","81",,
Mexico,"2009-06-14","787","0.098",
Brazil,"2008-03-09","237","0.335",
Canada,"2004-02-15","1700",,
South Africa,"2006-08-20","3002",,
Australia,"2004-09-26",NA,,
Chile,"2014-12-21","4",,
Netherlands,"2007-12-23","44",,
South Africa,"2011-02-27","2062",,
Netherlands,"2007-01-28","37",,
South Africa,"2013-04-14","2381",,
Australia,"2006-08-06","765",,
Germany,"2006-05-28","573",,
Uruguay,"2005-03-27","81",,
Norway,"2011-08-07","20",,
Chile,"2004-08-22","3",,
Bulgaria,"2010-03-07","584",,
Germany,"2014-06-01","468",,
Russia,"2010-09-12","775",,
Paraguay,"2009-08-02","413",,
Sweden,"2011-04-03","3",,
Paraguay,"2004-06-13",NA,,
Canada,"2012-10-21","1909",,
Austria,"2011-04-24","499",,
Poland,"2003-08-31",NA,,
Japan,"2012-12-16","218",,
Uruguay,"2007-08-26","221",,
Russia,"2006-01-08","362",,
United States,"2003-08-24",NA,,
Germany,"2012-01-15","739",,
South Africa,"2008-07-20","3971",,
Germany,"2008-07-13","436",,
Argentina,"2009-03-22","118","0.436",
Romania,"2006-05-07","723",,
Mexico,"2013-02-24","1540","0.086",
Hungary,"2010-06-20","27",,
Brazil,"2011-12-04","114","0.08",
Romania,"2003-09-21","509",,
Brazil,"2010-08-15","223","0.103",
New Zealand,"2005-05-22",NA,,
Switzerland,"2003-12-07","110",,
Netherlands,"2008-03-02","52",,
Peru,"2004-06-06","385",,
New Zealand,"2004-09-05",NA,,
Romania,"2014-10-19","724",,
South Africa,"2004-10-03",NA,,
Australia,"2010-12-05","110",,
Bulgaria,"2004-05-09",NA,,
Ukraine,"2003-05-25",NA,,
Romania,"2010-08-08","552",,
Poland,"2009-05-17","39",,
Bulgaria,"2013-08-04","133",,
France,"2013-12-29","114",,
Norway,"2006-11-26","24",,
Poland,"2006-09-03","10",,
Mexico,"2013-06-30","858","0.212",
New Zealand,"2009-03-08","12",,
Bulgaria,"2009-07-19","269",,
Peru,"2009-04-26","250",,
Switzerland,"2003-05-25",NA,,
Australia,"2006-05-21","432",,
United States,"2015-02-15","2956",,
France,"2010-07-25","3",,
Peru,"2006-02-26","207",,
Peru,"2003-06-01","497",,
Mexico,"2009-11-08","1307","0.567",
Belgium,"2004-11-21","105",,
United States,"2007-10-21","1377",,
Chile,"2010-04-25","6",,
Uruguay,"2012-11-18","74",,
Brazil,"2007-01-28","167","0.145",
Ukraine,"2003-12-07",NA,,
Peru,"2011-12-18","87",,
France,"2007-05-20","7",,
Russia,"2011-12-25","433",,
Sweden,"2014-05-04","3",,
Bulgaria,"2008-10-05","735",,
Peru,"2013-04-07","148",,
Poland,"2008-02-24","126",,
Netherlands,"2011-12-04","43",,
Japan,"2014-02-23","3311",,
Poland,"2013-10-13","35",,
Canada,"2015-04-05","2029",,
Brazil,"2008-03-02","234","0.27",
Chile,"2003-03-23","1",,
Netherlands,"2010-08-15","14",,
New Zealand,"2008-01-20","7",,
Argentina,"2006-08-13","228","0.012",
Paraguay,"2007-01-07","181",,
Australia,"2006-02-19","197",,
Norway,"2007-10-14","34",,
Argentina,"2007-06-10","373","0.053",
Sweden,"2004-01-18",NA,,
Japan,"2008-10-05","7",,
Canada,"2005-05-15","1262",,
France,"2014-05-25","6",,
Peru,"2014-01-26","87",,
United States,"2014-03-30","1778",,
Belgium,"2010-08-22","17",,
Austria,"2005-01-23","1106",,
Paraguay,"2014-08-24","375",,
New Zealand,"2004-05-02",NA,,
Russia,"2008-02-10","776",,
Sweden,"2011-05-22","1",,
Romania,"2015-01-25","985",,
Australia,"2014-09-28","511",,
Canada,"2012-07-15","679",,
Ukraine,"2010-11-14","420",,
Bulgaria,"2014-02-23","643",,
Netherlands,"2007-03-25","40",,
Japan,"2009-07-19","31",,
France,"2008-11-09","39",,
Germany,"2013-11-10","736",,
Netherlands,"2011-11-27","46",,
Chile,"2010-12-12","3",,
Norway,"2009-11-22","152",,
New Zealand,"2006-10-08","13",,
United States,"2012-05-13","1624",,
Switzerland,"2010-10-24","19",,
Brazil,"2013-07-07","200","0.065",
France,"2005-02-27","179",,
Australia,"2003-02-09",NA,,
Hungary,"2011-08-28","27",,
Romania,"2015-07-26","502",,
Argentina,"2009-10-04","142","0.287",
France,"2005-11-27","83",,
Ukraine,"2010-10-24","488",,
Uruguay,"2004-05-23","166",,
Belgium,"2006-07-09","15",,
Japan,"2013-08-04","3",,
Australia,"2013-03-31","277",,
Peru,"2015-06-14","148",,
France,"2011-06-19","2",,
Austria,"2003-12-28","898",,
Canada,"2014-01-19","4830",,
Belgium,"2007-03-04","196",,
Japan,"2004-05-09","4",,
Germany,"2004-01-25","1190",,
Mexico,"2004-04-11","908","0.051",
Australia,"2006-03-05","278",,
Japan,"2010-03-07","17",,
United States,"2004-03-21","883",,
Brazil,"2011-11-27","120","0.079",
Mexico,"2015-05-03","1115","0.127",
Australia,"2006-11-19","178",,
Switzerland,"2010-11-14","24",,
Romania,"2004-05-30","599",,
Russia,"2008-06-15","193",,
Netherlands,"2013-07-07","18",,
Romania,"2011-05-08","589",,
Austria,"2009-12-20","857",,
Spain,"2003-07-13",NA,,
United States,"2015-03-08","2467",,
Bulgaria,"2012-12-16","313",,
Bolivia,"2015-03-15","222","0.025",
Russia,"2013-12-15","601",,
Spain,"2008-10-19","19",,
Brazil,"2007-03-25","252","0.317",
Poland,"2005-11-20","57",,
Canada,"2010-09-05","857",,
Romania,"2010-07-18","468",,
Paraguay,"2010-01-24","100",,
Austria,"2006-09-17","607",,
Hungary,"2011-04-10","49",,
Australia,"2013-04-21","272",,
Netherlands,"2003-05-11",NA,,
Argentina,"2010-01-31","65","0.21",
Japan,"2003-10-05",NA,,
Romania,"2004-04-25","671",,
Romania,"2006-03-12","813",,
France,"2006-01-22","131",,
Paraguay,"2013-11-24","202",,
Germany,"2006-10-22","883",,
Paraguay,"2007-06-17","483",,
Russia,"2013-10-06","653",,
Ukraine,"2012-05-27","240",,
Peru,"2009-09-20","230",,
Paraguay,"2003-02-02",NA,,
Sweden,"2015-06-21","2",,
Bulgaria,"2013-11-17","411",,
Poland,"2008-06-22","15",,
Switzerland,"2005-04-03","22",,
Hungary,"2008-04-20","50",,
Netherlands,"2011-07-10","11",,
Uruguay,"2007-03-18","98",,
Spain,"2012-11-25","26",,
France,"2004-02-08","22",,
United States,"2004-06-27","602",,
United States,"2011-08-21","717",,
Netherlands,"2015-03-29","38",,
Hungary,"2011-02-06","430",,
Peru,"2011-10-02","132",,
United States,"2004-12-26","2715",,
Russia,"2014-03-02","1002",,
Switzerland,"2006-12-31","47",,
Canada,"2003-08-03",NA,,
Russia,"2014-06-22","274",,
New Zealand,"2011-06-05","45",,
Switzerland,"2003-05-04",NA,,
Switzerland,"2014-12-07","92",,
Spain,"2015-04-19","18",,
Norway,"2005-05-01","31",,
Poland,"2014-02-09","54",,
Canada,"2007-09-09","933",,
Paraguay,"2003-07-20",NA,,
Ukraine,"2003-05-04",NA,,
United States,"2003-01-19",NA,,
Argentina,"2008-08-10","220","0.012",
Ukraine,"2006-12-31","425",,
Argentina,"2004-10-24","194","0.027",
South Africa,"2010-11-28","1865",,
Ukraine,"2014-12-07","455",,
Brazil,"2011-07-10","175","0.072",
Bulgaria,"2012-06-17","203",,
Mexico,"2003-03-09",NA,"0.096",
France,"2009-01-04","569",,
France,"2004-08-08","9",,
Uruguay,"2004-12-12","101",,
Brazil,"2003-05-11","336","0.067",
Norway,"2011-05-15","27",,
Poland,"2004-02-22",NA,,
Belgium,"2012-02-12","439",,
Argentina,"2013-06-09","218","0.067",
Switzerland,"2012-05-27","15",,
United States,"2009-06-28","1490",,
Sweden,"2006-02-12","11",,
Argentina,"2013-11-03","99","0.048",
Peru,"2007-07-29","229",,
Belgium,"2006-02-05","245",,
Norway,"2005-07-24","15",,
Spain,"2009-09-06","49",,
Canada,"2006-10-29","2048",,
Bolivia,"2014-04-13","190","0.03",
Spain,"2005-01-30","137",,
Austria,"2003-05-18",NA,,
Germany,"2012-10-14","923",,
Austria,"2005-07-10","512",,
Ukraine,"2005-04-03",NA,,
Brazil,"2015-03-29","215","0.753",
Bolivia,"2005-06-26","559","0.022",
Romania,"2009-04-05","830",,
Bulgaria,"2005-10-16","857",,
Uruguay,"2003-12-28","126",,
Paraguay,"2004-07-18",NA,,
United States,"2012-04-01","1801",,
Ukraine,"2008-02-17","903",,
New Zealand,"2013-09-08","110",,
Romania,"2011-05-29","583",,
Bulgaria,"2005-01-09","824",,
Spain,"2003-10-05","23",,
Peru,"2008-01-06","201",,
Argentina,"2011-03-13","77","0.202",
Russia,"2004-11-21","354",,
Japan,"2012-11-25","88",,
Hungary,"2010-12-19","73",,
Austria,"2004-05-23","454",,
Sweden,"2013-03-10","19",,
Sweden,"2014-11-09","4",,
Netherlands,"2006-10-15","25",,
Australia,"2006-04-09","324",,
Germany,"2014-06-08","382",,
Belgium,"2011-12-25","80",,
Argentina,"2009-02-22","91","0.108",
Uruguay,"2006-09-17","197",,
Mexico,"2008-08-31","799","0.157",
New Zealand,"2007-11-04","11",,
France,"2011-09-25","17",,
Germany,"2010-01-03","877",,
Chile,"2003-12-14","1",,
Ukraine,"2012-11-11","454",,
New Zealand,"2008-09-28","35",,
Chile,"2012-01-22","2",,
Japan,"2015-04-19","77",,
Romania,"2008-10-12","867",,
Poland,"2008-12-21","71",,
Uruguay,"2009-12-20","57",,
Poland,"2003-09-14",NA,,
New Zealand,"2011-06-12","42",,
Germany,"2013-09-29","862",,
Germany,"2013-10-20","783",,
New Zealand,"2008-03-30","17",,
Bulgaria,"2008-05-04","421",,
New Zealand,"2012-03-11","17",,
Norway,"2006-08-20","11",,
Switzerland,"2012-11-11","42",,
Uruguay,"2005-01-23","91",,
Belgium,"2010-09-12","54",,
New Zealand,"2010-06-13","41",,
Peru,"2008-02-03","190",,
Romania,"2006-12-10","962",,
Romania,"2013-01-06","662",,
Canada,"2012-06-10","819",,
New Zealand,"2009-12-27","14",,
United States,"2014-12-21","6911",,
Belgium,"2006-01-08","151",,
Peru,"2006-06-18","316",,
Japan,"2005-01-30","417",,
Bolivia,"2013-02-03","106","0.015",
Romania,"2010-02-28","657",,
Hungary,"2009-06-14","40",,
Paraguay,"2007-09-23","289",,
New Zealand,"2015-05-31","19",,
Paraguay,"2011-10-09","145",,
Japan,"2009-09-06","364",,
Romania,"2009-05-03","708",,
Peru,"2009-06-07","218",,
Mexico,"2013-03-24","1211","0.07",
Switzerland,"2008-02-17","140",,
Paraguay,"2007-07-15","533",,
Brazil,"2006-10-15","250","0.032",
Bolivia,"2007-08-05","393","0.022",
Peru,"2004-06-20","351",,
Ukraine,"2003-09-21",NA,,
Austria,"2004-12-12","810",,
Netherlands,"2014-11-16","34",,
South Africa,"2006-11-26","2376",,
Canada,"2011-07-03","409",,
Russia,"2012-04-29","504",,
Norway,"2004-10-03",NA,,
Spain,"2008-10-05","30",,
Ukraine,"2006-05-07","307",,
Poland,"2013-08-18","12",,
Ukraine,"2014-10-19","506",,
New Zealand,"2007-02-11","4",,
Canada,"2013-01-27","3939",,
Romania,"2003-05-25","613",,
Belgium,"2010-05-16","35",,
Ukraine,"2010-08-08","312",,
Bolivia,"2012-08-19","232","0.012",
Netherlands,"2010-11-21","28",,
Spain,"2009-07-19","52",,
Bolivia,"2012-05-06","232","0.037",
Poland,"2011-09-11","8",,
Norway,"2008-07-20","12",,
New Zealand,"2009-03-15","16",,
United States,"2004-08-22","676",,
Russia,"2004-03-28",NA,,
Australia,"2003-06-29",NA,,
Hungary,"2013-02-24","365",,
South Africa,"2011-08-07","3043",,
Mexico,"2010-06-20","687","0.118",
France,"2012-08-05","2",,
Australia,"2013-03-03","210",,
Norway,"2011-02-27","73",,
Uruguay,"2005-07-10","118",,
Norway,"2013-04-14","53",,
Chile,"2003-08-24","1",,
Australia,"2010-01-17","57",,
Germany,"2012-07-22","347",,
Uruguay,"2003-05-18","119",,
Argentina,"2010-04-04","109","0.181",
Peru,"2004-04-18","369",,
Poland,"2012-12-02","36",,
Paraguay,"2015-02-01","165",,
Sweden,"2004-12-05",NA,,
France,"2008-12-07","115",,
Hungary,"2009-11-08","233",,
Austria,"2007-03-18","901",,
Spain,"2004-05-09","16",,
Argentina,"2003-10-12","174","0.019",
Brazil,"2014-11-16","156","0.06",
Hungary,"2013-06-30","26",,
Russia,"2008-09-21","505",,
Spain,"2013-08-04","9",,
Belgium,"2006-03-26","147",,
United States,"2003-03-23",NA,,
Paraguay,"2005-01-02",NA,,
Canada,"2006-06-25","752",,
Argentina,"2013-07-21","187","0.022",
Russia,"2012-10-07","676",,
Peru,"2012-09-09","147",,
Japan,"2003-07-13",NA,,
Spain,"2010-03-07","10",,
Peru,"2014-07-13","134",,
Poland,"2005-11-06","66",,
Switzerland,"2010-08-08","9",,
Chile,"2015-02-15","3",,
Switzerland,"2014-10-19","62",,
Romania,"2003-12-07","1165",,
Canada,"2014-10-12","2243",,
Chile,"2007-10-21","4",,
United States,"2010-04-25","1149",,
Russia,"2013-05-05","440",,
Switzerland,"2003-09-21",NA,,
Brazil,"2010-11-21","159","0.121",
Japan,"2008-10-19","12",,
Russia,"2005-05-08","218",,
Belgium,"2009-02-08","438",,
Switzerland,"2006-05-07","14",,
Sweden,"2013-10-27","2",,
Netherlands,"2003-04-27",NA,,
Paraguay,"2010-07-11","198",,
South Africa,"2009-11-22","1960",,
Poland,"2012-01-08","31",,
Bulgaria,"2003-07-13",NA,,
Sweden,"2005-08-21",NA,,
Uruguay,"2006-04-02","95",,
Australia,"2013-09-15","542",,
Spain,"2012-12-16","29",,
Bulgaria,"2008-10-19","807",,
United States,"2010-12-12","2113",,
Austria,"2010-04-18","502",,
Germany,"2005-12-25","1212",,
Paraguay,"2012-11-04","132",,
Australia,"2003-08-10",NA,,
Chile,"2012-05-13","11",,
Russia,"2012-02-12","588",,
Poland,"2004-04-04",NA,,
Switzerland,"2015-07-26","19",,
Paraguay,"2004-11-14",NA,,
Canada,"2014-12-28","7362",,
Switzerland,"2010-07-18","8",,
Australia,"2013-01-20","122",,
Russia,"2006-02-05","329",,
Chile,"2014-03-30","11",,
Ukraine,"2015-01-25","486",,
Switzerland,"2011-05-08","6",,
Romania,"2010-11-14","681",,
Switzerland,"2004-05-30","6",,
South Africa,"2007-10-14","2251",,
Netherlands,"2011-09-04","15",,
Australia,"2008-11-23","202",,
Poland,"2007-12-30","48",,
Sweden,"2007-04-15","2",,
Ukraine,"2004-05-30",NA,,
Chile,"2004-03-21","3",,
Switzerland,"2015-01-25","684",,
Ukraine,"2011-05-08","245",,
Australia,"2009-05-31","986",,
Bolivia,"2004-09-19","512","0.011",
Uruguay,"2009-03-01","62",,
Hungary,"2004-04-11",NA,,
Poland,"2014-08-10","8",,
Chile,"2015-03-08","4",,
Belgium,"2013-10-06","60",,
Mexico,"2011-08-28","543","0.104",
Brazil,"2003-04-27","299","0.104",
Ukraine,"2010-07-18","207",,
Australia,"2003-10-26",NA,,
Australia,"2005-04-17",NA,,
France,"2010-06-06","3",,
Canada,"2011-12-11","2269",,
Austria,"2009-11-01","1108",,
Bolivia,"2008-01-13","239","0.022",
Canada,"2009-01-11","2439",,
New Zealand,"2006-09-10","44",,
Romania,"2010-10-24","687",,
Sweden,"2005-09-04",NA,,
France,"2014-05-11","6",,
Brazil,"2011-09-04","165","0.076",
Ukraine,"2015-07-26","200",,
Belgium,"2014-06-22","14",,
Hungary,"2015-05-03","34",,
Germany,"2010-08-01","316",,
Sweden,"2004-10-17",NA,,
Argentina,"2014-07-27","202","0.022",
Belgium,"2014-03-02","256",,
Austria,"2014-03-16","1317",,
Paraguay,"2011-03-27","235",,
Peru,"2011-07-31","129",,
Argentina,"2008-10-26","154","0.024",
Spain,"2014-02-23","54",,
Poland,"2009-05-10","50",,
Austria,"2012-11-18","817",,
Chile,"2004-06-27","10",,
Chile,"2011-08-21","13",,
France,"2011-11-13","39",,
South Africa,"2005-05-01",NA,,
Bulgaria,"2009-09-06","339",,
Russia,"2006-07-09","178",,
Bulgaria,"2005-01-30","1058",,
Netherlands,"2013-05-26","19",,
Chile,"2004-12-26","1",,
Mexico,"2008-04-20","1006","0.081",
Paraguay,"2010-08-29","277",,
New Zealand,"2013-12-01","20",,
Sweden,"2006-07-02","1",,
Mexico,"2011-04-10","861","0.085",
Bolivia,"2009-03-29","383","0.301",
Australia,"2011-11-06","235",,
Poland,"2009-09-27","68",,
Russia,"2007-03-04","612",,
Ukraine,"2006-03-12","370",,
Netherlands,"2014-11-30","40",,
Spain,"2012-06-17","10",,
Paraguay,"2015-01-18","153",,
Belgium,"2008-06-15","23",,
Brazil,"2011-10-30","141","0.09",
Australia,"2008-11-30","184",,
Ukraine,"2004-04-25",NA,,
Netherlands,"2005-05-29","14",,
Mexico,"2011-02-06","1434","0.045",
Belgium,"2013-12-15","102",,
Argentina,"2005-03-06","97","0.014",
Romania,"2012-05-27","488",,
New Zealand,"2004-11-28",NA,,
Netherlands,"2010-09-19","32",,
Bolivia,"2007-12-16","261","0.011",
Brazil,"2007-05-13","362","0.253",
Chile,"2009-06-28","213",,
New Zealand,"2013-12-22","16",,
Romania,"2005-04-03","914",,
Argentina,"2011-01-09","63","0.041",
Austria,"2007-08-26","463",,
Uruguay,"2011-04-24","75",,
Austria,"2005-03-27","623",,
Belgium,"2008-02-10","251",,
Canada,"2005-02-13","3274",,
Sweden,"2012-02-19","23",,
Japan,"2008-05-04","7",,
Switzerland,"2006-03-12","148",,
Russia,"2010-08-22","324",,
Peru,"2012-09-30","133",,
Brazil,"2013-05-26","203","0.147",
Switzerland,"2004-04-25","9",,
Hungary,"2003-03-09",NA,,
Germany,"2011-02-13","1244",,
France,"2009-02-15","56",,
Canada,"2006-04-23","1632",,
South Africa,"2005-07-24",NA,,
France,"2014-04-20","11",,
Bulgaria,"2015-04-19","456",,
Romania,"2014-12-07","685",,
Bolivia,"2013-07-14","166","0.002",
Chile,"2003-01-19","0",,
Japan,"2005-01-09","46",,
Brazil,"2005-05-29","350","0.067",
Netherlands,"2007-05-13","16",,
Japan,"2005-10-16","6",,
Brazil,"2010-09-19","176","0.096",
Sweden,"2006-06-11","2",,
Romania,"2003-05-04","655",,
Romania,"2006-12-31","1293",,
France,"2015-07-19","1",,
South Africa,"2011-05-15","3052",,
Brazil,"2014-11-30","138","0.052",
New Zealand,"2005-04-24",NA,,
Netherlands,"2011-10-30","36",,
Poland,"2010-05-30","12",,
Spain,"2013-11-17","25",,
Bulgaria,"2012-11-25","415",,
France,"2013-04-28","8",,
Norway,"2010-11-28","71",,
Chile,"2009-01-18","2",,
Uruguay,"2007-08-05","219",,
Romania,"2005-01-16","779",,
Poland,"2010-06-20","11",,
Australia,"2015-04-26","424",,
Romania,"2012-08-26","534",,
Sweden,"2004-11-28",NA,,
Brazil,"2011-08-07","159","0.073",
Paraguay,"2011-06-26","228",,
United States,"2010-02-21","1968",,
Germany,"2008-08-17","365",,
Mexico,"2011-09-11","657","0.111",
Hungary,"2009-05-17","40",,
Switzerland,"2013-05-12","31",,
Australia,"2012-12-30","155",,
Uruguay,"2013-02-03","56",,
Ukraine,"2008-04-13","300",,
Spain,"2007-10-07","36",,
Hungary,"2006-09-03","47",,
Sweden,"2013-12-01","4",,
Brazil,"2006-11-26","221","0.052",
Romania,"2009-07-05","560",,
New Zealand,"2006-07-02","102",,
Peru,"2009-08-23","215",,
Mexico,"2013-08-18","837","0.339",
Norway,"2010-08-15","35",,
Germany,"2005-12-04","1228",,
Spain,"2010-10-17","15",,
Paraguay,"2003-09-28",NA,,
Russia,"2014-08-31","424",,
Hungary,"2003-08-31",NA,,
United States,"2012-09-16","1737",,
Chile,"2012-05-20","16",,
Norway,"2011-12-04","70",,
France,"2012-07-29","2",,
Canada,"2005-06-12","777",,
Bolivia,"2005-01-23","272","0.029",
Bolivia,"2009-12-20","144","0.018",
Russia,"2005-10-02","300",,
Netherlands,"2011-08-07","10",,
Japan,"2012-02-05","1821",,
Spain,"2005-09-18","26",,
Sweden,"2005-04-24",NA,,
Chile,"2013-06-23","61",,
Norway,"2007-01-28","133",,
Argentina,"2008-06-29","372","0.014",
Peru,"2009-05-24","247",,
Hungary,"2008-02-24","111",,
Bolivia,"2006-09-17","350","0.007",
Canada,"2010-05-02","854",,
South Africa,"2010-11-21","1817",,
Bulgaria,"2015-02-22","1121",,
Peru,"2004-03-07","231",,
Hungary,"2013-10-13","52",,
Canada,"2010-10-03","1552",,
New Zealand,"2006-06-11","28",,
Austria,"2015-03-15","1618",,
Mexico,"2005-11-06","1294","0.147",
Japan,"2013-06-16","7",,
Norway,"2008-03-02","56",,
United States,"2011-01-30","3601",,
United States,"2008-05-25","828",,
New Zealand,"2012-02-19","13",,
Japan,"2009-07-12","32",,
Switzerland,"2008-04-13","23",,
Ukraine,"2013-05-12","230",,
Belgium,"2014-09-07","45",,
Argentina,"2006-09-24","227","0.017",
France,"2006-07-23","5",,
Spain,"2007-02-18","97",,
France,"2014-02-02","286",,
Argentina,"2009-01-25","89","0.027",
Sweden,"2013-12-22","5",,
Mexico,"2012-12-02","1570","0.162",
South Africa,"2014-11-16","2346",,
Chile,"2008-11-02","4",,
Netherlands,"2006-11-26","27",,
Argentina,"2012-03-25","92","0.058",
Bolivia,"2003-12-28","319","0.01",
Chile,"2003-04-06","1",,
Mexico,"2008-12-21","1450","0.057",
Peru,"2010-07-04","175",,
Germany,"2008-09-14","816",,
Canada,"2005-12-11","2321",,
Mexico,"2003-09-14",NA,"0.165",
Australia,"2014-11-23","165",,
Russia,"2013-02-17","1668",,
Poland,"2008-08-31","8",,
Australia,"2015-02-08","169",,
United States,"2011-04-17","1126",,
Paraguay,"2003-09-07",NA,,
Bulgaria,"2009-04-19","482",,
Bulgaria,"2008-05-11","409",,
Australia,"2004-05-16",NA,,
Australia,"2015-07-12","1135",,
Paraguay,"2003-02-16",NA,,
New Zealand,"2013-10-27","35",,
Norway,"2007-12-23","32",,
Paraguay,"2004-08-15",NA,,
Peru,"2003-11-23","327",,
New Zealand,"2005-08-21",NA,,
Japan,"2003-11-09","17",,
Bulgaria,"2008-06-08","402",,
Bolivia,"2005-07-10","350","0.011",
Romania,"2003-11-16","725",,
United States,"2006-12-03","1886",,
New Zealand,"2004-10-17",NA,,
Australia,"2007-05-06","362",,
Austria,"2014-04-13","822",,
Poland,"2013-03-24","65",,
Germany,"2005-09-25","916",,
Bolivia,"2003-05-18","539","0.053",
Canada,"2006-12-17","3008",,
Spain,"2010-02-07","10",,
Argentina,"2003-10-19","178","0.022",
Spain,"2013-12-08","38",,
United States,"2015-01-04","4647",,
Sweden,"2006-09-10","2",,
Austria,"2005-06-26","462",,
South Africa,"2006-10-15","2596",,
New Zealand,"2005-09-04",NA,,
Romania,"2003-04-20","726",,
Australia,"2006-06-04","406",,
Uruguay,"2012-05-06","86",,
Paraguay,"2007-12-02","263",,
Belgium,"2007-09-02","18",,
Germany,"2005-07-31","497",,
Peru,"2005-10-23","407",,
Norway,"2008-03-09","47",,
Uruguay,"2012-08-19","121",,
Germany,"2004-11-07","1118",,
New Zealand,"2007-04-15","12",,
Russia,"2012-12-09","786",,
Hungary,"2004-01-04",NA,,
Norway,"2014-03-23","85",,
Argentina,"2006-03-19","121","0.022",
Hungary,"2015-03-01","308",,
Canada,"2010-10-10","1486",,
Paraguay,"2014-08-17","368",,
Belgium,"2014-08-03","13",,
Argentina,"2013-05-19","156","0.096",
Ukraine,"2015-05-17","270",,
Poland,"2011-02-06","183",,
South Africa,"2011-10-30","1933",,
Russia,"2003-04-13",NA,,
Chile,"2004-09-12","3",,
Russia,"2005-08-14","105",,
Sweden,"2009-03-15","3",,
Netherlands,"2011-05-15","13",,
Uruguay,"2008-01-13","80",,
Argentina,"2010-03-21","98","0.229",
South Africa,"2007-05-13","2821",,
Hungary,"2014-02-09","218",,
Poland,"2011-04-10","27",,
Germany,"2006-08-27","595",,
Brazil,"2005-05-01","310","0.058",
Canada,"2005-06-19","944",,
Mexico,"2009-09-27","1178","1",
Belgium,"2011-01-02","551",,
Japan,"2008-06-08","3",,
Germany,"2014-06-29","420",,
Austria,"2012-03-18","972",,
Sweden,"2007-02-11","9",,
Bulgaria,"2003-11-09",NA,,
Netherlands,"2005-07-24","14",,
Bolivia,"2009-03-01","256","0.929",
Poland,"2008-04-20","40",,
Hungary,"2008-06-22","39",,
Uruguay,"2004-09-19","189",,
France,"2012-08-12","2",,
Romania,"2008-01-27","1305",,
Russia,"2005-03-13","358",,
South Africa,"2005-05-29",NA,,
South Africa,"2010-09-19","2312",,
Brazil,"2011-05-15","234","0.255",
Mexico,"2010-05-30","778","0.123",
Spain,"2006-04-16","33",,
Japan,"2009-04-19","48",,
Japan,"2008-05-11","6",,
Norway,"2003-05-11",NA,,
United States,"2009-04-12","1378",,
South Africa,"2014-11-30","2043",,
Romania,"2002-12-29",NA,,
Norway,"2011-07-10","22",,
Romania,"2007-07-08","557",,
Spain,"2013-09-22","29",,
Germany,"2008-04-27","664",,
France,"2003-06-22",NA,,
Argentina,"2012-09-23","161","0.027",
Germany,"2009-02-01","1864",,
Spain,"2014-07-20","9",,
Chile,"2012-04-22","8",,
Peru,"2014-10-05","118",,
Norway,"2015-03-29","29",,
Argentina,"2014-01-12","76","0.072",
Romania,"2014-05-18","616",,
Romania,"2013-02-10","880",,
Spain,"2007-07-01","12",,
Russia,"2003-03-16",NA,,
France,"2003-03-02",NA,,
Switzerland,"2015-05-17","25",,
Netherlands,"2005-05-01","18",,
New Zealand,"2004-12-05",NA,,
Spain,"2006-04-30","29",,
Bolivia,"2006-04-02","402","0.021",
Brazil,"2005-07-24","245","0.051",
South Africa,"2013-05-26","3439",,
Hungary,"2004-02-22",NA,,
Argentina,"2010-09-26","150","0.06",
Sweden,"2008-09-28","2",,
Chile,"2009-11-15","4",,
Bulgaria,"2009-07-12","248",,
Russia,"2009-08-16","224",,
Sweden,"2011-06-12","1",,
Mexico,"2007-12-30","1649","0.058",
Bulgaria,"2013-06-16","161",,
France,"2011-08-14","2",,
Sweden,"2008-03-30","5",,
Switzerland,"2007-04-08","15",,
New Zealand,"2014-11-09","28",,
United States,"2013-09-01","1085",,
Paraguay,"2007-06-03","454",,
Ukraine,"2007-11-18","512",,
Brazil,"2007-10-14","252","0.119",
Uruguay,"2013-07-14","130",,
Belgium,"2011-09-18","36",,
Ukraine,"2005-06-05",NA,,
Sweden,"2007-11-04","2",,
Germany,"2007-09-16","865",,
Norway,"2013-07-07","18",,
Argentina,"2008-08-03","201","0.012",
Canada,"2010-03-28","1255",,
Brazil,"2009-11-22","146","0.142",
Australia,"2014-04-27","390",,
Switzerland,"2009-10-11","50",,
Bulgaria,"2012-02-05","645",,
Mexico,"2004-04-04","871","0.051",
New Zealand,"2013-03-10","21",,
Paraguay,"2009-10-18","216",,
Canada,"2010-06-27","445",,
Germany,"2011-01-16","1148",,
Bolivia,"2011-04-24","253","0.094",
Mexico,"2012-01-08","1458","0.058",
Sweden,"2013-09-08","2",,
Japan,"2015-02-22","290",,
Germany,"2013-01-13","1033",,
Australia,"2008-12-28","174",,
Uruguay,"2007-12-16","107",,
Canada,"2015-01-11","5076",,
Germany,"2009-07-26","447",,
Mexico,"2009-05-10","876","0.103",
Argentina,"2007-03-11","118","0.694",
Peru,"2003-11-30","316",,
Netherlands,"2007-10-14","24",,
South Africa,"2011-09-04","2757",,
Spain,"2004-08-01","9",,
Canada,"2011-07-24","243",,
Hungary,"2005-11-20","52",,
Chile,"2012-09-02","13",,
Argentina,"2014-04-06","101","0.099",
Sweden,"2015-05-31","2",,
Ukraine,"2009-10-11","564",,
Poland,"2011-08-28","6",,
Peru,"2008-11-16","229",,
Romania,"2012-06-03","503",,
Sweden,"2009-12-27","3",,
Peru,"2011-11-20","118",,
Ukraine,"2007-04-08","299",,
Switzerland,"2005-06-05","11",,
Uruguay,"2009-03-29","79",,
Spain,"2005-04-10","24",,
Switzerland,"2007-11-18","33",,
Paraguay,"2003-03-30",NA,,
Norway,"2007-03-25","29",,
Spain,"2010-05-09","6",,
Sweden,"2012-03-11","50",,
Argentina,"2014-01-05","70","0.043",
Germany,"2003-12-21","950",,
South Africa,"2003-04-27",NA,,
Argentina,"2009-08-09","149","0.142",
Sweden,"2010-06-13","1",,
Norway,"2011-11-27","80",,
Netherlands,"2009-11-22","99",,
Mexico,"2014-08-10","829","0.173",
Canada,"2006-09-17","1427",,
Sweden,"2014-05-18","3",,
Sweden,"2013-02-10","67",,
Austria,"2010-09-05","578",,
Bolivia,"2010-05-02","246","0.032",
Russia,"2015-06-07","289",,
Argentina,"2013-04-14","106","0.176",
Ukraine,"2008-01-20","512",,
Argentina,"2011-02-27","62","0.087",
Hungary,"2013-04-07","62",,
Bolivia,"2010-10-03","312","0.021",
Poland,"2009-05-24","30",,
Belgium,"2004-11-07","63",,
Norway,"2010-04-04","36",,
Canada,"2009-12-20","1957",,
Poland,"2004-03-07",NA,,
Mexico,"2012-09-09","994","0.319",
Argentina,"2008-07-20","261","0.012",
Mexico,"2014-07-13","953","0.199",
United States,"2009-10-18","7112",,
Hungary,"2009-04-26","57",,
Belgium,"2005-09-25","68",,
Brazil,"2003-07-06","256","0.018",
Japan,"2012-07-29","8",,
Russia,"2007-04-22","364",,
Netherlands,"2010-05-23","11",,
Austria,"2014-01-19","1128",,
South Africa,"2009-03-22","2420",,
Switzerland,"2005-05-22","10",,
Canada,"2003-12-28","4950",,
Brazil,"2011-05-01","211","0.32",
New Zealand,"2003-12-07",NA,,
Switzerland,"2004-09-05","8",,
Sweden,"2008-01-27","7",,
Australia,"2006-01-15","136",,
Mexico,"2004-04-18","838","0.049",
Ukraine,"2009-03-08","717",,
United States,"2007-06-03","774",,
Hungary,"2006-02-26","121",,
Hungary,"2003-06-01",NA,,
Sweden,"2007-07-08","1",,
Argentina,"2004-10-03","184","0.022",
Paraguay,"2013-09-01","241",,
Hungary,"2011-12-18","50",,
Sweden,"2002-12-29",NA,,
Germany,"2007-09-02","602",,
Belgium,"2005-07-31","24",,
Switzerland,"2009-03-08","71",,
Peru,"2010-06-20","188",,
United States,"2003-03-30",NA,,
New Zealand,"2003-05-25",NA,,
Romania,"2007-02-11","1029",,
Hungary,"2004-06-06",NA,,
Norway,"2013-07-21","21",,
Ukraine,"2004-09-05",NA,,
France,"2012-02-05","195",,
Ukraine,"2005-05-22",NA,,
Poland,"2009-08-23","20",,
Norway,"2003-10-12",NA,,
Austria,"2012-07-15","487",,
Belgium,"2008-09-14","47",,
Uruguay,"2012-06-10","139",,
Japan,"2014-02-02","3099",,
Japan,"2006-07-23","3",,
Bolivia,"2005-06-12","428","0.03",
Canada,"2005-01-23","3276",,
France,"2009-07-12","11",,
Romania,"2009-03-15","990",,
Netherlands,"2003-07-06",NA,,
South Africa,"2006-08-13","3062",,
France,"2013-06-16","4",,
Austria,"2005-05-15","579",,
Netherlands,"2011-05-01","11",,
Switzerland,"2008-01-20","379",,
Spain,"2005-12-18","20",,
Bulgaria,"2011-08-14","142",,
Chile,"2006-01-29","2",,
Brazil,"2010-05-23","226","0.286",
Mexico,"2009-06-07","840","0.11",
Peru,"2013-03-24","131",,
Germany,"2014-09-07","587",,
Sweden,"2012-06-03","1",,
Romania,"2009-12-27","825",,
Mexico,"2004-06-20","669","0.05",
Australia,"2012-04-15","299",,
Netherlands,"2005-07-03","14",,
New Zealand,"2006-12-10","6",,
Canada,"2005-07-10","812",,
New Zealand,"2013-01-06","13",,
Chile,"2007-05-27","37",,
Ukraine,"2005-02-06",NA,,
Norway,"2009-02-22","83",,
Romania,"2010-06-13","507",,
Canada,"2003-05-18",NA,,
Chile,"2010-10-31","8",,
Bolivia,"2006-12-17","267","0.008",
Austria,"2006-10-29","646",,
Romania,"2012-03-11","950",,
Bulgaria,"2003-03-02",NA,,
Poland,"2005-10-23","88",,
Switzerland,"2014-09-14","48",,
United States,"2014-08-17","808",,
Bulgaria,"2003-06-22",NA,,
Uruguay,"2011-07-03","131",,
Bolivia,"2010-10-10","288","0.02",
Mexico,"2006-06-18","780","0.074",
Bulgaria,"2012-08-12","118",,
New Zealand,"2009-05-03","31",,
Uruguay,"2013-01-27","61",,
Netherlands,"2007-09-30","30",,
Romania,"2015-05-31","590",,
Spain,"2015-08-09","7",,
Chile,"2015-06-28","23",,
Mexico,"2008-02-03","1924","0.062",
Norway,"2011-03-13","48",,
New Zealand,"2010-02-28","12",,
Spain,"2008-03-16","26",,
Austria,"2007-09-09","564",,
Australia,"2014-06-15","719",,
Poland,"2010-07-04","9",,
Uruguay,"2006-06-25","155",,
South Africa,"2007-08-19","3900",,
Austria,"2003-08-03",NA,,
Romania,"2013-09-08","539",,
New Zealand,"2011-05-29","34",,
Hungary,"2009-06-21","34",,
Belgium,"2005-12-04","201",,
Brazil,"2005-07-03","277","0.042",
France,"2003-11-09","146",,
Uruguay,"2014-10-12","110",,
Peru,"2008-08-31","259",,
Australia,"2003-01-05",NA,,
Bolivia,"2005-12-11","365","0.015",
Ukraine,"2014-09-14","547",,
Hungary,"2011-10-16","52",,
New Zealand,"2009-04-05","14",,
Australia,"2005-02-20",NA,,
Australia,"2009-10-25","193",,
Paraguay,"2009-04-12","217",,
Romania,"2008-03-30","903",,
Brazil,"2007-09-30","250","0.059",
Romania,"2011-06-12","532",,
Switzerland,"2005-02-06","628",,
South Africa,"2004-12-19",NA,,
New Zealand,"2008-10-12","27",,
Romania,"2008-09-28","845",,
Belgium,"2008-08-17","15",,
Romania,"2007-11-04","786",,
Argentina,"2006-08-20","250","0.012",
Poland,"2003-11-23",NA,,
Mexico,"2008-01-06","1948","0.063",
Austria,"2004-02-15","824",,
Hungary,"2007-07-29","36",,
Netherlands,"2006-05-14","15",,
United States,"2003-02-16",NA,,
Chile,"2008-08-24","6",,
United States,"2003-09-07",NA,,
Norway,"2005-03-06","81",,
Uruguay,"2014-12-28","75",,
South Africa,"2010-01-31","1730",,
Paraguay,"2011-04-17","255",,
Belgium,"2003-12-21","265",,
United States,"2004-08-15","618",,
Romania,"2013-12-22","719",,
Netherlands,"2014-11-02","30",,
New Zealand,"2005-04-03",NA,,
Chile,"2015-05-24","12",,
Poland,"2014-10-05","37",,
Russia,"2009-11-29","994",,
Belgium,"2013-01-13","374",,
Spain,"2007-02-04","303",,
Canada,"2006-04-02","2169",,
Mexico,"2012-09-30","1085","0.323",
Romania,"2005-04-24","809",,
Australia,"2012-12-23","158",,
Belgium,"2009-07-26","80",,
France,"2008-06-08","8",,
New Zealand,"2006-12-31","12",,
Switzerland,"2011-06-05","6",,
New Zealand,"2003-05-04",NA,,
New Zealand,"2014-12-07","19",,
Brazil,"2011-01-23","121","0.15",
Ukraine,"2011-06-05","181",,
Peru,"2011-02-06","96",,
Spain,"2014-02-16","78",,
Spain,"2006-12-24","64",,
Japan,"2003-06-22",NA,,
Uruguay,"2011-12-11","55",,
Romania,"2013-12-01","670",,
South Africa,"2004-10-24",NA,,
Brazil,"2014-11-02","153","0.071",
Sweden,"2009-07-05","1",,
Uruguay,"2009-01-11","75",,
South Africa,"2008-08-10","3687",,
Argentina,"2010-11-28","106","0.063",
Hungary,"2011-10-02","47",,
Brazil,"2006-05-14","376","0.119",
Belgium,"2011-01-16","326",,
Spain,"2013-03-17","66",,
France,"2009-04-19","8",,
France,"2008-05-11","6",,
Japan,"2012-08-12","5",,
Sweden,"2012-08-26","2",,
New Zealand,"2012-05-27","46",,
Canada,"2009-03-01","3057",,
Romania,"2004-11-28","800",,
Peru,"2011-04-10","150",,
Russia,"2008-07-06","123",,
Chile,"2004-02-01","1",,
South Africa,"2013-06-09","3891",,
Netherlands,"2011-01-23","82",,
South Africa,"2013-11-03","2454",,
Paraguay,"2006-12-03","234",,
Sweden,"2005-01-16",NA,,
Hungary,"2009-09-20","152",,
Japan,"2003-03-02",NA,,
United States,"2007-12-02","1632",,
Bolivia,"2005-06-19","503","0.034",
Austria,"2004-10-31","660",,
Australia,"2004-10-10",NA,,
Paraguay,"2015-01-04","140",,
Belgium,"2007-09-16","55",,
Germany,"2011-09-18","506",,
Norway,"2011-01-09","625",,
Peru,"2008-04-20","284",,
Australia,"2008-06-01","448",,
Bulgaria,"2006-07-23","641",,
Bulgaria,"2014-02-02","1206",,
Bolivia,"2011-07-24","231","0.012",
Austria,"2015-04-05","1101",,
Spain,"2006-07-16","19",,
South Africa,"2007-06-10","3367",,
Mexico,"2011-07-31","581","0.106",
Russia,"2007-07-22","123",,
Australia,"2007-10-28","285",,
Poland,"2003-11-30",NA,,
Switzerland,"2004-05-02","8",,
Japan,"2011-08-14","3",,
Paraguay,"2012-09-16","189",,
Bolivia,"2015-01-11","130","0",
United States,"2003-09-28","902",,
Poland,"2011-11-20","27",,
France,"2015-02-22","943",,
Peru,"2011-08-28","157",,
Poland,"2008-11-16","37",,
Spain,"2004-07-25","15",,
Australia,"2006-10-01","274",,
Chile,"2011-10-23","4",,
Sweden,"2003-11-16",NA,,
Hungary,"2015-06-14","26",,
Sweden,"2003-04-20",NA,,
Switzerland,"2006-10-08","19",,
Australia,"2009-09-13","299",,
New Zealand,"2010-10-24","22",,
Belgium,"2009-02-01","797",,
Paraguay,"2010-02-21","104",,
Romania,"2006-09-10","639",,
Belgium,"2008-04-27","52",,
United States,"2011-06-26","651",,
Ukraine,"2006-10-08","350",,
Belgium,"2006-08-27","16",,
Norway,"2014-07-27","20",,
Chile,"2010-04-11","5",,
Norway,"2008-10-26","35",,
Germany,"2011-01-02","1218",,
Belgium,"2014-06-29","18",,
South Africa,"2009-10-04","2284",,
Bulgaria,"2012-07-29","117",,
Paraguay,"2011-01-30","124",,
Paraguay,"2008-05-25","398",,
Bolivia,"2010-06-27","229","0.019",
Hungary,"2014-01-26","106",,
Germany,"2014-08-03","330",,
Ukraine,"2004-05-02",NA,,
Canada,"2011-04-24","1011",,
Austria,"2012-10-21","909",,
New Zealand,"2010-11-14","16",,
Australia,"2015-05-10","610",,
Uruguay,"2006-04-23","89",,
Bolivia,"2010-03-28","258","0.047",
Uruguay,"2005-02-13","100",,
Spain,"2003-07-27",NA,,
United States,"2015-01-18","4580",,
Argentina,"2007-12-23","91","0.014",
Romania,"2005-09-04","662",,
New Zealand,"2003-04-20",NA,,
Sweden,"2010-10-24","2",,
Poland,"2008-02-03","109",,
France,"2012-11-25","54",,
Bulgaria,"2013-04-28","230",,
Mexico,"2005-10-23","1027","0.169",
Netherlands,"2004-12-19","33",,
Uruguay,"2005-06-12","140",,
Spain,"2006-01-22","32",,
Germany,"2009-02-08","1603",,
Romania,"2004-10-17","801",,
Poland,"2006-06-18","19",,
Chile,"2003-02-02","0",,
New Zealand,"2003-11-16",NA,,
Chile,"2013-11-24","6",,
Bulgaria,"2015-07-19","138",,
Chile,"2007-06-17","58",,
Bolivia,"2012-06-10","276","0.015",
Switzerland,"2011-05-22","8",,
Canada,"2007-08-05","648",,
Bulgaria,"2009-02-15","793",,
Romania,"2007-04-15","729",,
Australia,"2004-07-11",NA,,
France,"2015-04-19","9",,
Bulgaria,"2014-04-20","298",,
Switzerland,"2004-01-18","133",,
Canada,"2013-02-03","3230",,
Spain,"2004-02-08","16",,
Poland,"2009-06-07","22",,
Hungary,"2003-01-26",NA,,
Japan,"2011-09-25","6",,
Poland,"2004-06-20",NA,,
United States,"2010-08-29","924",,
Netherlands,"2007-08-19","14",,
Germany,"2006-03-26","899",,
Spain,"2009-01-04","267",,
Spain,"2004-08-08","13",,
Argentina,"2014-03-23","118","0.07",
Brazil,"2004-12-19","168","0.04",
Ukraine,"2004-01-18",NA,,
Austria,"2007-12-09","1010",,
South Africa,"2007-09-30","2291",,
Norway,"2006-03-19","42",,
Australia,"2003-08-17",NA,,
Poland,"2008-01-06","67",,
Mexico,"2003-11-23","880","0.127",
Hungary,"2012-02-26","295",,
Chile,"2003-07-20","4",,
Australia,"2009-12-13","80",,
Argentina,"2008-03-09","126","0.099",
Ukraine,"2011-05-22","217",,
Australia,"2015-04-12","449",,
Belgium,"2012-07-22","12",,
Sweden,"2010-11-14","2",,
Australia,"2003-06-08",NA,,
Romania,"2005-08-21","646",,
Norway,"2003-10-19",NA,,
Brazil,"2007-08-19","287","0.051",
Romania,"2013-10-27","662",,
Russia,"2006-11-12","305",,
Peru,"2008-12-21","152",,
Uruguay,"2010-10-03","139",,
Mexico,"2010-07-04","615","0.147",
Bulgaria,"2011-11-13","449",,
France,"2009-09-06","112",,
Germany,"2010-05-16","594",,
Uruguay,"2010-05-02","104",,
South Africa,"2005-07-03",NA,,
France,"2005-01-30","623",,
Peru,"2003-09-14","630",,
Argentina,"2010-08-15","187","0.039",
Sweden,"2006-12-31","5",,
Hungary,"2005-07-17","27",,
South Africa,"2003-07-06",NA,,
Netherlands,"2006-08-13","15",,
Poland,"2004-04-18",NA,,
Peru,"2012-12-02","120",,
Romania,"2006-06-11","705",,
Sweden,"2003-05-04",NA,,
Brazil,"2009-03-22","213","0.439",
Sweden,"2014-12-07","6",,
Argentina,"2011-12-04","62","0.029",
United States,"2004-11-14","1761",,
South Africa,"2011-05-01","2700",,
Spain,"2014-05-25","18",,
Bulgaria,"2014-05-11","295",,
Chile,"2014-08-24","17",,
Poland,"2012-09-09","8",,
Bolivia,"2014-10-12","210","0.017",
Russia,"2006-05-28","254",,
Ukraine,"2006-02-12","329",,
Uruguay,"2005-12-11","94",,
Hungary,"2004-07-04",NA,,
Mexico,"2004-03-07","1040","0.036",
United States,"2010-07-11","752",,
Spain,"2005-02-27","56",,
Switzerland,"2015-06-21","23",,
Japan,"2012-08-05","6",,
Sweden,"2005-04-03",NA,,
Poland,"2014-07-13","11",,
Russia,"2014-06-01","312",,
Peru,"2005-11-06","435",,
Bulgaria,"2010-06-06","304",,
Germany,"2010-09-12","835",,
Bolivia,"2006-06-25","335","0.028",
Austria,"2008-12-14","1086",,
Austria,"2005-08-07","455",,
Romania,"2012-02-19","832",,
United States,"2012-11-04","2492",,
Spain,"2008-11-09","26",,
Germany,"2006-01-08","1227",,
Russia,"2012-01-15","453",,
Paraguay,"2010-12-12","158",,
Russia,"2008-07-13","125",,
Mexico,"2009-05-24","758","0.144",
Norway,"2009-01-25","160",,
Belgium,"2014-06-08","21",,
Germany,"2011-12-25","920",,
Spain,"2011-06-19","4",,
Norway,"2012-03-25","79",,
Belgium,"2010-01-03","81",,
Bolivia,"2013-01-27","110","0.011",
Canada,"2012-08-19","726",,
New Zealand,"2012-08-26","101",,
Sweden,"2012-05-27","1",,
Argentina,"2008-03-02","92","0.058",
Switzerland,"2006-02-12","75",,
Bolivia,"2011-07-03","223","0.016",
United States,"2011-03-27","1589",,
Uruguay,"2010-10-10","138",,
Mexico,"2009-08-23","677","0.271",
Brazil,"2006-08-13","298","0.034",
Peru,"2013-08-18","152",,
Spain,"2005-11-27","30",,
Japan,"2008-12-07","183",,
Belgium,"2013-09-29","80",,
Belgium,"2013-10-20","60",,
South Africa,"2010-05-23","3121",,
Ukraine,"2015-06-21","206",,
Netherlands,"2009-03-22","26",,
Norway,"2006-09-24","24",,
New Zealand,"2005-01-16",NA,,
France,"2008-10-19","48",,
Uruguay,"2006-12-17","96",,
Peru,"2011-09-11","162",,
Australia,"2005-03-20",NA,,
Canada,"2012-05-06","1172",,
Chile,"2010-01-24","1",,
Australia,"2010-12-26","100",,
New Zealand,"2009-07-05","266",,
Norway,"2008-06-29","12",,
Argentina,"2007-01-28","106","0.077",
France,"2003-07-13",NA,,
Romania,"2006-07-02","641",,
Sweden,"2009-05-03","4",,
Chile,"2009-08-02","8",,
Paraguay,"2004-08-22",NA,,
Switzerland,"2008-03-23","59",,
Austria,"2007-11-25","882",,
Russia,"2013-11-10","474",,
Uruguay,"2005-06-19","159",,
Peru,"2014-08-10","141",,
Sweden,"2010-02-28","2",,
Ukraine,"2004-08-29",NA,,
Mexico,"2008-11-16","1285","0.148",
Argentina,"2013-07-07","216","0.029",
Norway,"2008-08-03","13",,
Mexico,"2011-11-20","1036","0.086",
Switzerland,"2012-01-29","86",,
Canada,"2004-09-19","1407",,
Chile,"2004-06-13","22",,
Sweden,"2006-12-10","3",,
Sweden,"2013-01-06","17",,
Spain,"2013-12-29","265",,
Brazil,"2007-06-10","406","0.18",
Bolivia,"2011-12-11","139","0.014",
Bulgaria,"2008-12-07","750",,
Canada,"2008-01-13","2474",,
Bolivia,"2009-01-11","192","0.231",
Germany,"2008-02-10","1599",,
Netherlands,"2009-10-04","52",,
Peru,"2009-05-10","246",,
Mexico,"2003-11-30","979","0.079",
New Zealand,"2012-06-03","47",,
Belgium,"2011-02-13","189",,
Poland,"2011-07-31","7",,
Hungary,"2014-03-09","187",,
Bulgaria,"2012-08-05","111",,
Norway,"2014-01-05","123",,
Japan,"2010-06-06","5",,
Peru,"2012-01-08","97",,
Spain,"2007-05-20","22",,
Norway,"2009-08-09","117",,
Germany,"2008-06-15","444",,
Romania,"2014-11-09","662",,
Australia,"2010-02-14","93",,
Argentina,"2011-11-27","68","0.041",
Germany,"2013-12-15","820",,
Sweden,"2008-10-12","2",,
Hungary,"2013-06-02","40",,
Spain,"2010-07-25","4",,
Peru,"2004-04-04","279",,
Paraguay,"2010-04-25","223",,
Argentina,"2007-03-25","131","0.561",
Sweden,"2011-05-29","1",,
Ukraine,"2012-01-29","376",,
Hungary,"2010-03-14","54",,
Norway,"2014-04-06","72",,
Austria,"2015-08-02","506",,
Brazil,"2009-10-04","177","0.053",
United States,"2015-02-01","3498",,
Sweden,"2009-04-05","2",,
Japan,"2014-05-11","47",,
Bolivia,"2014-12-28","109","0",
Romania,"2013-03-10","928",,
Chile,"2007-01-07","2",,
Paraguay,"2003-03-23",NA,,
United States,"2005-01-02","2673",,
Peru,"2007-12-30","186",,
Norway,"2007-03-11","57",,
Switzerland,"2004-08-29","7",,
Russia,"2004-01-25",NA,,
Ukraine,"2008-03-23","403",,
Netherlands,"2007-06-10","17",,
Austria,"2007-04-01","686",,
Spain,"2011-02-20","27",,
Bolivia,"2005-02-13","255","0.032",
Spain,"2009-08-30","87",,
New Zealand,"2007-07-08","62",,
Uruguay,"2010-03-28","70",,
Bolivia,"2006-04-23","454","0.069",
Chile,"2006-11-05","4",,
New Zealand,"2002-12-29",NA,,
Germany,"2014-03-02","1138",,
Belgium,"2010-08-01","9",,
Mexico,"2014-10-05","1241","0.444",
Germany,"2014-06-22","416",,
Uruguay,"2010-06-27","101",,
Poland,"2012-09-30","40",,
Sweden,"2003-12-07",NA,,
Netherlands,"2013-06-09","23",,
South Africa,"2011-01-23","1776",,
New Zealand,"2008-01-27","10",,
Netherlands,"2013-11-03","35",,
Japan,"2011-11-13","37",,
Ukraine,"2014-05-04","300",,
Switzerland,"2011-04-03","15",,
United States,"2004-07-18","576",,
Paraguay,"2012-04-01","157",,
Norway,"2010-03-21","49",,
Brazil,"2010-01-31","114","0.257",
Romania,"2004-12-05","768",,
Russia,"2006-10-22","410",,
New Zealand,"2014-05-18","53",,
Canada,"2013-07-14","710",,
New Zealand,"2013-02-10","13",,
Germany,"2013-10-06","914",,
Norway,"2013-05-19","44",,
Netherlands,"2004-10-24","20",,
Netherlands,"2008-08-10","15",,
Peru,"2010-05-30","187",,
Japan,"2009-02-15","379",,
Spain,"2004-01-11","23",,
Japan,"2014-04-20","195",,
Austria,"2007-02-25","1469",,
Canada,"2009-03-29","1844",,
United States,"2011-10-09","1640",,
Brazil,"2013-11-03","143","0.06",
Russia,"2012-10-14","676",,
Brazil,"2013-06-09","210","0.124",
Norway,"2010-09-26","69",,
France,"2008-05-04","7",,
United States,"2007-09-23","1082",,
Switzerland,"2014-05-04","29",,
Ukraine,"2011-04-03","323",,
Argentina,"2015-03-29","116","0.193",
Peru,"2009-09-27","212",,
Norway,"2014-01-12","95",,
Bulgaria,"2011-09-25","132",,
United States,"2007-07-15","705",,
Uruguay,"2015-01-11","70",,
Argentina,"2011-07-10","189","0.024",
Japan,"2013-04-28","157",,
South Africa,"2014-11-02","2351",,
Brazil,"2008-08-10","240","0.024",
Canada,"2007-12-16","2390",,
Norway,"2012-09-23","73",,
Brazil,"2004-10-24","250","0.041",
Paraguay,"2014-12-21","166",,
France,"2005-10-16","83",,
South Africa,"2006-05-14","3212",,
Japan,"2015-07-19","10",,
Belgium,"2005-12-25","119",,
Sweden,"2003-05-25",NA,,
Australia,"2003-02-23",NA,,
Netherlands,"2010-01-31","28",,
Uruguay,"2011-07-24","144",,
France,"2005-01-09","149",,
Hungary,"2007-04-29","43",,
Argentina,"2003-05-11","241","0.039",
Japan,"2009-08-30","329",,
Paraguay,"2004-12-26",NA,,
Russia,"2014-06-08","291",,
Sweden,"2011-05-08","1",,
Ukraine,"2007-04-15","297",,
Sweden,"2004-05-30",NA,,
Hungary,"2005-10-23","78",,
Paraguay,"2011-08-21","198",,
Japan,"2011-02-20","372",,
Russia,"2010-01-03","554",,
Brazil,"2009-02-22","176","0.262",
Paraguay,"2004-06-27",NA,,
Sweden,"2010-07-18","1",,
Spain,"2011-11-13","16",,
Peru,"2004-01-04","275",,
Australia,"2014-10-26","311",,
Russia,"2013-10-20","546",,
Chile,"2010-08-29","102",,
Russia,"2013-09-29","712",,
Peru,"2015-03-01","107",,
Chile,"2015-01-18","3",,
Mexico,"2003-01-26",NA,"0.048",
Bulgaria,"2009-01-04","1000",,
Bulgaria,"2004-08-08",NA,,
Brazil,"2011-03-13","169","0.392",
Australia,"2005-08-28",NA,,
Sweden,"2015-07-26","2",,
Bolivia,"2004-02-15","330","0.034",
Ukraine,"2005-09-04",NA,,
Switzerland,"2013-10-27","32",,
Ukraine,"2004-10-17",NA,,
Germany,"2004-11-21","1048",,
France,"2012-06-17","4",,
Australia,"2007-06-24","632",,
United States,"2003-02-02",NA,,
United States,"2013-11-24","1708",,
United States,"2007-06-17","748",,
Switzerland,"2005-08-21","7",,
Uruguay,"2015-08-02","215",,
Norway,"2005-07-03","15",,
Ukraine,"2013-10-27","397",,
Switzerland,"2004-10-17","15",,
Australia,"2010-11-07","206",,
Spain,"2009-02-15","30",,
Ukraine,"2005-08-21",NA,,
Japan,"2004-01-11","279",,
Paraguay,"2009-06-28","596",,
Spain,"2014-04-20","23",,
Australia,"2012-06-24","1156",,
Bulgaria,"2004-02-08",NA,,
Canada,"2012-03-18","2202",,
Bolivia,"2004-10-31","393","0.02",
Austria,"2005-06-19","503",,
Hungary,"2003-11-23",NA,,
Netherlands,"2009-02-22","49",,
Switzerland,"2005-09-04","10",,
Mexico,"2012-02-26","1362","0.071",
South Africa,"2003-10-19",NA,,
Uruguay,"2007-11-25","113",,
Argentina,"2006-10-15","182","0.017",
Belgium,"2006-05-28","39",,
Hungary,"2010-07-04","32",,
France,"2013-11-17","35",,
Belgium,"2014-06-01","28",,
Spain,"2013-04-28","18",,
Romania,"2004-01-18","815",,
United States,"2003-07-20",NA,,
Paraguay,"2003-01-19",NA,,
South Africa,"2006-03-19","2199",,
Switzerland,"2007-04-15","11",,
Netherlands,"2011-03-13","33",,
Poland,"2009-06-21","19",,
Sweden,"2015-01-25","12",,
Belgium,"2008-07-13","12",,
Bulgaria,"2006-01-22","1357",,
Belgium,"2012-01-15","90",,
Romania,"2011-05-22","584",,
Spain,"2015-07-19","7",,
Norway,"2007-09-30","24",,
Poland,"2011-10-16","28",,
Poland,"2009-04-26","157",,
France,"2012-12-16","184",,
Chile,"2010-07-11","10",,
Germany,"2004-03-28","771",,
Romania,"2006-02-12","753",,
Ukraine,"2012-02-19","445",,
Uruguay,"2007-02-25","76",,
Poland,"2006-02-26","93",,
Mexico,"2005-07-17","748","0.104",
Poland,"2003-06-01",NA,,
Brazil,"2010-04-04","193","0.623",
New Zealand,"2013-05-12","32",,
Chile,"2012-11-04","8",,
Paraguay,"2012-05-13","192",,
Poland,"2011-12-18","32",,
Netherlands,"2013-07-21","15",,
Russia,"2012-07-22","220",,
Japan,"2013-12-29","357",,
Switzerland,"2006-07-02","8",,
Bulgaria,"2011-06-19","234",,
Germany,"2012-04-29","434",,
Bolivia,"2015-04-05","231","0.026",
Austria,"2011-07-24","345",,
Hungary,"2009-05-24","41",,
Belgium,"2006-11-12","72",,
Poland,"2013-04-07","51",,
Chile,"2004-11-14","1",,
Ukraine,"2006-06-11","239",,
Netherlands,"2003-10-12","22",,
Mexico,"2004-07-04","677","0.067",
Hungary,"2004-03-07",NA,,
Peru,"2013-10-13","137",,
Peru,"2008-02-24","203",,
Austria,"2015-01-11","1686",,
Norway,"2011-05-01","20",,
Norway,"2003-07-06",NA,,
Bulgaria,"2005-11-27","1129",,
Paraguay,"2014-03-30","224",,
United States,"2014-08-24","827",,
Hungary,"2009-08-23","56",,
Japan,"2007-05-20","8",,
Netherlands,"2010-04-04","17",,
Germany,"2012-10-07","914",,
South Africa,"2008-06-29","3758",,
Bolivia,"2012-10-21","177","0.015",
Paraguay,"2004-03-21",NA,,
Brazil,"2013-07-21","192","0.051",
Bulgaria,"2005-02-27","1352",,
Spain,"2010-06-06","4",,
Austria,"2010-06-27","420",,
United States,"2010-01-24","1861",,
Germany,"2013-05-05","492",,
Japan,"2010-07-25","3",,
Uruguay,"2007-04-01","117",,
Ukraine,"2006-07-02","216",,
Bulgaria,"2008-11-09","814",,
Switzerland,"2006-06-11","10",,
Germany,"2005-05-08","711",,
Austria,"2010-03-28","510",,
Peru,"2003-08-31","510",,
Argentina,"2010-11-21","124","0.08",
Paraguay,"2015-03-08","265",,
Switzerland,"2012-02-19","203",,
Norway,"2010-05-23","36",,
Sweden,"2006-03-12","7",,
South Africa,"2006-09-24","2687",,
Poland,"2004-06-06",NA,,
Sweden,"2004-04-25",NA,,
New Zealand,"2008-04-13","17",,
France,"2014-02-23","191",,
South Africa,"2012-03-25","2031",,
Peru,"2009-05-17","247",,
Australia,"2004-03-14",NA,,
Chile,"2011-03-27","4",,
Germany,"2008-09-21","915",,
Romania,"2015-06-21","533",,
Bulgaria,"2014-05-25","256",,
Spain,"2014-05-11","18",,
Brazil,"2003-10-12","206","0.041",
South Africa,"2009-01-25","1475",,
Peru,"2006-09-03","372",,
Argentina,"2014-11-16","101","0.034",
Australia,"2012-10-28","227",,
Hungary,"2011-11-20","54",,
Germany,"2006-02-05","1175",,
Hungary,"2008-11-16","58",,
Bolivia,"2014-01-19","127","0.025",
Netherlands,"2008-10-26","28",,
Netherlands,"2014-07-27","15",,
Belgium,"2012-10-14","59",,
Poland,"2015-06-14","14",,
Uruguay,"2007-12-09","120",,
New Zealand,"2007-04-08","13",,
Switzerland,"2014-11-09","77",,
France,"2008-10-05","38",,
Japan,"2014-05-25","18",,
Spain,"2012-08-05","11",,
Japan,"2005-02-27","1451",,
Canada,"2015-03-15","2507",,
United States,"2009-08-02","1276",,
Austria,"2010-10-03","827",,
Romania,"2004-08-29","615",,
Bulgaria,"2007-05-20","605",,
Australia,"2014-09-21","741",,
New Zealand,"2009-10-11","39",,
South Africa,"2008-08-03","3594",,
Bolivia,"2010-09-05","293","0.016",
Austria,"2010-05-02","490",,
Hungary,"2003-11-30",NA,,
Switzerland,"2013-03-10","167",,
Paraguay,"2003-08-24",NA,,
Russia,"2005-12-25","409",,
Peru,"2005-11-20","315",,
France,"2009-07-19","20",,
Japan,"2008-11-09","36",,
Germany,"2012-02-12","1028",,
Bulgaria,"2010-07-25","247",,
United States,"2004-06-13","631",,
Austria,"2005-06-12","479",,
France,"2004-05-09","9",,
Poland,"2014-01-26","41",,
Sweden,"2008-02-17","8",,
South Africa,"2007-03-11","2338",,
Argentina,"2011-09-04","145","0.029",
Bulgaria,"2013-12-29","790",,
France,"2013-08-04","2",,
Romania,"2012-01-29","726",,
Bolivia,"2012-07-15","203","0.008",
Chile,"2015-02-01","4",,
Mexico,"2013-06-02","818","0.133",
Japan,"2011-06-19","4",,
South Africa,"2014-04-06","3022",,
Spain,"2008-12-07","45",,
Brazil,"2008-10-26","226","0.046",
Japan,"2005-11-27","73",,
United States,"2007-01-07","2082",,
Russia,"2010-08-01","208",,
Romania,"2008-03-23","982",,
Mexico,"2014-03-09","1533","0.108",
Bolivia,"2005-05-15","373","0.045",
Chile,"2005-01-02","1",,
Ukraine,"2013-03-10","679",,
Brazil,"2014-07-27","181","0.057",
Paraguay,"2015-02-15","166",,
Ukraine,"2014-11-09","421",,
New Zealand,"2005-06-05",NA,,
New Zealand,"2007-11-18","9",,
South Africa,"2009-08-09","6514",,
Australia,"2008-09-07","1340",,
Sweden,"2012-11-11","3",,
Mexico,"2010-03-14","1515","0.09",
Belgium,"2006-10-22","63",,
France,"2010-03-07","13",,
South Africa,"2014-01-05","2136",,
Paraguay,"2007-10-21","238",,
Argentina,"2003-04-27","209","0.034",
Hungary,"2014-10-05","58",,
Austria,"2010-10-10","833",,
Argentina,"2011-10-30","92","0.034",
Ukraine,"2004-12-05",NA,,
Chile,"2004-07-18","4",,
Romania,"2014-05-04","604",,
South Africa,"2013-05-19","3166",,
Bolivia,"2007-09-09","355","0.013",
Japan,"2006-01-22","953",,
Brazil,"2005-03-06","213","0.079",
South Africa,"2010-03-21","2044",,
Argentina,"2007-05-13","265","0.07",
Peru,"2004-02-22","228",,
France,"2003-10-05","25",,
Bulgaria,"2004-01-11",NA,,
Paraguay,"2003-12-14",NA,,
Norway,"2011-01-23","423",,
Poland,"2007-07-29","9",,
Germany,"2006-07-09","338",,
Canada,"2005-06-26","748",,
United States,"2006-11-05","1636",,
Netherlands,"2011-01-09","107",,
Austria,"2006-12-17","791",,
Bolivia,"2006-10-29","431","0.018",
Canada,"2014-04-13","1957",,
Japan,"2004-02-08","537",,
Spain,"2011-09-25","11",,
Belgium,"2004-01-25","78",,
Paraguay,"2012-01-22","85",,
Germany,"2007-03-04","1592",,
Argentina,"2010-09-19","138","0.046",
Sweden,"2003-09-21",NA,,
Netherlands,"2005-03-06","94",,
Japan,"2009-01-04","477",,
Japan,"2004-08-08","1",,
Belgium,"2013-11-10","70",,
Norway,"2006-05-14","16",,
Argentina,"2005-05-29","198","0.019",
Sweden,"2006-05-07","1",,
Poland,"2009-09-20","75",,
Norway,"2014-11-02","81",,
South Africa,"2012-09-23","2701",,
Argentina,"2014-11-30","92","0.022",
Sweden,"2010-08-08","1",,
Sweden,"2014-10-19","4",,
Peru,"2008-06-22","257",,
Brazil,"2011-01-09","128","0.126",
Uruguay,"2008-12-14","73",,
Uruguay,"2005-08-07","154",,
Bulgaria,"2011-02-20","1140",,
Bolivia,"2003-08-03","566","0.016",
South Africa,"2014-01-12","2013",,
Chile,"2011-10-09","4",,
Mexico,"2007-04-29","1081","0.073",
Bulgaria,"2009-08-30","310",,
Poland,"2011-10-02","31",,
Chile,"2007-09-23","5",,
Argentina,"2013-05-26","180","0.082",
Switzerland,"2004-12-05","38",,
New Zealand,"2015-05-17","17",,
Austria,"2005-12-11","923",,
South Africa,"2010-09-26","2508",,
Germany,"2010-08-22","432",,
Russia,"2011-02-13","1320",,
Peru,"2014-02-09","91",,
Romania,"2011-04-03","731",,
Chile,"2007-07-15","18",,
Hungary,"2012-09-09","32",,
Australia,"2013-08-11","788",,
Poland,"2004-07-04",NA,,
Netherlands,"2012-03-25","29",,
Canada,"2014-03-16","2328",,
Argentina,"2006-11-26","141","0.019",
Hungary,"2014-07-13","27",,
Paraguay,"2009-11-15","156",,
Netherlands,"2009-01-25","139",,
Japan,"2006-07-16","3",,
Norway,"2009-03-22","43",,
Netherlands,"2006-09-24","23",,
Russia,"2005-12-04","362",,
Chile,"2007-06-03","63",,
Germany,"2014-08-31","515",,
Austria,"2009-01-11","2138",,
Switzerland,"2007-02-11","395",,
Spain,"2011-08-14","3",,
Romania,"2009-03-08","1047",,
Canada,"2009-11-01","9630",,
Mexico,"2013-04-07","1054","0.093",
Austria,"2011-12-11","888",,
Bulgaria,"2005-12-18","1038",,
Romania,"2008-01-20","1183",,
Mexico,"2006-02-26","1131","0.065",
Poland,"2005-07-17","13",,
Mexico,"2003-06-01",NA,"0.079",
Peru,"2009-11-08","204",,
Hungary,"2004-04-18",NA,,
Bolivia,"2007-11-25","318","0.014",
Switzerland,"2009-03-15","61",,
Australia,"2004-02-29",NA,,
Mexico,"2011-12-18","1359","0.048",
Japan,"2004-07-25","2",,
Uruguay,"2004-10-31","124",,
Peru,"2013-06-30","145",,
Netherlands,"2008-06-29","16",,
Mexico,"2009-04-26","1207","0.079",
South Africa,"2010-04-04","2224",,
Russia,"2008-08-17","157",,
Argentina,"2011-08-07","140","0.027",
Chile,"2009-10-18","4",,
France,"2004-08-01","4",,
Sweden,"2015-05-17","3",,
Brazil,"2006-09-24","245","0.031",
Bolivia,"2015-08-02","209","0.005",
Norway,"2006-08-13","10",,
Brazil,"2012-03-25","149","0.194",
Uruguay,"2004-02-15","108",,
Peru,"2013-02-24","98",,
Paraguay,"2012-09-02","212",,
Brazil,"2009-01-25","143","0.145",
South Africa,"2003-10-12",NA,,
Ukraine,"2009-03-15","618",,
Austria,"2014-12-28","1602",,
Mexico,"2004-06-06","650","0.06",
United States,"2006-01-29","2155",,
Chile,"2003-03-30","2",,
Germany,"2005-10-02","1019",,
Brazil,"2008-06-29","300","0.048",
South Africa,"2013-07-21","2933",,
New Zealand,"2010-08-08","123",,
New Zealand,"2014-10-19","38",,
Canada,"2010-04-18","1005",,
Ukraine,"2007-02-11","1107",,
Romania,"2004-09-05","597",,
New Zealand,"2003-09-21",NA,,
Romania,"2005-05-22","636",,
Japan,"2003-07-27",NA,,
France,"2010-05-09","6",,
New Zealand,"2006-05-07","16",,
France,"2005-04-10","30",,
Netherlands,"2006-03-19","62",,
South Africa,"2011-03-13","1928",,
Peru,"2009-06-14","236",,
Chile,"2014-08-17","16",,
Switzerland,"2013-09-08","35",,
Hungary,"2009-06-07","40",,
Poland,"2003-01-26",NA,,
Sweden,"2009-10-11","6",,
Hungary,"2004-06-20",NA,,
United States,"2015-06-28","1073",,
Australia,"2005-10-09",NA,,
Paraguay,"2004-09-12",NA,,
Ukraine,"2015-05-31","235",,
Sweden,"2007-04-08","3",,
Russia,"2008-09-14","466",,
Austria,"2006-04-23","562",,
Ukraine,"2009-12-27","759",,
Hungary,"2008-02-03","332",,
Japan,"2007-02-04","210",,
Austria,"2005-02-13","2396",,
South Africa,"2009-02-22","2154",,
Switzerland,"2007-11-04","32",,
Bolivia,"2007-04-01","418","0.109",
Canada,"2005-03-27","2370",,
Netherlands,"2003-10-19","19",,
Switzerland,"2008-09-28","31",,
Canada,"2007-08-26","740",,
United States,"2007-05-27","840",,
Ukraine,"2012-03-11","586",,
United States,"2010-10-31","1685",,
Germany,"2013-02-17","2023",,
Switzerland,"2011-06-12","6",,
Hungary,"2006-06-18","42",,
Australia,"2005-11-13",NA,,
Romania,"2005-02-06","870",,
Uruguay,"2012-10-21","91",,
Ukraine,"2010-06-13","171",,
Switzerland,"2008-03-30","41",,
Switzerland,"2012-03-11","131",,
Belgium,"2015-06-07","22",,
New Zealand,"2012-11-11","21",,
Ukraine,"2008-09-28","516",,
France,"2013-09-22","32",,
Mexico,"2009-06-21","740","0.102",
Switzerland,"2010-06-13","9",,
Russia,"2004-11-07","356",,
Mexico,"2011-10-16","962","0.178",
Ukraine,"2008-03-30","367",,
Japan,"2014-02-16","3117",,
Ukraine,"2011-06-12","182",,
Japan,"2006-12-24","26",,
Spain,"2003-06-22",NA,,
Uruguay,"2015-04-05","116",,
Switzerland,"2009-12-27","59",,
Germany,"2012-12-09","936",,
Spain,"2012-08-12","12",,
Brazil,"2006-03-19","246","0.175",
Bulgaria,"2015-08-09","137",,
Japan,"2013-03-17","429",,
Sweden,"2005-06-05",NA,,
Ukraine,"2007-11-04","480",,
Bulgaria,"2008-03-16","920",,
Sweden,"2007-11-18","2",,
France,"2006-04-16","18",,
Australia,"2005-10-30",NA,,
Norway,"2004-12-19","12",,
Belgium,"2007-04-22","40",,
France,"2006-04-30","12",,
Russia,"2005-09-25","242",,
Australia,"2015-03-22","389",,
Switzerland,"2015-05-31","28",,
Hungary,"2008-01-06","344",,
Bolivia,"2007-02-25","245","0.172",
Paraguay,"2012-04-22","172",,
Poland,"2012-02-26","35",,
New Zealand,"2008-02-17","16",,
Norway,"2007-08-19","10",,
France,"2014-07-20","2",,
Romania,"2014-09-14","582",,
Ukraine,"2013-09-08","579",,
Brazil,"2003-10-19","252","0.026",
Russia,"2005-07-31","113",,
France,"2007-07-01","6",,
Spain,"2003-03-02",NA,,
Peru,"2010-12-19","101",,
Canada,"2012-11-18","2401",,
Netherlands,"2010-09-26","27",,
Ukraine,"2005-04-24",NA,,
Russia,"2006-08-27","171",,
Russia,"2014-06-29","280",,
Argentina,"2005-05-01","183","0.029",
Switzerland,"2013-12-01","45",,
Netherlands,"2014-01-12","35",,
Mexico,"2007-07-29","822","0.104",
Australia,"2007-08-12","2854",,
Netherlands,"2012-09-23","44",,
Bulgaria,"2014-02-16","889",,
Bulgaria,"2006-12-24","1318",,
Chile,"2003-02-16","0",,
United States,"2008-08-24","771",,
Chile,"2003-09-07","2",,
Sweden,"2013-05-12","2",,
Uruguay,"2005-05-15","132",,
Australia,"2003-11-02",NA,,
Brazil,"2013-05-19","215","0.2",
Germany,"2003-04-13",NA,,
Austria,"2012-06-10","526",,
Ukraine,"2013-12-22","490",,
Bulgaria,"2013-03-17","549",,
Japan,"2015-08-09","8",,
South Africa,"2005-03-06",NA,,
Uruguay,"2012-07-15","165",,
Norway,"2010-01-31","48",,
Chile,"2004-08-15","2",,
Australia,"2012-03-04","251",,
Brazil,"2010-03-21","171","0.652",
Japan,"2008-03-16","64",,
Germany,"2005-08-14","503",,
Hungary,"2012-09-30","48",,
Switzerland,"2004-11-28","39",,
United States,"2015-05-24","1211",,
Peru,"2003-03-09","312",,
Bulgaria,"2007-02-04","1953",,
South Africa,"2011-01-09","1642",,
Switzerland,"2013-12-22","71",,
Brazil,"2014-01-12","100","0.071",
United States,"2004-02-01","1227",,
France,"2013-12-08","68",,
Belgium,"2007-07-22","18",,
Ukraine,"2004-11-28",NA,,
Germany,"2003-03-16",NA,,
Norway,"2013-06-09","19",,
Argentina,"2005-07-24","227","0.012",
Norway,"2013-11-03","43",,
New Zealand,"2006-03-12","14",,
Uruguay,"2010-09-05","149",,
Brazil,"2010-09-26","156","0.073",
Chile,"2007-12-02","2",,
Mexico,"2011-10-02","807","0.167",
Sweden,"2008-04-13","2",,
New Zealand,"2004-04-25",NA,,
Poland,"2007-04-29","32",,
France,"2010-02-07","35",,
Australia,"2007-01-14","109",,
Netherlands,"2010-03-21","20",,
Germany,"2005-03-13","1406",,
Ukraine,"2013-12-01","435",,
Mexico,"2009-09-20","1188","0.943",
Canada,"2004-05-23","743",,
Argentina,"2011-05-15","134","0.077",
Bolivia,"2007-12-09","286","0.015",
Romania,"2011-06-05","566",,
Australia,"2012-04-08","272",,
Brazil,"2012-09-23","151","0.043",
Australia,"2011-07-17","381",,
Norway,"2004-10-24",NA,,
Norway,"2008-08-10","13",,
Switzerland,"2005-04-24","13",,
Netherlands,"2013-05-19","16",,
Russia,"2008-04-27","381",,
Uruguay,"2014-01-19","59",,
Russia,"2009-02-01","648",,
Argentina,"2009-11-22","97","0.373",
Netherlands,"2009-08-09","50",,
Netherlands,"2014-01-05","34",,
Brazil,"2008-08-03","229","0.027",
United States,"2011-10-23","1638",,
France,"2007-10-07","56",,
Austria,"2014-10-12","1066",,
Paraguay,"2009-01-18","135",,
Ukraine,"2006-09-10","251",,
Russia,"2011-01-16","914",,
Peru,"2015-05-03","148",,
Australia,"2015-07-05","1211",,
Bolivia,"2008-12-14","224","0.035",
Bolivia,"2005-08-07","337","0.007",
New Zealand,"2015-07-26","44",,
Uruguay,"2003-08-03","158",,
Bulgaria,"2003-07-27",NA,,
Hungary,"2011-07-31","18",,
Chile,"2011-06-26","10",,
Austria,"2006-06-25","513",,
Belgium,"2008-07-06","14",,
New Zealand,"2010-07-18","81",,
Mexico,"2015-06-14","1018","0.17",
Netherlands,"2014-04-06","30",,
France,"2010-10-17","26",,
Germany,"2009-08-16","368",,
Spain,"2012-07-29","10",,
Peru,"2004-04-11","321",,
Paraguay,"2012-05-20","200",,
Argentina,"2007-10-14","162","0.024",
Norway,"2007-06-10","15",,
Australia,"2013-07-28","684",,
New Zealand,"2011-05-08","23",,
Canada,"2007-03-18","1847",,
New Zealand,"2004-05-30",NA,,
Netherlands,"2007-03-11","60",,
Australia,"2011-03-20","212",,
Chile,"2003-09-28","2",,
Russia,"2007-09-16","452",,
Poland,"2010-03-14","27",,
New Zealand,"2015-01-25","11",,
Paraguay,"2013-06-23","368",,
Bulgaria,"2004-07-25",NA,,
Australia,"2012-07-01","1658",,
Uruguay,"2006-10-29","129",,
Romania,"2004-05-02","683",,
Brazil,"2009-08-09","360","0.058",
Russia,"2003-12-21",NA,,
France,"2005-09-18","43",,
Brazil,"2014-01-05","110","0.076",
Netherlands,"2008-08-03","15",,
Spain,"2014-02-02","204",,
Brazil,"2007-03-11","231","0.277",
Poland,"2014-03-09","80",,
France,"2007-02-18","212",,
Spain,"2006-07-23","14",,
Austria,"2013-01-27","2063",,
Bulgaria,"2006-07-16","666",,
Russia,"2013-01-13","827",,
Switzerland,"2006-09-10","18",,
Belgium,"2009-11-29","105",,
United States,"2010-04-11","1123",,
Russia,"2009-07-26","205",,
Uruguay,"2007-09-09","164",,
Romania,"2006-10-08","735",,
Paraguay,"2003-04-06",NA,,
Brazil,"2014-04-06","182","0.345",
South Africa,"2008-10-26","2097",,
Japan,"2005-12-18","141",,
Norway,"2009-10-04","87",,
Mexico,"2014-01-26","2087","0.144",
Australia,"2008-04-06","288",,
Poland,"2013-06-02","13",,
Austria,"2011-07-03","362",,
Paraguay,"2008-11-02","201",,
Canada,"2004-12-12","2722",,
South Africa,"2014-07-27","3763",,
Romania,"2012-07-22","533",,
France,"2010-03-14","11",,
Norway,"2005-11-13","61",,
Bolivia,"2011-04-17","233","0.089",
Uruguay,"2003-03-23","102",,
Ukraine,"2008-07-13","168",,
Argentina,"2007-11-11","152","0.034",
Argentina,"2005-09-11","195","0.022",
Japan,"2015-05-03","35",,
Ukraine,"2012-01-15","344",,
Mexico,"2010-03-07","1667","0.09",
Brazil,"2004-07-11","257","0.028",
South Africa,"2012-04-15","2698",,
Russia,"2006-02-12","344",,
Argentina,"2003-01-12",NA,NA,
Ukraine,"2006-05-28","255",,
Poland,"2005-09-18","37",,
Argentina,"2008-05-18","210","0.034",
Ukraine,"2014-06-01","202",,
Netherlands,"2015-04-12","31",,
France,"2014-03-09","54",,
Bulgaria,"2013-02-24","702",,
Poland,"2007-02-18","194",,
Netherlands,"2009-12-13","42",,
Norway,"2005-10-09","27",,
Austria,"2004-12-26","848",,
Germany,"2003-05-25",NA,,
Netherlands,"2003-06-08",NA,,
Chile,"2012-11-18","5",,
Austria,"2004-06-27","455",,
Uruguay,"2010-04-25","89",,
Austria,"2011-08-21","301",,
Japan,"2004-04-11","8",,
Belgium,"2013-10-27","50",,
Mexico,"2004-05-09","790","0.051",
France,"2013-06-02","7",,
Belgium,"2005-08-21","25",,
Mexico,"2013-08-04","852","0.37",
Netherlands,"2003-08-17",NA,,
Belgium,"2004-10-17","63",,
Sweden,"2014-03-02","9",,
Mexico,"2009-07-19","689","0.117",
Sweden,"2014-06-22","2",,
South Africa,"2014-06-15","4010",,
Bulgaria,"2013-06-30","130",,
Australia,"2007-08-19","1993",,
Austria,"2003-01-19",NA,,
Argentina,"2010-01-10","62","0.386",
Germany,"2003-12-07","1287",,
Poland,"2007-10-07","49",,
Norway,"2015-03-22","26",,
Spain,"2010-06-20","4",,
Bulgaria,"2009-11-08","2368",,
Netherlands,"2004-07-11","11",,
Canada,"2014-08-17","791",,
South Africa,"2003-01-05",NA,,
Belgium,"2005-09-04","35",,
New Zealand,"2007-09-02","62",,
Switzerland,"2006-05-28","9",,
South Africa,"2005-02-20",NA,,
United States,"2003-05-18",NA,,
South Africa,"2009-10-25","2575",,
Bolivia,"2006-12-03","332","0.014",
Chile,"2007-08-26","7",,
Poland,"2010-10-17","34",,
Norway,"2005-10-30","40",,
Sweden,"2013-10-06","3",,
United States,"2005-07-10","712",,
Australia,"2004-12-19",NA,,
Austria,"2009-06-28","480",,
Peru,"2005-12-18","202",,
Russia,"2015-06-21","240",,
Brazil,"2003-08-17","262","0.032",
Switzerland,"2014-06-01","22",,
Mexico,"2008-10-05","1018","0.243",
Bolivia,"2015-01-04","124","0",
Brazil,"2009-12-13","122","0.11",
Belgium,"2007-04-15","41",,
Argentina,"2004-09-26","198","0.027",
Uruguay,"2004-08-22","150",,
Brazil,"2015-04-12","245","0.895",
Chile,"2005-03-27","4",,
Switzerland,"2008-07-13","8",,
Paraguay,"2005-06-19","379",,
Switzerland,"2012-01-15","62",,
Brazil,"2003-06-08","371","0.062",
Sweden,"2013-12-15","5",,
Uruguay,"2014-12-21","75",,
Romania,"2013-09-29","630",,
Romania,"2013-10-20","674",,
Poland,"2013-12-08","27",,
Netherlands,"2005-03-20","61",,
Netherlands,"2010-12-26","67",,
Bulgaria,"2010-12-19","626",,
Germany,"2008-10-12","955",,
Argentina,"2006-08-06","238","0.012",
Paraguay,"2011-07-24","187",,
Hungary,"2005-10-16","76",,
Norway,"2004-02-29",NA,,
Romania,"2010-01-03","880",,
Paraguay,"2015-01-11","144",,
Spain,"2013-03-24","46",,
Austria,"2014-03-30","1123",,
United States,"2005-01-23","2886",,
Sweden,"2008-06-15","1",,
Bolivia,"2012-09-16","202","0.009",
Poland,"2010-02-07","34",,
Romania,"2014-06-08","538",,
Hungary,"2005-01-09","58",,
France,"2007-04-29","6",,
Japan,"2003-03-09",NA,,
Belgium,"2006-07-02","14",,
Australia,"2009-03-22","204",,
Peru,"2008-03-16","209",,
Hungary,"2008-05-04","46",,
Switzerland,"2006-11-12","21",,
Peru,"2015-08-09","123",,
South Africa,"2006-01-15","1835",,
Germany,"2011-05-29","284",,
Bolivia,"2010-02-21","156","0.062",
Canada,"2003-03-30",NA,,
Norway,"2013-08-11","30",,
Argentina,"2010-12-05","91","0.048",
Chile,"2010-04-18","5",,
Germany,"2009-04-05","611",,
Austria,"2012-05-13","522",,
Argentina,"2006-05-21","205","0.024",
Canada,"2007-06-03","760",,
Bolivia,"2011-01-30","112","0.085",
Bolivia,"2008-05-25","349","0.028",
Chile,"2009-11-01","5",,
Spain,"2008-08-31","6",,
Chile,"2014-03-16","6",,
Germany,"2009-05-03","530",,
Brazil,"2005-03-20","232","0.074",
Uruguay,"2012-04-01","77",,
Ukraine,"2006-11-12","497",,
United States,"2003-12-28","5250",,
Germany,"2010-02-28","826",,
Belgium,"2006-06-11","30",,
Brazil,"2010-12-26","137","0.101",
Belgium,"2012-02-19","543",,
Russia,"2011-05-22","275",,
Sweden,"2008-02-10","9",,
United States,"2009-12-20","2055",,
Mexico,"2003-10-05","707","0.182",
Canada,"2009-10-18","6799",,
New Zealand,"2014-09-07","115",,
Paraguay,"2010-06-27","192",,
Austria,"2004-03-21","628",,
Germany,"2013-01-06","1015",,
Bulgaria,"2009-06-14","356",,
Russia,"2004-01-18",NA,,
Germany,"2006-12-10","1046",,
United States,"2006-09-17","1101",,
Australia,"2006-08-13","796",,
Paraguay,"2010-03-28","188",,
Austria,"2015-03-08","1902",,
Paraguay,"2010-10-03","204",,
South Africa,"2008-06-01","3121",,
Norway,"2011-03-20","40",,
Germany,"2012-05-27","366",,
Poland,"2013-09-22","41",,
Ukraine,"2006-10-22","443",,
Australia,"2007-06-10","578",,
Norway,"2013-07-28","21",,
Paraguay,"2010-05-02","216",,
Argentina,"2006-02-19","91","0.017",
Switzerland,"2012-10-14","39",,
South Africa,"2007-10-28","2343",,
United States,"2011-04-24","1055",,
Argentina,"2014-09-28","141","0.027",
Hungary,"2009-09-06","112",,
Austria,"2003-08-24",NA,,
Belgium,"2014-11-09","85",,
Russia,"2014-05-04","588",,
Sweden,"2011-12-25","5",,
New Zealand,"2011-09-18","52",,
Hungary,"2005-01-30","61",,
Japan,"2009-06-14","40",,
Poland,"2006-04-16","57",,
Mexico,"2013-11-17","1368","0.335",
Norway,"2015-07-05","31",,
Poland,"2006-04-30","37",,
South Africa,"2006-10-01","2390",,
Belgium,"2013-03-10","210",,
Chile,"2004-12-12","2",,
France,"2012-02-26","454",,
Poland,"2014-07-20","10",,
Bolivia,"2013-09-01","188","0.007",
South Africa,"2009-09-13","2805",,
Peru,"2007-02-04","209",,
Netherlands,"2010-02-14","29",,
Poland,"2007-07-01","11",,
Norway,"2008-04-06","43",,
Austria,"2015-02-15","2867",,
Peru,"2013-03-17","121",,
Canada,"2011-06-26","410",,
Bulgaria,"2003-03-09",NA,,
Argentina,"2003-02-09","145",NA,
Hungary,"2015-04-19","56",,
Mexico,"2012-06-17","773","0.103",
Australia,"2009-10-04","213",,
Peru,"2014-02-16","95",,
Germany,"2006-12-31","1106",,
Peru,"2006-12-24","177",,
Germany,"2003-05-04",NA,,
France,"2003-01-26",NA,,
Spain,"2011-02-06","61",,
Argentina,"2013-03-31","94","0.159",
Austria,"2007-10-21","806",,
Germany,"2014-12-07","1069",,
Argentina,"2006-11-19","165","0.019",
Russia,"2011-04-03","439",,
Chile,"2007-03-18","3",,
Japan,"2010-12-19","103",,
Paraguay,"2005-06-12","333",,
Romania,"2011-02-13","1046",,
South Africa,"2015-05-10","3704",,
Argentina,"2006-03-05","109","0.024",
Sweden,"2006-01-08","3",,
Spain,"2008-04-20","17",,
Canada,"2003-09-28","1280",,
Brazil,"2010-02-14","130","0.37",
Hungary,"2012-11-25","46",,
Spain,"2011-04-10","9",,
Norway,"2012-07-01","25",,
Switzerland,"2006-10-22","19",,
Germany,"2005-04-03","646",,
Sweden,"2010-09-12","2",,
Ukraine,"2012-10-14","453",,
Canada,"2007-12-02","1949",,
Hungary,"2008-10-19","71",,
Poland,"2004-08-01",NA,,
New Zealand,"2014-08-03","202",,
Austria,"2003-12-14","862",,
Argentina,"2013-04-21","105","0.234",
Germany,"2010-11-14","744",,
Netherlands,"2003-02-23",NA,,
Australia,"2010-01-31","71",,
Norway,"2012-03-04","202",,
Paraguay,"2006-12-17","202",,
Peru,"2006-07-16","278",,
Norway,"2003-11-02",NA,,
United States,"2009-03-01","3220",,
Mexico,"2014-02-23","1615","0.114",
Austria,"2012-01-22","784",,
Hungary,"2003-07-13",NA,,
Norway,"2007-08-12","9",,
Paraguay,"2010-10-10","202",,
Sweden,"2010-05-16","1",,
Japan,"2013-06-30","6",,
Romania,"2005-12-25","787",,
South Africa,"2012-12-23","2083",,
New Zealand,"2011-01-02","9",,
Spain,"2011-08-28","3",,
Peru,"2004-07-25","291",,
Chile,"2004-05-23","44",,
Russia,"2004-08-29",NA,,
Switzerland,"2004-01-25","82",,
Ukraine,"2013-11-10","373",,
Japan,"2009-11-08","1076",,
Poland,"2005-04-10","76",,
Poland,"2010-05-09","13",,
France,"2004-07-04","5",,
Japan,"2013-02-24","1122",,
Romania,"2010-08-01","518",,
Sweden,"2009-02-08","11",,
Russia,"2008-03-23","456",,
Norway,"2011-07-17","19",,
Australia,"2004-10-24",NA,,
Ukraine,"2004-01-25",NA,,
Uruguay,"2010-12-12","72",,
Australia,"2008-08-10","1396",,
Switzerland,"2013-11-10","40",,
United States,"2006-04-02","1574",,
Russia,"2012-01-29","471",,
Norway,"2012-04-08","62",,
Paraguay,"2005-12-11","291",,
Bulgaria,"2004-04-11",NA,,
Germany,"2010-10-24","791",,
Brazil,"2003-02-23","194","0.205",
Bulgaria,"2015-05-03","353",,
France,"2005-07-17","9",,
Canada,"2004-08-15","810",,
Norway,"2007-01-14","38",,
Australia,"2013-06-09","513",,
Bolivia,"2009-04-12","402","0.173",
Peru,"2003-07-27","382",,
Australia,"2013-11-03","261",,
Sweden,"2006-03-26","5",,
Canada,"2003-02-16",NA,,
Mexico,"2012-12-16","1875","0.116",
Belgium,"2004-12-05","116",,
South Africa,"2004-10-10",NA,,
Canada,"2003-09-07",NA,,
Japan,"2004-02-22","182",,
Australia,"2003-07-06",NA,,
United States,"2012-05-06","1651",,
Uruguay,"2015-01-04","71",,
Peru,"2006-01-22","201",,
Australia,"2011-05-01","244",,
Bolivia,"2004-08-22","409","0.017",
France,"2009-09-20","113",,
Brazil,"2006-01-15","182","0.088",
New Zealand,"2010-05-16","20",,
Uruguay,"2006-12-03","111",,
Sweden,"2011-01-02","9",,
Belgium,"2007-02-11","976",,
Canada,"2011-03-27","1476",,
Russia,"2005-02-06","296",,
Peru,"2004-02-08","220",,
Mexico,"2010-02-07","1567","0.085",
Austria,"2009-11-15","1524",,
Belgium,"2009-03-15","76",,
France,"2011-10-02","18",,
Mexico,"2013-12-08","1633","0.205",
Hungary,"2009-04-19","38",,
Hungary,"2008-05-11","48",,
Sweden,"2014-08-03","1",,
United States,"2012-08-19","1095",,
Paraguay,"2011-12-11","117",,
Romania,"2008-09-14","612",,
Paraguay,"2009-01-11","144",,
Argentina,"2011-03-06","61","0.142",
Japan,"2008-06-22","2",,
Netherlands,"2006-01-15","31",,
Norway,"2004-03-14",NA,,
Canada,"2012-11-04","2091",,
Canada,"2010-07-11","451",,
Hungary,"2008-06-08","37",,
Peru,"2009-01-04","178",,
Peru,"2004-08-08","332",,
Argentina,"2003-06-15","258","0.039",
Bolivia,"2010-04-25","250","0.032",
Romania,"2004-11-07","813",,
Australia,"2010-05-23","319",,
New Zealand,"2006-03-26","13",,
Poland,"2003-10-05",NA,,
Argentina,"2009-12-06","83","0.275",
Bulgaria,"2004-01-04",NA,,
France,"2007-07-29","5",,
Romania,"2005-07-31","628",,
Japan,"2014-02-09","2246",,
Spain,"2008-12-21","194",,
Germany,"2003-04-20",NA,,
Bulgaria,"2015-03-01","998",,
Russia,"2014-09-14","823",,
Spain,"2003-09-14",NA,,
South Africa,"2005-03-20",NA,,
Austria,"2012-09-02","501",,
Paraguay,"2014-12-28","149",,
Romania,"2005-09-25","696",,
New Zealand,"2009-02-08","6",,
Canada,"2004-11-14","2237",,
Uruguay,"2011-04-17","75",,
South Africa,"2010-12-26","2059",,
Bolivia,"2003-03-23","549","0.227",
Germany,"2003-11-16","1142",,
France,"2014-01-26","178",,
Peru,"2014-05-25","141",,
Paraguay,"2006-04-23","287",,
Poland,"2004-05-09",NA,,
Chile,"2012-03-18","5",,
Norway,"2007-06-24","11",,
Russia,"2009-03-08","907",,
Bulgaria,"2009-05-17","394",,
Belgium,"2013-09-08","27",,
Poland,"2013-08-04","12",,
Argentina,"2012-07-08","166","0.017",
Paraguay,"2005-02-13",NA,,
Bulgaria,"2006-09-03","447",,
Romania,"2005-12-04","877",,
Spain,"2012-12-02","29",,
Norway,"2005-08-28","26",,
Ukraine,"2007-04-22","323",,
Netherlands,"2005-02-20","140",,
Mexico,"2007-02-18","2096","0.06",
Netherlands,"2009-10-25","123",,
Germany,"2009-07-05","358",,
Bolivia,"2012-04-01","215","0.047",
Norway,"2014-10-26","105",,
Mexico,"2005-09-18","855","0.208",
New Zealand,"2011-12-25","18",,
Sweden,"2011-09-18","1",,
Romania,"2008-08-17","591",,
Bulgaria,"2003-08-31",NA,,
Belgium,"2007-11-04","90",,
Brazil,"2012-04-15","161","0.204",
South Africa,"2004-07-11",NA,,
Peru,"2008-11-09","243",,
Japan,"2005-11-20","66",,
Netherlands,"2003-01-05",NA,,
Netherlands,"2014-06-15","17",,
Ukraine,"2015-06-07","209",,
Germany,"2012-08-26","358",,
Belgium,"2008-09-28","88",,
Argentina,"2008-07-27","216","0.01",
Poland,"2010-03-07","28",,
Spain,"2005-11-06","28",,
Austria,"2004-09-12","482",,
Belgium,"2008-03-30","81",,
Uruguay,"2011-01-30","58",,
Uruguay,"2008-05-25","139",,
Peru,"2005-02-27","230",,
Germany,"2005-01-16","1032",,
Belgium,"2011-06-12","16",,
Russia,"2008-01-20","486",,
Brazil,"2009-10-25","167","0.086",
Spain,"2013-08-18","11",,
Bulgaria,"2008-02-24","1151",,
Brazil,"2005-02-20","191","0.072",
United States,"2013-02-03","5541",,
Bulgaria,"2013-10-13","365",,
Hungary,"2015-02-22","600",,
Belgium,"2012-03-11","162",,
Australia,"2007-09-30","392",,
Switzerland,"2015-06-07","24",,
Austria,"2012-04-22","622",,
South Africa,"2003-08-17",NA,,
Canada,"2010-08-29","648",,
Uruguay,"2010-02-21","58",,
New Zealand,"2010-09-12","47",,
Peru,"2005-11-27","265",,
Belgium,"2010-06-13","12",,
South Africa,"2009-12-13","1917",,
Mexico,"2010-10-17","1105","0.209",
France,"2015-06-14","4",,
Peru,"2011-06-19","168",,
South Africa,"2015-04-12","2789",,
Belgium,"2009-12-27","59",,
New Zealand,"2006-01-08","10",,
Poland,"2008-10-05","53",,
South Africa,"2003-06-08",NA,,
United States,"2007-08-05","723",,
Brazil,"2014-06-15","212","0.127",
Uruguay,"2012-09-16","120",,
Switzerland,"2007-04-22","9",,
Russia,"2005-05-22","206",,
Russia,"2004-09-05",NA,,
Belgium,"2015-05-31","21",,
Norway,"2010-11-07","77",,
Poland,"2009-07-19","16",,
Spain,"2011-09-11","4",,
Norway,"2012-06-24","22",,
Canada,"2015-01-18","4599",,
Brazil,"2003-01-05","162","0.098",
Bolivia,"2014-12-21","109","0",
Netherlands,"2012-04-15","25",,
Mexico,"2007-10-07","1255","0.363",
Australia,"2005-07-03",NA,,
Mexico,"2005-04-10","945","0.051",
Romania,"2011-01-16","832",,
Mexico,"2010-05-09","811","0.105",
Netherlands,"2004-10-10","25",,
Brazil,"2012-12-23","106","0.081",
Argentina,"2006-07-30","215","0.01",
Hungary,"2009-07-12","37",,
Belgium,"2013-12-01","115",,
Paraguay,"2012-06-10","239",,
Hungary,"2013-06-16","34",,
United States,"2007-12-16","1709",,
Spain,"2014-08-10","4",,
Australia,"2011-01-23","96",,
Romania,"2007-09-16","658",,
New Zealand,"2008-06-15","66",,
Japan,"2008-02-24","182",,
Canada,"2007-07-15","616",,
France,"2004-06-06","6",,
Poland,"2014-02-23","62",,
Japan,"2013-10-13","13",,
Spain,"2009-05-10","18",,
Canada,"2011-10-09","1248",,
New Zealand,"2013-12-15","18",,
United States,"2009-03-29","1699",,
Mexico,"2004-08-01","618","0.128",
Canada,"2007-09-23","1379",,
Ukraine,"2007-07-22","195",,
Belgium,"2004-11-28","120",,
Argentina,"2014-07-06","251","0.019",
Peru,"2013-12-29","102",,
Hungary,"2012-02-05","85",,
Argentina,"2013-08-25","186","0.031",
Poland,"2012-12-16","94",,
Belgium,"2013-12-22","90",,
Japan,"2003-08-31",NA,,
France,"2009-04-26","12",,
United States,"2013-07-14","907",,
Bulgaria,"2005-11-20","1189",,
Uruguay,"2013-09-01","143",,
Peru,"2010-07-25","131",,
Spain,"2004-04-04","9",,
Romania,"2003-12-21","1304",,
Switzerland,"2007-07-22","12",,
Russia,"2004-05-02",NA,,
New Zealand,"2008-02-10","9",,
France,"2006-02-26","117",,
France,"2003-06-01",NA,,
Argentina,"2014-12-14","80","0.031",
Sweden,"2014-09-07","4",,
Netherlands,"2012-12-23","122",,
Brazil,"2004-10-10","247","0.015",
Spain,"2012-01-08","57",,
Peru,"2007-05-20","301",,
France,"2011-12-18","61",,
Canada,"2004-07-18","699",,
Germany,"2012-06-03","365",,
Japan,"2006-09-03","1",,
France,"2013-04-07","24",,
Australia,"2014-11-02","275",,
Chile,"2014-04-13","13",,
Spain,"2007-12-30","336",,
Japan,"2009-05-17","212",,
Australia,"2006-05-14","382",,
Belgium,"2005-04-24","59",,
Russia,"2006-10-08","343",,
Romania,"2009-07-26","550",,
South Africa,"2003-02-23",NA,,
Romania,"2013-01-13","651",,
Argentina,"2007-01-21","100","0.031",
Chile,"2005-06-26","14",,
Canada,"2005-01-02","3761",,
Japan,"2015-03-01","192",,
Mexico,"2014-07-20","956","0.2",
Brazil,"2006-10-01","228","0.026",
Japan,"2004-01-04","171",,
Mexico,"2007-07-01","810","0.104",
Bulgaria,"2014-02-09","1005",,
Uruguay,"2009-04-12","87",,
Mexico,"2006-04-30","855","0.047",
Norway,"2014-09-21","71",,
Romania,"2014-06-29","532",,
Austria,"2012-05-20","517",,
Brazil,"2009-09-13","217","0.08",
Ukraine,"2009-11-29","459",,
Peru,"2011-02-20","104",,
Canada,"2015-02-01","3844",,
Romania,"2006-08-27","627",,
Netherlands,"2015-05-10","16",,
Peru,"2009-08-30","233",,
Brazil,"2008-06-01","315","0.124",
Switzerland,"2008-07-06","10",,
Paraguay,"2014-10-12","243",,
Austria,"2009-01-18","2602",,
Bulgaria,"2008-06-22","365",,
Spain,"2010-05-30","6",,
Mexico,"2006-04-16","933","0.074",
Poland,"2013-11-17","26",,
Brazil,"2007-10-28","236","0.122",
France,"2009-06-21","7",,
Mexico,"2013-09-22","1186","0.483",
Bolivia,"2010-12-12","150","0.012",
Norway,"2012-10-28","43",,
Hungary,"2003-11-09",NA,,
Paraguay,"2006-06-25","335",,
France,"2011-10-16","30",,
Paraguay,"2013-01-27","147",,
Netherlands,"2009-09-13","68",,
United States,"2008-01-13","2230",,
Brazil,"2015-05-10","278","0.537",
Spain,"2009-09-27","111",,
Norway,"2008-09-07","32",,
South Africa,"2010-02-14","2019",,
Germany,"2014-05-18","477",,
Germany,"2013-02-10","2063",,
Ukraine,"2008-07-06","177",,
Netherlands,"2006-10-01","22",,
Austria,"2003-04-06",NA,,
New Zealand,"2013-10-06","54",,
Peru,"2004-01-11","266",,
Paraguay,"2011-07-03","215",,
Austria,"2008-11-02","803",,
Romania,"2009-02-01","920",,
Belgium,"2006-09-10","33",,
United States,"2004-09-19","898",,
Austria,"2013-06-23","549",,
Switzerland,"2009-11-29","189",,
Romania,"2008-04-27","676",,
Germany,"2007-07-08","542",,
Bulgaria,"2004-02-22",NA,,
Germany,"2002-12-29",NA,,
Sweden,"2007-09-02","1",,
New Zealand,"2014-03-02","25",,
New Zealand,"2014-06-22","114",,
Russia,"2011-06-05","200",,
Netherlands,"2008-06-01","16",,
Chile,"2015-03-15","5",,
Poland,"2012-06-17","11",,
Netherlands,"2007-10-28","28",,
Germany,"2008-01-27","1179",,
Argentina,"2015-04-26","136","0.101",
Russia,"2012-03-11","614",,
Peru,"2011-11-13","118",,
Spain,"2004-01-04","46",,
Bulgaria,"2008-12-21","650",,
Bulgaria,"2003-09-14",NA,,
Russia,"2010-06-13","272",,
Switzerland,"2004-11-07","29",,
Spain,"2015-03-01","127",,
Brazil,"2004-02-29","228","0.085",
Paraguay,"2014-01-19","159",,
Poland,"2008-05-04","30",,
Argentina,"2012-12-30","77","0.031",
Russia,"2009-12-27","492",,
Ukraine,"2008-09-14","436",,
Chile,"2012-08-19","12",,
Austria,"2013-09-01","596",,
Japan,"2010-05-30","5",,
Brazil,"2013-08-11","202","0.057",
Mexico,"2009-04-19","998","0.121",
Mexico,"2008-05-11","851","0.066",
Chile,"2012-05-06","9",,
Canada,"2010-01-24","1619",,
Hungary,"2013-12-08","69",,
Switzerland,"2005-09-25","13",,
Paraguay,"2010-09-05","248",,
Russia,"2015-05-31","307",,
Belgium,"2004-09-05","26",,
Belgium,"2005-05-22","65",,
Poland,"2005-10-16","122",,
Switzerland,"2005-07-31","10",,
Bolivia,"2003-08-24","578","0.018",
Hungary,"2010-02-07","68",,
Poland,"2005-01-09","52",,
Norway,"2010-12-26","416",,
Belgium,"2009-03-08","84",,
Australia,"2008-06-29","406",,
Japan,"2009-09-27","407",,
Paraguay,"2012-07-15","311",,
Mexico,"2008-06-08","757","0.12",
Canada,"2014-08-24","858",,
Norway,"2005-03-20","77",,
Ukraine,"2005-07-31",NA,,
Russia,"2013-09-08","591",,
Ukraine,"2005-09-25",NA,,
New Zealand,"2004-11-21",NA,,
Peru,"2014-04-20","142",,
Peru,"2009-02-15","148",,
Netherlands,"2004-02-29","18",,
France,"2012-09-30","49",,
Paraguay,"2005-05-15",NA,,
Australia,"2006-09-24","356",,
Switzerland,"2008-09-14","26",,
Peru,"2015-07-19","131",,
Bolivia,"2015-02-15","136","0.01",
Russia,"2007-11-04","350",,
Australia,"2012-03-25","333",,
Russia,"2008-09-28","530",,
South Africa,"2004-03-14",NA,,
Bolivia,"2007-10-21","414","0.021",
Netherlands,"2013-08-11","17",,
Sweden,"2009-08-16","4",,
Belgium,"2008-01-20","187",,
Peru,"2013-04-28","151",,
Russia,"2011-06-12","175",,
Australia,"2009-01-25","90",,
Russia,"2008-03-30","470",,
Ukraine,"2004-11-07",NA,,
Ukraine,"2008-08-17","215",,
Uruguay,"2003-04-06","110",,
Hungary,"2007-02-18","229",,
Uruguay,"2008-11-02","103",,
Germany,"2008-04-13","708",,
Bulgaria,"2011-09-11","113",,
Japan,"2014-08-10","5",,
Norway,"2004-07-11",NA,,
New Zealand,"2008-09-21","52",,
Brazil,"2005-11-13","295","0.067",
Canada,"2003-07-20",NA,,
South Africa,"2014-10-26","2325",,
Paraguay,"2007-09-09","327",,
Romania,"2015-06-07","578",,
Argentina,"2014-11-23","99","0.034",
Sweden,"2003-03-16",NA,,
Netherlands,"2015-03-22","44",,
Argentina,"2015-07-12","240","0.017",
Spain,"2008-02-24","48",,
United States,"2012-03-18","2162",,
Bulgaria,"2013-08-18","160",,
Ukraine,"2005-12-04","453",,
Spain,"2013-10-13","35",,
New Zealand,"2012-10-07","40",,
Japan,"2009-05-10","128",,
Bolivia,"2003-12-14","344","0.012",
Argentina,"2015-02-08","78","0.043",
Netherlands,"2005-10-30","30",,
South Africa,"2005-08-28",NA,,
Argentina,"2004-05-16","239","0.036",
Belgium,"2014-09-14","52",,
Sweden,"2005-03-13",NA,,
Uruguay,"2013-06-23","159",,
Bolivia,"2012-01-22","120","0.049",
New Zealand,"2013-05-05","22",,
Hungary,"2005-09-18","32",,
New Zealand,"2005-05-08",NA,,
South Africa,"2007-06-24","3329",,
Romania,"2007-04-22","692",,
Paraguay,"2006-10-29","285",,
Brazil,"2005-10-09","271","0.03",
Japan,"2004-04-04","10",,
Uruguay,"2012-05-20","107",,
Austria,"2009-04-12","584",,
Hungary,"2010-10-17","45",,
South Africa,"2010-11-07","1934",,
Canada,"2007-06-17","783",,
Spain,"2003-08-31",NA,,
Brazil,"2015-03-22","214","0.783",
Canada,"2013-11-24","2154",,
New Zealand,"2012-04-29","23",,
Argentina,"2007-05-06","219","0.104",
Canada,"2003-02-02",NA,,
South Africa,"2012-06-24","3344",,
Netherlands,"2005-11-13","28",,
Switzerland,"2005-12-04","34",,
Mexico,"2015-02-22","1730","0.1",
Argentina,"2006-06-04","211","0.027",
Japan,"2012-01-08","336",,
Peru,"2010-06-06","190",,
Russia,"2007-02-11","447",,
Bulgaria,"2005-11-06","1185",,
Australia,"2003-10-19",NA,,
Belgium,"2005-02-06","379",,
Chile,"2013-02-03","2",,
Norway,"2003-06-08",NA,,
Sweden,"2005-08-14",NA,,
Spain,"2009-05-17","17",,
Japan,"2007-12-30","246",,
Norway,"2009-12-13","63",,
Netherlands,"2005-10-09","30",,
Paraguay,"2003-08-03",NA,,
New Zealand,"2004-03-28",NA,,
Russia,"2009-03-15","718",,
Norway,"2015-04-12","44",,
Peru,"2014-05-11","143",,
Hungary,"2007-10-07","69",,
Spain,"2006-09-03","13",,
Australia,"2006-03-19","261",,
Norway,"2003-08-17",NA,,
Bulgaria,"2012-12-02","379",,
Switzerland,"2008-08-17","8",,
Germany,"2013-05-12","518",,
France,"2011-07-31","2",,
Brazil,"2005-10-30","280","0.041",
Sweden,"2003-04-13",NA,,
Uruguay,"2009-01-18","73",,
Chile,"2007-08-05","7",,
Netherlands,"2011-07-17","11",,
Sweden,"2012-12-09","6",,
Bolivia,"2011-08-21","259","0.013",
Bolivia,"2004-06-27","405","0.015",
Mexico,"2009-07-12","705","0.112",
Germany,"2005-06-05","529",,
Ukraine,"2007-09-16","460",,
Bolivia,"2004-12-26","314","0.015",
Bulgaria,"2007-12-30","1295",,
Mexico,"2013-06-16","798","0.163",
Australia,"2013-05-19","443",,
Brazil,"2003-11-02","230","0.038",
Germany,"2007-11-18","1166",,
Romania,"2007-07-22","507",,
Chile,"2009-03-29","4",,
Brazil,"2012-03-04","125","0.176",
Australia,"2010-03-21","158",,
Switzerland,"2003-12-21","303",,
Japan,"2012-12-02","98",,
Netherlands,"2012-04-08","26",,
Hungary,"2005-04-10","119",,
Hungary,"2010-05-09","40",,
Paraguay,"2004-02-15",NA,,
Ukraine,"2011-01-16","498",,
Hungary,"2004-08-01",NA,,
Poland,"2008-10-19","45",,
Switzerland,"2013-01-13","392",,
Russia,"2006-09-10","243",,
Spain,"2005-11-20","35",,
Uruguay,"2012-09-02","140",,
Austria,"2011-04-17","501",,
Mexico,"2012-02-05","1420","0.059",
Switzerland,"2009-07-26","83",,
Netherlands,"2007-01-14","28",,
Bulgaria,"2004-04-04",NA,,
Japan,"2005-11-06","31",,
Belgium,"2011-06-05","17",,
Peru,"2012-08-05","134",,
Chile,"2007-12-16","3",,
Brazil,"2007-08-12","278","0.05",
Bulgaria,"2012-01-08","498",,
Poland,"2003-07-13",NA,,
Norway,"2003-02-23",NA,,
Netherlands,"2012-03-04","62",,
Peru,"2008-12-07","197",,
Bolivia,"2009-06-28","289","0.064",
France,"2004-04-18","7",,
Japan,"2013-08-18","3",,
Germany,"2009-10-11","993",,
Austria,"2006-12-03","693",,
Bulgaria,"2009-05-10","420",,
Brazil,"2012-04-08","155","0.202",
United States,"2014-04-13","1607",,
Ukraine,"2013-01-13","520",,
Switzerland,"2011-01-16","189",,
Australia,"2012-09-23","361",,
Brazil,"2011-07-17","159","0.058",
Netherlands,"2003-11-02","18",,
New Zealand,"2012-02-12","10",,
Canada,"2006-11-05","2088",,
Austria,"2015-01-04","1717",,
United States,"2005-06-26","684",,
Paraguay,"2004-10-31",NA,,
Ukraine,"2009-07-26","254",,
France,"2012-09-09","7",,
Ukraine,"2003-12-21",NA,,
Chile,"2013-07-14","118",,
Australia,"2014-01-12","125",,
Bolivia,"2003-01-19",NA,"0.173",
New Zealand,"2006-02-05","9",,
Sweden,"2013-02-17","42",,
Netherlands,"2007-08-12","15",,
France,"2014-07-13","3",,
Germany,"2007-04-08","747",,
Australia,"2010-09-26","367",,
Bulgaria,"2014-08-10","172",,
Japan,"2011-09-11","4",,
Brazil,"2007-01-14","168","0.063",
Switzerland,"2007-09-16","23",,
Uruguay,"2009-11-15","78",,
South Africa,"2012-10-28","2211",,
Hungary,"2006-04-30","52",,
Russia,"2013-12-22","611",,
Spain,"2004-02-22","15",,
France,"2008-01-06","339",,
Netherlands,"2008-04-06","34",,
Germany,"2015-05-17","501",,
Hungary,"2014-07-20","26",,
Bolivia,"2012-05-13","254","0.024",
Brazil,"2013-07-28","195","0.056",
New Zealand,"2010-08-22","93",,
Belgium,"2004-05-02","34",,
Brazil,"2011-03-20","178","0.487",
Austria,"2010-02-21","854",,
Hungary,"2007-07-01","41",,
Uruguay,"2012-04-22","75",,
Paraguay,"2015-04-05","289",,
Argentina,"2014-04-27","123","0.084",
Hungary,"2013-09-22","59",,
Canada,"2007-01-07","3099",,
Peru,"2011-09-25","137",,
South Africa,"2014-09-21","3042",,
Australia,"2008-08-03","827",,
Mexico,"2003-11-09","957","0.132",
Bulgaria,"2009-09-27","611",,
Sweden,"2005-10-02",NA,,
Belgium,"2006-10-08","58",,
Ukraine,"2006-08-27","212",,
Austria,"2012-09-16","684",,
Russia,"2005-04-24","249",,
Poland,"2009-09-06","25",,
Bolivia,"2014-03-30","217","0.047",
Switzerland,"2008-04-27","16",,
Poland,"2005-01-30","271",,
Brazil,"2015-07-05","231","0.101",
Switzerland,"2009-02-01","385",,
Hungary,"2006-04-16","70",,
Ukraine,"2014-06-29","209",,
Romania,"2009-11-29","1110",,
Netherlands,"2012-07-01","20",,
Chile,"2004-09-19","2",,
Bolivia,"2004-03-21","450","0.037",
Australia,"2007-03-11","242",,
Netherlands,"2013-07-28","16",,
Switzerland,"2006-08-27","12",,
Ukraine,"2009-02-01","590",,
Canada,"2004-06-13","819",,
Switzerland,"2014-06-29","24",,
Sweden,"2014-08-31","4",,
Spain,"2008-06-22","8",,
France,"2008-02-03","406",,
Bulgaria,"2010-05-30","306",,
New Zealand,"2006-07-09","83",,
Ukraine,"2008-04-27","279",,
Paraguay,"2012-10-21","149",,
Netherlands,"2011-03-20","25",,
Argentina,"2008-12-28","89","0.014",
Poland,"2012-11-25","34",,
Australia,"2014-04-06","289",,
Russia,"2013-12-01","557",,
Bolivia,"2015-03-08","196","0.019",
United States,"2015-03-15","2123",,
Canada,"2009-08-02","973",,
France,"2006-06-18","6",,
Brazil,"2008-04-06","284","1",
New Zealand,"2007-03-04","8",,
Japan,"2003-09-14",NA,,
Chile,"2008-01-13","2",,
Brazil,"2012-07-01","187","0.083",
Austria,"2011-01-30","1635",,
Austria,"2008-05-25","517",,
Netherlands,"2015-07-05","14",,
Poland,"2015-04-19","35",,
Spain,"2014-02-09","107",,
Japan,"2008-12-21","397",,
Uruguay,"2004-09-12","172",,
Australia,"2009-08-09","657",,
South Africa,"2008-09-07","2938",,
Norway,"2010-02-14","64",,
France,"2009-06-07","7",,
Romania,"2008-07-06","538",,
France,"2004-06-20","4",,
Australia,"2014-01-05","154",,
Russia,"2004-11-28","366",,
New Zealand,"2005-10-02",NA,,
Australia,"2011-03-13","198",,
Peru,"2011-08-14","154",,
Germany,"2010-08-08","335",,
United States,"2012-11-18","3040",,
Brazil,"2005-08-28","289","0.035",
Uruguay,"2007-10-21","136",,
Germany,"2014-10-19","939",,
Uruguay,"2015-02-15","79",,
Germany,"2003-09-21",NA,,
Hungary,"2010-03-07","52",,
Brazil,"2007-06-24","349","0.101",
Russia,"2006-06-11","232",,
South Africa,"2005-10-09",NA,,
Germany,"2006-05-07","541",,
Hungary,"2004-05-09",NA,,
Romania,"2008-07-13","529",,
Romania,"2012-01-15","627",,
Belgium,"2011-05-22","23",,
Spain,"2013-06-30","8",,
Sweden,"2010-08-22","2",,
Russia,"2012-02-19","591",,
Ukraine,"2012-07-22","217",,
Hungary,"2013-08-04","28",,
Argentina,"2006-04-09","130","0.048",
Australia,"2009-02-22","145",,
Romania,"2014-06-01","562",,
Spain,"2009-11-08","304",,
Belgium,"2004-01-18","93",,
Norway,"2012-04-15","48",,
Bulgaria,"2010-06-20","270",,
Brazil,"2014-10-26","159","0.061",
Japan,"2011-08-28","3",,
Netherlands,"2012-06-24","21",,
South Africa,"2005-11-13",NA,,
Netherlands,"2010-11-07","23",,
Romania,"2006-05-28","694",,
Spain,"2013-02-24","157",,
Chile,"2003-05-18","1",,
Uruguay,"2003-08-24","212",,
United States,"2007-08-26","809",,
Canada,"2007-05-27","947",,
Chile,"2005-07-10","7",,
France,"2003-11-30","1282",,
Canada,"2010-10-31","1594",,
Netherlands,"2007-06-24","17",,
Hungary,"2009-07-19","55",,
United States,"2005-03-27","1749",,
Norway,"2005-02-20","56",,
Norway,"2009-10-25","535",,
Switzerland,"2012-07-22","11",,
South Africa,"2005-10-30",NA,,
Netherlands,"2005-08-28","13",,
Russia,"2006-07-02","206",,
France,"2011-11-20","47",,
Paraguay,"2007-12-09","238",,
Norway,"2003-01-05",NA,,
Poland,"2015-02-22","275",,
France,"2008-11-16","40",,
Canada,"2015-06-28","922",,
South Africa,"2015-03-22","2483",,
Brazil,"2010-11-07","165","0.102",
Sweden,"2007-03-04","26",,
Brazil,"2012-06-24","196","0.093",
Netherlands,"2014-10-26","29",,
Hungary,"2008-10-05","58",,
Sweden,"2006-07-09","1",,
New Zealand,"2014-08-31","139",,
Norway,"2014-06-15","37",,
South Africa,"2013-08-11","3783",,
Mexico,"2005-10-16","948","0.194",
Russia,"2004-10-17","242",,
Bolivia,"2009-01-18","226","0.37",
Netherlands,"2004-03-14","16",,
Norway,"2006-01-15","43",,
Mexico,"2005-01-09","1206","0.038",
Germany,"2008-02-17","1594",,
Spain,"2009-06-14","10",,
Paraguay,"2008-12-14","181",,
Paraguay,"2005-08-07","462",,
Poland,"2009-04-19","29",,
Poland,"2008-05-11","26",,
Russia,"2005-09-04","127",,
Austria,"2010-12-12","776",,
United States,"2010-04-18","1110",,
Argentina,"2003-06-29","348","0.031",
Germany,"2012-11-11","860",,
Canada,"2006-01-29","2401",,
South Africa,"2004-02-29",NA,,
Ukraine,"2013-09-29","567",,
Ukraine,"2013-10-20","429",,
Belgium,"2015-06-21","17",,
Bulgaria,"2008-08-31","302",,
New Zealand,"2012-12-09","15",,
Russia,"2007-04-15","236",,
Argentina,"2010-01-17","67","0.361",
Ukraine,"2014-06-08","202",,
Australia,"2010-04-04","125",,
Chile,"2005-01-23","1",,
Ukraine,"2010-01-03","552",,
Mexico,"2008-05-04","880","0.071",
Bolivia,"2012-05-20","227","0.023",
Argentina,"2013-03-03","76","0.217",
Switzerland,"2014-06-08","20",,
Peru,"2012-08-12","139",,
Chile,"2009-12-20","1",,
Bolivia,"2013-06-23","178","0.005",
Uruguay,"2012-01-22","53",,
Switzerland,"2010-01-03","45",,
Brazil,"2004-03-14","213","0.071",
Uruguay,"2003-12-14","117",,
Belgium,"2006-02-12","297",,
Sweden,"2006-02-05","6",,
Chile,"2006-09-17","6",,
New Zealand,"2013-02-17","17",,
Australia,"2003-10-12",NA,,
Peru,"2003-06-22","427",,
Switzerland,"2013-09-29","44",,
Japan,"2011-02-06","976",,
Switzerland,"2013-10-20","35",,
France,"2014-10-05","26",,
Japan,"2008-04-20","12",,
United States,"2009-11-01","5722",,
Peru,"2003-03-02","270",,
Australia,"2013-07-21","575",,
Spain,"2010-12-19","54",,
Sweden,"2012-02-12","17",,
United States,"2014-03-16","1738",,
Bolivia,"2008-11-02","392","0.021",
Russia,"2013-10-27","498",,
Romania,"2006-11-12","827",,
Poland,"2008-06-08","19",,
Bulgaria,"2013-03-24","425",,
Japan,"2011-04-10","73",,
Bolivia,"2003-04-06","636","0.121",
Chile,"2003-12-28","1",,
Hungary,"2003-10-05",NA,,
Russia,"2005-08-21","109",,
Netherlands,"2008-09-07","27",,
Mexico,"2009-09-06","1003","0.652",
New Zealand,"2005-03-13",NA,,
France,"2010-07-04","2",,
Sweden,"2013-05-05","3",,
Bolivia,"2009-11-15","238","0.035",
Brazil,"2014-09-21","178","0.054",
Bulgaria,"2008-04-20","551",,
Sweden,"2005-05-08",NA,,
Hungary,"2013-11-17","60",,
United States,"2004-12-12","1850",,
Belgium,"2008-03-23","96",,
Mexico,"2005-01-30","1052","0.033",
Norway,"2009-09-13","131",,
Belgium,"2012-01-29","122",,
Bulgaria,"2011-04-10","315",,
Sweden,"2012-10-07","3",,
South Africa,"2015-07-05","3394",,
Argentina,"2013-09-15","125","0.022",
Poland,"2003-11-09",NA,,
Uruguay,"2003-01-19",NA,,
Japan,"2013-03-24","280",,
Canada,"2010-04-11","1077",,
Norway,"2006-10-01","26",,
Argentina,"2003-08-10","225","0.022",
Austria,"2004-08-22","450",,
Brazil,"2012-10-28","128","0.056",
Sweden,"2008-09-21","2",,
Argentina,"2013-01-20","71","0.089",
Spain,"2003-03-09",NA,,
Paraguay,"2007-11-25","271",,
New Zealand,"2003-03-16",NA,,
Romania,"2006-10-22","851",,
South Africa,"2013-07-28","3252",,
Chile,"2011-04-24","6",,
Russia,"2004-12-05","383",,
Bulgaria,"2011-02-06","1269",,
Argentina,"2008-11-23","112","0.024",
Norway,"2007-10-28","27",,
Germany,"2006-03-12","1047",,
Norway,"2008-06-01","36",,
Germany,"2004-04-25","542",,
South Africa,"2011-03-20","2058",,
Switzerland,"2011-02-13","158",,
France,"2003-11-23","877",,
Uruguay,"2009-06-28","282",,
United States,"2007-03-18","1893",,
Japan,"2008-08-31","2",,
South Africa,"2012-07-01","3710",,
Paraguay,"2015-08-02","337",,
New Zealand,"2003-04-13",NA,,
Ukraine,"2011-02-13","581",,
Argentina,"2009-05-31","232","0.412",
Argentina,"2005-04-17","192","0.022",
Norway,"2015-05-10","31",,
Argentina,"2003-10-26","178","0.024",
Austria,"2003-03-23",NA,,
New Zealand,"2005-08-14",NA,,
Romania,"2012-10-14","690",,
Brazil,"2008-09-07","243","0.033",
Hungary,"2012-06-17","29",,
Sweden,"2004-03-28",NA,,
Mexico,"2015-04-19","1122","0.14",
Bolivia,"2012-09-02","221","0.012",
Netherlands,"2014-09-21","32",,
France,"2005-10-23","61",,
Uruguay,"2004-12-26","98",,
Australia,"2008-10-26","317",,
Netherlands,"2012-10-28","34",,
South Africa,"2008-04-06","2438",,
Mexico,"2012-11-25","1497","0.168",
Sweden,"2012-04-29","2",,
Austria,"2010-04-25","530",,
Uruguay,"2011-08-21","150",,
Canada,"2011-10-23","1679",,
Uruguay,"2004-06-27","172",,
Australia,"2014-07-27","1559",,
Belgium,"2004-08-29","11",,
Spain,"2015-05-03","20",,
Ukraine,"2005-12-25","411",,
Mexico,"2003-07-13",NA,"0.072",
Hungary,"2014-02-23","305",,
Austria,"2012-04-01","657",,
Romania,"2013-11-10","624",,
United States,"2004-05-23","649",,
Norway,"2012-12-23","49",,
Bolivia,"2004-09-12","563","0.014",
Switzerland,"2010-08-01","7",,
Mexico,"2008-10-19","1101","0.217",
South Africa,"2007-08-12","4253",,
Poland,"2012-02-05","31",,
Argentina,"2011-11-06","85","0.036",
France,"2009-08-23","43",,
Germany,"2015-01-25","1517",,
Belgium,"2011-04-03","47",,
Paraguay,"2007-04-01","313",,
Argentina,"2008-11-30","102","0.017",
Uruguay,"2015-03-08","74",,
South Africa,"2003-11-02",NA,,
Canada,"2004-02-01","1699",,
Poland,"2009-07-12","17",,
Australia,"2005-03-06",NA,,
South Africa,"2012-03-04","1926",,
Chile,"2009-03-01","1",,
Poland,"2013-06-16","12",,
Peru,"2012-07-29","135",,
Spain,"2004-04-11","12",,
Uruguay,"2004-03-21","113",,
Germany,"2010-07-18","282",,
Norway,"2004-10-10",NA,,
Australia,"2011-01-09","103",,
New Zealand,"2009-08-16","64",,
France,"2009-05-24","6",,
Canada,"2015-05-24","1067",,
Uruguay,"2014-03-30","98",,
Germany,"2011-05-08","327",,
Russia,"2014-11-09","618",,
Belgium,"2014-05-04","34",,
Bulgaria,"2011-08-28","124",,
France,"2004-03-07","18",,
Austria,"2014-12-21","1450",,
Germany,"2004-05-30","544",,
Japan,"2010-06-20","4",,
Canada,"2008-08-24","711",,
South Africa,"2007-01-14","1714",,
Hungary,"2012-12-16","53",,
Paraguay,"2007-02-25","275",,
Ukraine,"2010-08-01","269",,
Romania,"2004-01-25","782",,
Sweden,"2004-11-21",NA,,
Bolivia,"2012-04-22","220","0.038",
Uruguay,"2012-05-13","99",,
Russia,"2013-03-10","1209",,
South Africa,"2012-04-08","2312",,
Chile,"2006-04-02","6",,
Switzerland,"2005-12-25","24",,
Peru,"2014-02-02","93",,
South Africa,"2011-07-17","3143",,
Peru,"2006-07-23","251",,
Germany,"2015-07-26","337",,
South Africa,"2012-07-08","3159",,
Russia,"2003-05-25",NA,,
Netherlands,"2004-09-26","30",,
United States,"2007-04-01","1375",,
Australia,"2007-12-23","131",,
Uruguay,"2010-01-24","51",,
Norway,"2015-07-12","31",,
Bolivia,"2007-05-27","477","0.049",
Romania,"2012-04-29","506",,
Norway,"2015-02-08","503",,
Mexico,"2014-05-11","1005","0.114",
Norway,"2004-05-16",NA,,
Bolivia,"2010-10-31","239","0.02",
Chile,"2006-12-17","2",,
Brazil,"2005-09-11","271","0.025",
Austria,"2004-07-18","445",,
Peru,"2015-02-22","102",,
France,"2011-08-28","2",,
Brazil,"2007-11-11","219","0.099",
Bulgaria,"2004-03-07",NA,,
Argentina,"2004-07-11","238","0.022",
Switzerland,"2011-12-25","48",,
Mexico,"2010-06-06","715","0.128",
Hungary,"2005-11-27","54",,
Norway,"2014-11-23","64",,
Chile,"2010-10-10","16",,
Ukraine,"2006-01-08","385",,
Germany,"2006-02-12","1126",,
Netherlands,"2010-01-10","29",,
Romania,"2004-03-28","757",,
Hungary,"2011-06-19","26",,
Ukraine,"2010-09-12","615",,
Bulgaria,"2009-05-24","414",,
Brazil,"2003-01-12","174","0.119",
Bolivia,"2015-06-28","230","0.007",
Sweden,"2012-10-14","3",,
Brazil,"2008-05-18","337","0.229",
South Africa,"2008-07-27","3874",,
Paraguay,"2004-05-23",NA,,
Argentina,"2003-08-17","201","0.022",
Belgium,"2012-11-11","70",,
Sweden,"2006-10-22","2",,
New Zealand,"2015-06-07","22",,
Austria,"2007-09-23","756",,
Romania,"2008-09-21","741",,
Germany,"2015-06-21","424",,
Australia,"2014-03-23","300",,
Hungary,"2008-11-09","74",,
Poland,"2011-08-14","7",,
Switzerland,"2010-09-12","21",,
United States,"2007-02-25","2641",,
Austria,"2011-10-09","644",,
Bulgaria,"2009-08-23","300",,
Ukraine,"2011-12-25","380",,
Spain,"2004-07-04","10",,
Argentina,"2003-06-08","261","0.039",
Austria,"2007-07-15","486",,
Japan,"2003-11-30","33",,
Argentina,"2009-12-13","87","0.412",
Switzerland,"2006-01-08","33",,
Hungary,"2005-02-27","417",,
Chile,"2005-12-11","2",,
Australia,"2008-03-09","293",,
Argentina,"2015-04-12","119","0.166",
Brazil,"2004-09-26","261","0.026",
Uruguay,"2014-08-24","174",,
Norway,"2006-06-04","15",,
Hungary,"2014-05-25","41",,
Brazil,"2010-01-10","114","0.185",
Romania,"2005-05-08","689",,
New Zealand,"2007-04-22","20",,
Romania,"2013-05-05","569",,
Netherlands,"2008-05-18","15",,
Netherlands,"2003-01-12",NA,,
Russia,"2003-12-07",NA,,
Spain,"2005-07-17","10",,
Netherlands,"2007-11-11","29",,
Belgium,"2008-02-17","293",,
Netherlands,"2005-09-11","18",,
Japan,"2011-11-20","42",,
Romania,"2012-10-07","649",,
Japan,"2008-11-16","61",,
Norway,"2007-05-06","17",,
United States,"2007-11-25","1700",,
Poland,"2012-08-12","8",,
Australia,"2011-12-04","188",,
Chile,"2010-05-02","5",,
Sweden,"2004-01-25",NA,,
Mexico,"2013-04-28","991","0.087",
Australia,"2010-08-15","536",,
Romania,"2004-11-21","795",,
Chile,"2010-10-03","28",,
Ukraine,"2009-02-08","607",,
Brazil,"2010-12-05","135","0.093",
Russia,"2011-05-29","239",,
Bulgaria,"2005-10-23","937",,
Mexico,"2015-07-19","1046","0.249",
Switzerland,"2010-05-16","10",,
Canada,"2013-06-23","821",,
Russia,"2009-04-05","428",,
Poland,"2003-06-22",NA,,
Norway,"2012-12-30","106",,
Canada,"2008-11-02","1767",,
Brazil,"2006-08-06","291","0.039",
Paraguay,"2004-12-12",NA,,
Mexico,"2014-04-20","1108","0.112",
Ukraine,"2006-03-26","412",,
Russia,"2008-10-12","461",,
Canada,"2003-04-06",NA,,
Mexico,"2009-02-15","1578","0.069",
Poland,"2003-03-02",NA,,
Norway,"2015-04-26","33",,
Hungary,"2009-01-04","95",,
Hungary,"2004-08-08",NA,,
Uruguay,"2003-07-20","189",,
Peru,"2008-06-08","284",,
Netherlands,"2006-05-21","13",,
Spain,"2012-02-26","87",,
Hungary,"2004-02-08",NA,,
France,"2011-02-06","234",,
Germany,"2011-05-22","321",,
Spain,"2003-01-26",NA,,
Netherlands,"2010-12-05","35",,
South Africa,"2011-03-06","2126",,
Bulgaria,"2003-11-23",NA,,
Russia,"2013-01-06","869",,
Russia,"2006-12-10","342",,
Peru,"2009-04-19","233",,
Peru,"2008-05-11","226",,
Germany,"2004-01-18","1135",,
Canada,"2009-01-18","2475",,
Australia,"2008-03-02","269",,
Switzerland,"2006-03-26","86",,
South Africa,"2003-06-15",NA,,
United States,"2015-08-02","735",,
Uruguay,"2007-06-17","237",,
Uruguay,"2013-11-24","71",,
France,"2011-04-10","6",,
Uruguay,"2003-02-02",NA,,
Austria,"2015-02-01","2873",,
Chile,"2005-06-12","27",,
Belgium,"2014-10-19","92",,
South Africa,"2009-12-06","1895",,
Hungary,"2006-01-22","61",,
Canada,"2012-05-20","1013",,
Brazil,"2006-05-21","406","0.118",
Ukraine,"2010-05-16","218",,
Belgium,"2010-08-08","11",,
Paraguay,"2007-03-18","310",,
Belgium,"2003-09-21",NA,,
Mexico,"2011-11-13","1056","0.106",
Russia,"2009-05-03","442",,
Australia,"2007-01-28","105",,
Argentina,"2010-12-26","70","0.036",
Bulgaria,"2010-07-04","243",,
Netherlands,"2006-08-06","16",,
Bolivia,"2006-01-29","228","0.009",
Japan,"2014-10-05","14",,
France,"2008-04-20","16",,
Argentina,"2005-03-20","137","0.024",
Switzerland,"2009-02-08","200",,
Belgium,"2006-05-07","43",,
Russia,"2010-02-28","527",,
Sweden,"2013-11-10","4",,
Austria,"2005-01-02","769",,
Romania,"2007-03-04","925",,
Ukraine,"2014-06-22","212",,
Chile,"2011-07-24","12",,
France,"2013-03-24","32",,
Austria,"2004-11-14","808",,
Ukraine,"2014-03-02","585",,
Spain,"2007-04-29","21",,
Canada,"2012-09-02","884",,
Bulgaria,"2014-10-05","585",,
Norway,"2014-04-27","43",,
Netherlands,"2006-03-05","61",,
Romania,"2006-07-09","631",,
Australia,"2013-07-07","508",,
Netherlands,"2006-11-19","25",,
Japan,"2010-07-04","3",,
Belgium,"2015-07-26","13",,
Chile,"2015-01-11","4",,
Japan,"2003-11-23","25",,
Ukraine,"2013-10-06","525",,
Russia,"2012-05-27","381",,
Brazil,"2006-02-19","196","0.136",
New Zealand,"2008-07-06","70",,
Netherlands,"2013-03-31","47",,
Belgium,"2010-07-18","8",,
Bolivia,"2011-10-23","206","0.019",
Austria,"2010-07-11","405",,
Belgium,"2004-05-30","41",,
Austria,"2012-11-04","855",,
Hungary,"2004-01-11",NA,,
Netherlands,"2003-02-09",NA,,
Belgium,"2011-05-08","24",,
Germany,"2014-05-04","490",,
Paraguay,"2010-04-18","259",,
Brazil,"2014-09-28","165","0.057",
United States,"2008-12-14","1870",,
United States,"2005-08-07","710",,
Belgium,"2015-01-25","1459",,
Germany,"2011-04-03","625",,
Brazil,"2006-03-05","223","0.156",
Paraguay,"2009-11-01","177",,
Australia,"2011-11-27","189",,
Argentina,"2010-02-14","68","0.455",
Romania,"2010-08-22","571",,
Brazil,"2006-11-19","251","0.069",
Sweden,"2008-07-13","1",,
Bolivia,"2010-04-11","299","0.046",
Sweden,"2012-01-15","4",,
Sweden,"2006-05-28","1",,
Australia,"2007-03-25","281",,
Switzerland,"2013-10-06","41",,
Canada,"2009-11-15","4316",,
Mexico,"2011-09-25","777","0.161",
Russia,"2005-04-03","291",,
France,"2008-08-31","5",,
Paraguay,"2014-03-16","216",,
Austria,"2011-03-27","704",,
Peru,"2003-11-09","380",,
Sweden,"2014-06-01","2",,
New Zealand,"2009-11-29","17",,
Brazil,"2003-02-09","184","0.179",
Chile,"2010-06-27","8",,
Netherlands,"2014-09-28","27",,
Switzerland,"2014-03-02","188",,
Brazil,"2013-03-31","185","0.501",
Hungary,"2011-02-20","226",,
Russia,"2006-12-31","329",,
Uruguay,"2006-11-05","120",,
Netherlands,"2006-02-19","66",,
Switzerland,"2014-06-22","17",,
Chile,"2010-03-28","4",,
Russia,"2003-05-04",NA,,
Hungary,"2009-08-30","51",,
Norway,"2008-12-28","236",,
Russia,"2014-12-07","789",,
Japan,"2005-10-23","11",,
Romania,"2012-02-12","785",,
South Africa,"2006-07-30","2975",,
Austria,"2015-01-18","2035",,
Uruguay,"2007-01-07","75",,
Bolivia,"2008-08-24","316","0.01",
Bulgaria,"2011-11-20","430",,
Spain,"2010-03-14","8",,
Bulgaria,"2008-11-16","816",,
Bolivia,"2015-05-24","230","0.015",
Germany,"2004-08-29","406",,
Sweden,"2006-11-12","3",,
Brazil,"2013-04-21","225","0.383",
Ukraine,"2008-02-10","879",,
Paraguay,"2012-11-18","153",,
Switzerland,"2008-06-15","19",,
Spain,"2013-06-02","14",,
Russia,"2010-11-14","393",,
Hungary,"2010-07-25","40",,
Poland,"2014-02-02","51",,
Switzerland,"2013-12-15","57",,
Spain,"2014-03-09","44",,
South Africa,"2014-07-06","4472",,
Poland,"2006-07-23","14",,
Mexico,"2008-12-07","1471","0.102",
Austria,"2010-08-29","499",,
Canada,"2012-04-22","1354",,
Japan,"2009-08-23","250",,
Hungary,"2007-05-20","43",,
Romania,"2006-02-05","742",,
Bulgaria,"2003-11-30",NA,,
Ukraine,"2013-12-15","442",,
Mexico,"2012-08-05","756","0.235",
France,"2010-06-20","3",,
Canada,"2004-09-12","1042",,
Japan,"2004-03-07","56",,
South Africa,"2013-08-25","3231",,
New Zealand,"2007-07-22","75",,
United States,"2007-12-09","1618",,
Australia,"2015-03-29","310",,
South Africa,"2014-12-14","1952",,
Belgium,"2006-03-12","217",,
Japan,"2009-05-24","123",,
Switzerland,"2008-02-10","157",,
Hungary,"2013-12-29","69",,
Peru,"2012-02-05","90",,
Ukraine,"2008-06-15","201",,
Belgium,"2004-04-25","29",,
Bolivia,"2004-02-01","336","0.068",
Uruguay,"2004-06-13","165",,
Australia,"2011-07-10","356",,
Paraguay,"2007-08-26","347",,
Germany,"2008-03-23","860",,
Chile,"2005-06-19","22",,
Argentina,"2003-02-23","135","0.048",
South Africa,"2007-01-21","1844",,
Germany,"2012-01-29","862",,
Peru,"2009-07-12","256",,
Paraguay,"2005-03-27",NA,,
Netherlands,"2013-04-21","24",,
Australia,"2003-05-11",NA,,
Russia,"2010-10-24","477",,
Uruguay,"2009-08-02","139",,
Peru,"2013-06-16","146",,
Poland,"2012-07-29","9",,
Australia,"2011-02-27","192",,
Australia,"2013-04-14","293",,
South Africa,"2006-08-06","3130",,
Romania,"2013-02-17","968",,
Norway,"2010-01-17","60",,
Germany,"2005-02-06","2005",,
Bulgaria,"2009-06-07","329",,
Bulgaria,"2004-06-20",NA,,
Norway,"2013-03-03","149",,
United States,"2015-04-05","1651",,
Austria,"2003-09-28","515",,
Norway,"2003-06-29",NA,,
Bolivia,"2014-08-24","244","0.009",
Poland,"2009-02-15","143",,
Mexico,"2003-03-02",NA,"0.075",
Poland,"2014-04-20","23",,
Belgium,"2013-05-12","45",,
Netherlands,"2009-12-06","52",,
Ukraine,"2014-09-07","441",,
Australia,"2008-07-20","534",,
Spain,"2009-06-21","8",,
Chile,"2014-10-12","11",,
Canada,"2007-10-21","1504",,
Bulgaria,"2006-06-18","646",,
Netherlands,"2003-06-15",NA,,
Mexico,"2003-06-22",NA,"0.056",
Poland,"2015-07-19","10",,
Spain,"2011-10-16","19",,
New Zealand,"2006-11-12","11",,
Australia,"2004-10-03",NA,,
South Africa,"2010-12-05","1867",,
Austria,"2011-06-26","381",,
Chile,"2006-06-25","8",,
Mexico,"2012-08-12","750","0.258",
Argentina,"2006-01-15","91","0.01",
Canada,"2015-02-15","3402",,
France,"2010-05-30","4",,
Bulgaria,"2008-02-03","1357",,
Netherlands,"2011-03-06","31",,
Poland,"2013-04-28","24",,
Uruguay,"2015-06-28","223",,
Japan,"2012-09-30","12",,
Poland,"2011-11-13","28",,
Russia,"2003-04-20",NA,,
Peru,"2008-05-04","265",,
South Africa,"2006-05-21","3975",,
Hungary,"2015-08-09","23",,
Brazil,"2009-12-06","121","0.103",
Germany,"2014-09-14","643",,
Chile,"2013-01-27","2",,
Hungary,"2008-03-16","94",,
Chile,"2011-07-03","9",,
Russia,"2003-11-16",NA,,
France,"2009-09-27","130",,
United States,"2012-10-21","2369",,
Uruguay,"2010-10-31","107",,
Switzerland,"2014-09-07","49",,
Canada,"2003-08-24",NA,,
Brazil,"2011-03-06","152","0.284",
Uruguay,"2007-05-27","195",,
Romania,"2012-12-09","591",,
Belgium,"2008-04-13","66",,
Bolivia,"2010-01-24","136","0.024",
Peru,"2005-10-16","376",,
Bulgaria,"2008-01-06","1293",,
Paraguay,"2015-03-15","279",,
Peru,"2005-01-09","255",,
Sweden,"2007-07-22","1",,
Brazil,"2003-06-15","334","0.036",
South Africa,"2007-11-11","1968",,
Uruguay,"2006-01-29","81",,
Austria,"2003-09-07",NA,,
South Africa,"2005-09-11",NA,,
Argentina,"2012-04-15","93","0.046",
France,"2014-08-10","3",,
Hungary,"2005-12-18","57",,
United States,"2004-02-15","1162",,
Austria,"2003-02-16",NA,,
Russia,"2012-08-26","333",,
Bulgaria,"2012-09-09","140",,
Sweden,"2008-07-06","1",,
Bolivia,"2007-06-17","510","0.022",
Chile,"2012-06-10","45",,
Norway,"2006-04-09","31",,
South Africa,"2003-01-12",NA,,
Bolivia,"2013-11-24","153","0.009",
Poland,"2010-06-06","12",,
Austria,"2004-08-15","471",,
Brazil,"2008-07-27","252","0.032",
Russia,"2005-01-16","336",,
Bolivia,"2003-02-02",NA,"0.16",
South Africa,"2008-05-18","2465",,
Germany,"2008-01-20","1121",,
Bulgaria,"2014-07-13","189",,
Germany,"2009-03-08","1000",,
Brazil,"2012-07-08","179","0.067",
Romania,"2014-08-31","566",,
Poland,"2014-05-11","17",,
Ukraine,"2007-09-02","300",,
Bulgaria,"2004-04-18",NA,,
Spain,"2004-06-06","14",,
France,"2009-05-10","12",,
Russia,"2009-07-05","162",,
Spain,"2006-02-26","87",,
Spain,"2003-06-01",NA,,
South Africa,"2010-01-10","1628",,
Germany,"2005-05-22","570",,
Bolivia,"2003-07-20","523","0.021",
Netherlands,"2008-07-27","11",,
Germany,"2004-09-05","436",,
Spain,"2011-12-18","18",,
Argentina,"2014-06-15","228","0.029",
France,"2012-01-08","49",,
Spain,"2009-04-26","40",,
Sweden,"2009-11-29","7",,
Argentina,"2003-01-05",NA,NA,
France,"2004-04-04","9",,
Romania,"2005-10-02","775",,
Switzerland,"2007-09-02","16",,
New Zealand,"2006-05-28","26",,
Paraguay,"2014-04-13","203",,
Canada,"2012-01-22","2056",,
Japan,"2011-07-31","3",,
Argentina,"2005-02-20","94","0.014",
Argentina,"2009-10-25","141","0.46",
New Zealand,"2014-06-01","81",,
Paraguay,"2005-06-26","400",,
United States,"2004-10-31","1804",,
Netherlands,"2012-07-08","19",,
Mexico,"2011-08-14","510","0.094",
Canada,"2003-12-14","7531",,
Spain,"2013-04-07","27",,
New Zealand,"2008-07-13","78",,
Australia,"2006-08-20","704",,
South Africa,"2004-09-26",NA,,
France,"2007-12-30","330",,
New Zealand,"2012-01-15","10",,
Austria,"2007-12-02","897",,
Poland,"2008-12-07","71",,
South Africa,"2013-04-21","2675",,
France,"2012-12-02","79",,
Mexico,"2014-02-02","1956","0.133",
Chile,"2005-02-13","2",,
Switzerland,"2014-08-03","25",,
Netherlands,"2007-01-21","32",,
Mexico,"2006-07-23","774","0.099",
Bolivia,"2006-11-05","417","0.02",
Bulgaria,"2011-07-31","165",,
Chile,"2006-04-23","5",,
Paraguay,"2012-03-18","125",,
Hungary,"2003-07-27",NA,,
Brazil,"2014-07-06","182","0.081",
United States,"2006-10-29","1577",,
Spain,"2014-01-26","363",,
Canada,"2009-06-28","1197",,
Norway,"2008-11-30","53",,
Romania,"2009-08-16","589",,
Brazil,"2006-07-30","284","0.023",
Netherlands,"2014-12-14","78",,
Austria,"2014-08-17","568",,
Argentina,"2012-12-23","75","0.034",
France,"2005-11-06","64",,
Norway,"2011-11-06","72",,
Switzerland,"2011-01-02","202",,
Canada,"2003-01-19",NA,,
United States,"2007-09-09","957",,
Uruguay,"2010-04-11","82",,
New Zealand,"2004-01-25",NA,,
Netherlands,"2013-08-25","22",,
Spain,"2015-06-14","8",,
United States,"2003-08-03",NA,,
Netherlands,"2014-07-06","16",,
Australia,"2010-11-28","124",,
Mexico,"2012-07-29","779","0.223",
New Zealand,"2013-11-10","30",,
Brazil,"2007-01-21","159","0.097",
France,"2013-08-18","2",,
Canada,"2011-08-21","211",,
Uruguay,"2011-10-23","77",,
Hungary,"2004-07-25",NA,,
Canada,"2004-06-27","711",,
Germany,"2006-10-08","855",,
Ukraine,"2011-01-02","666",,
Canada,"2004-12-26","3586",,
Japan,"2004-04-18","7",,
France,"2011-09-11","4",,
Peru,"2008-10-19","240",,
Brazil,"2013-08-25","204","0.054",
Poland,"2012-08-05","8",,
Germany,"2004-05-02","563",,
Argentina,"2004-10-10","153","0.029",
Brazil,"2014-12-14","133","0.055",
Ukraine,"2014-08-03","208",,
Netherlands,"2006-07-30","15",,
Japan,"2014-07-13","6",,
Belgium,"2015-05-17","38",,
Hungary,"2006-07-16","39",,
Japan,"2012-09-09","10",,
Peru,"2003-07-13","441",,
Russia,"2012-06-03","360",,
Spain,"2009-09-20","93",,
South Africa,"2006-02-19","2380",,
Canada,"2015-03-08","2744",,
Norway,"2008-11-23","42",,
Bolivia,"2009-08-02","317","0.049",
Argentina,"2007-10-28","174","0.041",
Argentina,"2008-06-01","266","0.022",
Romania,"2005-08-14","675",,
Peru,"2012-11-25","125",,
New Zealand,"2012-10-14","35",,
United States,"2010-09-05","1030",,
Romania,"2003-04-13","757",,
Canada,"2004-03-21","1424",,
Japan,"2008-01-06","283",,
Belgium,"2007-04-08","48",,
Austria,"2009-10-18","828",,
Switzerland,"2011-09-18","10",,
Bolivia,"2004-06-13","459","0.028",
Uruguay,"2004-02-01","104",,
South Africa,"2014-09-28","2832",,
Norway,"2013-01-20","321",,
United States,"2014-01-19","4022",,
Hungary,"2013-03-17","103",,
Norway,"2013-09-15","93",,
Peru,"2015-04-19","148",,
Bulgaria,"2012-09-30","238",,
Belgium,"2009-10-11","318",,
Norway,"2003-08-10",NA,,
Argentina,"2006-10-01","200","0.019",
Chile,"2009-01-11","2",,
Hungary,"2014-02-16","293",,
Chile,"2011-12-11","3",,
Hungary,"2006-12-24","76",,
Austria,"2007-06-03","513",,
Spain,"2011-10-02","14",,
Argentina,"2009-09-13","145","0.147",
South Africa,"2003-02-09",NA,,
Canada,"2012-05-13","1057",,
Japan,"2006-06-18","9",,
Austria,"2003-03-30",NA,,
Russia,"2007-07-08","126",,
Russia,"2002-12-29",NA,,
Japan,"2008-02-03","402",,
South Africa,"2013-03-31","2173",,
Hungary,"2007-02-04","322",,
Germany,"2011-06-05","287",,
Sweden,"2007-04-22","2",,
Russia,"2008-01-27","669",,
Romania,"2005-03-13","1080",,
Uruguay,"2015-05-24","134",,
Argentina,"2015-05-10","168","0.08",
South Africa,"2006-03-05","2179",,
Norway,"2003-10-26",NA,,
Norway,"2005-04-17","41",,
Japan,"2004-06-20","2",,
Canada,"2014-03-30","2144",,
South Africa,"2006-11-19","2019",,
Belgium,"2007-11-18","122",,
United States,"2012-07-15","897",,
Poland,"2011-09-25","25",,
Ukraine,"2011-09-18","435",,
Japan,"2009-06-07","45",,
Belgium,"2005-06-05","47",,
Russia,"2014-05-18","404",,
Russia,"2013-02-10","1453",,
Romania,"2003-03-16","819",,
Peru,"2009-09-06","240",,
New Zealand,"2006-10-22","14",,
United States,"2005-05-15","850",,
Chile,"2014-12-28","6",,
France,"2008-12-21","377",,
Bolivia,"2007-01-07","197","0.006",
Spain,"2007-07-29","10",,
Sweden,"2015-06-07","1",,
Uruguay,"2008-08-24","157",,
France,"2003-09-14",NA,,
Peru,"2005-01-30","218",,
Norway,"2009-05-31","23",,
Bolivia,"2010-07-11","203","0.015",
Austria,"2011-10-23","674",,
Australia,"2006-11-26","130",,
United States,"2014-10-12","1352",,
Canada,"2010-04-25","966",,
Argentina,"2013-08-11","170","0.027",
Germany,"2015-05-31","438",,
Japan,"2009-09-20","436",,
Norway,"2010-12-05","115",,
Hungary,"2003-03-02",NA,,
Poland,"2009-01-04","120",,
Poland,"2004-08-08",NA,,
Sweden,"2013-01-13","25",,
United States,"2006-06-25","706",,
Peru,"2003-10-05","450",,
Spain,"2008-01-06","242",,
Sweden,"2009-07-26","5",,
France,"2004-02-22","31",,
Bolivia,"2012-11-04","172","0.013",
Germany,"2012-03-11","957",,
Argentina,"2004-02-29","121","0.039",
Hungary,"2012-08-12","24",,
Sweden,"2003-12-21",NA,,
Germany,"2010-06-13","346",,
Brazil,"2015-04-26","250","0.714",
Bolivia,"2004-11-14","433","0.016",
Ukraine,"2013-02-17","595",,
Canada,"2003-03-23",NA,,
Chile,"2015-04-05","8",,
South Africa,"2003-06-29",NA,,
Switzerland,"2012-12-09","56",,
Australia,"2011-08-07","397",,
Germany,"2009-12-27","865",,
South Africa,"2013-03-03","2024",,
Romania,"2014-09-07","567",,
Japan,"2011-10-02","11",,
Brazil,"2012-12-30","108","0.111",
Norway,"2006-08-06","8",,
South Africa,"2010-01-17","1632",,
Hungary,"2003-06-22",NA,,
New Zealand,"2014-06-08","79",,
Chile,"2012-10-21","8",,
Bulgaria,"2009-06-21","356",,
Ukraine,"2012-12-09","460",,
Poland,"2006-01-22","55",,
Spain,"2006-06-18","18",,
New Zealand,"2010-01-03","13",,
Bulgaria,"2011-10-16","335",,
Germany,"2007-11-04","1110",,
Sweden,"2007-09-16","2",,
Paraguay,"2004-09-19",NA,,
Germany,"2008-09-28","922",,
Belgium,"2012-08-26","10",,
Switzerland,"2013-02-17","537",,
Germany,"2011-06-12","265",,
France,"2008-06-22","5",,
Spain,"2008-02-03","75",,
Mexico,"2008-03-16","1203","0.055",
Belgium,"2005-01-16","168",,
Germany,"2008-03-30","762",,
New Zealand,"2013-10-20","39",,
Mexico,"2015-08-09","934","0.281",
New Zealand,"2013-09-29","73",,
Canada,"2004-08-22","671",,
Austria,"2010-04-11","514",,
Poland,"2004-02-08",NA,,
Spain,"2009-06-07","13",,
Sweden,"2011-01-16","8",,
Paraguay,"2008-01-13","166",,
Spain,"2004-06-20","12",,
United States,"2013-01-27","7209",,
Netherlands,"2012-12-30","134",,
Germany,"2013-09-08","515",,
Norway,"2006-05-21","14",,
United States,"2011-07-03","639",,
Bolivia,"2011-03-27","251","0.096",
Uruguay,"2014-08-17","204",,
Belgium,"2009-07-05","38",,
Netherlands,"2015-04-26","25",,
France,"2014-02-09","371",,
Japan,"2007-07-29","2",,
Brazil,"2015-02-08","124","0.252",
Switzerland,"2005-10-02","19",,
Belgium,"2003-04-20",NA,,
Romania,"2007-09-02","554",,
Brazil,"2004-05-16","309","0.031",
Sweden,"2008-04-27","2",,
Poland,"2005-11-27","49",,
Brazil,"2015-07-12","231","0.104",
Sweden,"2009-02-01","19",,
Ukraine,"2014-08-31","370",,
Argentina,"2005-10-09","174","0.014",
Poland,"2011-06-19","10",,
Bulgaria,"2013-04-07","334",,
Mexico,"2005-12-18","1472","0.044",
Belgium,"2003-11-16","133",,
Japan,"2014-01-26","3598",,
Bolivia,"2010-08-29","280","0.011",
Uruguay,"2003-03-30","104",,
Paraguay,"2009-03-29","199",,
Peru,"2008-10-05","252",,
Austria,"2008-08-24","450",,
South Africa,"2006-04-09","2343",,
Norway,"2003-01-12",NA,,
Norway,"2008-05-18","21",,
Bulgaria,"2006-02-26","1069",,
Bulgaria,"2003-06-01",NA,,
Bolivia,"2015-01-18","144","0.003",
Russia,"2008-04-13","374",,
Canada,"2014-12-21","6266",,
Chile,"2004-02-15","1",,
Netherlands,"2006-06-04","14",,
Bulgaria,"2011-12-18","444",,
Brazil,"2014-11-23","137","0.051",
Netherlands,"2007-05-06","17",,
Argentina,"2005-11-13","151","0.029",
Bulgaria,"2009-04-26","649",,
Peru,"2009-07-19","213",,
Paraguay,"2007-12-16","215",,
France,"2005-11-20","89",,
Austria,"2015-05-24","714",,
Norway,"2007-11-11","28",,
United States,"2012-06-10","1265",,
Norway,"2005-09-11","29",,
Uruguay,"2009-10-18","113",,
Norway,"2004-09-26",NA,,
Poland,"2014-05-25","15",,
Peru,"2004-05-09","353",,
Japan,"2015-06-14","13",,
Germany,"2009-03-15","882",,
Peru,"2013-08-04","144",,
Austria,"2004-02-01","1016",,
Chile,"2004-10-31","3",,
Netherlands,"2004-05-16","16",,
Spain,"2004-04-18","16",,
Netherlands,"2015-02-08","193",,
Argentina,"2005-10-30","169","0.036",
Russia,"2013-05-12","376",,
Bulgaria,"2004-06-06",NA,,
Netherlands,"2015-07-12","16",,
New Zealand,"2012-07-22","136",,
Argentina,"2015-03-22","108","0.186",
Netherlands,"2014-11-23","34",,
Brazil,"2007-05-06","332","0.269",
Paraguay,"2013-07-14","319",,
Poland,"2008-11-09","36",,
Uruguay,"2007-06-03","219",,
Hungary,"2011-08-14","25",,
Spain,"2012-09-09","14",,
Canada,"2012-04-01","1742",,
Ukraine,"2005-10-02",NA,,
Sweden,"2006-08-27","1",,
Poland,"2005-02-27","466",,
Sweden,"2014-06-29","2",,
Germany,"2007-02-11","1615",,
Brazil,"2006-06-04","390","0.09",
Switzerland,"2014-08-31","46",,
Peru,"2010-03-07","135",,
Spain,"2014-07-13","9",,
Norway,"2010-01-10","42",,
Peru,"2012-12-16","95",,
Australia,"2005-05-01",NA,,
Germany,"2006-09-10","644",,
Belgium,"2002-12-29",NA,,
Sweden,"2005-07-31",NA,,
Poland,"2010-07-25","8",,
Belgium,"2007-07-08","23",,
Bolivia,"2004-07-18","349","0.021",
Hungary,"2014-02-02","124",,
Argentina,"2007-08-12","287","0.019",
Hungary,"2006-07-23","40",,
Austria,"2015-06-28","619",,
Sweden,"2005-09-25",NA,,
South Africa,"2011-11-06","2028",,
New Zealand,"2010-08-01","130",,
Chile,"2007-09-09","6",,
Poland,"2007-05-20","21",,
Mexico,"2003-07-27",NA,"0.068",
Belgium,"2008-01-27","179",,
Bulgaria,"2015-06-14","247",,
Argentina,"2003-11-02","184","0.029",
United States,"2005-02-13","4065",,
Russia,"2005-06-05","183",,
United States,"2006-04-23","1090",,
South Africa,"2008-11-30","2080",,
Russia,"2007-11-18","417",,
Japan,"2004-06-06","2",,
Austria,"2010-10-31","598",,
Ukraine,"2009-08-16","323",,
Chile,"2006-10-29","4",,
France,"2008-02-24","103",,
France,"2013-10-13","31",,
Belgium,"2014-05-18","38",,
Belgium,"2013-02-10","1064",,
Sweden,"2004-11-07",NA,,
Norway,"2013-04-21","51",,
Austria,"2007-05-27","505",,
Argentina,"2012-03-04","64","0.07",
Mexico,"2004-07-25","649","0.104",
Japan,"2011-12-18","135",,
Switzerland,"2009-08-16","80",,
Uruguay,"2003-09-28","149",,
Japan,"2006-02-26","156",,
Japan,"2003-06-01",NA,,
Russia,"2007-04-08","249",,
Argentina,"2007-01-14","94","0.014",
Sweden,"2008-09-14","2",,
Japan,"2009-04-26","105",,
Romania,"2014-08-03","515",,
Australia,"2005-07-24",NA,,
France,"2003-08-31",NA,,
Hungary,"2012-07-29","25",,
Bolivia,"2011-10-09","192","0.012",
Uruguay,"2011-06-26","115",,
Mexico,"2006-07-16","753","0.106",
Chile,"2003-08-03","3",,
Argentina,"2012-04-08","96","0.055",
Peru,"2014-02-23","94",,
Paraguay,"2013-02-03","145",,
Russia,"2009-10-11","570",,
Bolivia,"2007-09-23","420","0.009",
Spain,"2011-07-31","3",,
Australia,"2011-05-15","315",,
New Zealand,"2005-12-25",NA,,
Bulgaria,"2014-01-26","1407",,
Japan,"2013-04-07","144",,
Romania,"2011-01-02","723",,
Paraguay,"2007-08-05","378",,
France,"2009-05-17","8",,
Poland,"2013-12-29","38",,
Bolivia,"2007-07-15","352","0.017",
Argentina,"2011-07-17","165","0.014",
France,"2006-09-03","9",,
Chile,"2014-01-19","3",,
Switzerland,"2005-03-13","78",,
Brazil,"2014-04-27","227","0.439",
Australia,"2009-11-22","118",,
South Africa,"2013-09-15","3454",,
France,"2004-01-04","71",,
Argentina,"2015-07-05","239","0.022",
United States,"2009-01-11","1971",,
Poland,"2004-01-11",NA,,
Bulgaria,"2007-07-29","343",,
Paraguay,"2012-08-19","215",,
Germany,"2005-04-24","651",,
United States,"2011-12-11","2094",,
South Africa,"2003-08-10",NA,,
France,"2015-03-01","247",,
Ukraine,"2005-08-14",NA,,
Norway,"2014-09-28","90",,
Mexico,"2014-02-16","1764","0.124",
South Africa,"2013-01-20","1854",,
Mexico,"2006-12-24","1740","0.053",
Japan,"2011-10-16","16",,
Germany,"2013-12-22","744",,
Paraguay,"2012-05-06","181",,
Uruguay,"2007-12-02","110",,
Chile,"2010-09-05","141",,
Japan,"2009-06-21","27",,
Switzerland,"2003-03-16",NA,,
Argentina,"2011-03-20","89","0.193",
Netherlands,"2008-12-28","81",,
Russia,"2015-05-17","364",,
Mexico,"2013-03-17","1312","0.085",
Argentina,"2013-07-28","173","0.039",
New Zealand,"2011-02-13","11",,
Norway,"2006-02-19","75",,
Belgium,"2012-06-03","19",,
Australia,"2007-10-14","371",,
Ukraine,"2003-04-13",NA,,
South Africa,"2008-11-23","2146",,
Peru,"2012-06-17","150",,
Argentina,"2012-07-01","171","0.019",
Romania,"2011-09-18","516",,
Sweden,"2008-08-17","1",,
South Africa,"2009-05-31","4172",,
Mexico,"2007-02-04","2229","0.053",
Bolivia,"2015-02-01","133","0.008",
Chile,"2012-07-15","26",,
Uruguay,"2004-08-15","174",,
Spain,"2012-09-30","34",,
Switzerland,"2003-04-13",NA,,
Norway,"2006-11-19","23",,
Bolivia,"2005-01-02","294","0.015",
Poland,"2011-02-20","121",,
Chile,"2005-05-15","6",,
United States,"2014-12-28","6220",,
Switzerland,"2005-08-14","9",,
Austria,"2006-01-29","824",,
Uruguay,"2003-09-07","208",,
Norway,"2006-03-05","43",,
South Africa,"2003-10-26",NA,,
Ukraine,"2003-03-16",NA,,
Uruguay,"2003-02-16",NA,,
Poland,"2009-08-30","21",,
South Africa,"2005-04-17",NA,,
Bulgaria,"2011-10-02","188",,
Netherlands,"2014-04-27","23",,
Germany,"2004-11-28","1028",,
Sweden,"2005-12-04","3",,
Bulgaria,"2009-09-20","397",,
Canada,"2010-12-12","2526",,
Brazil,"2008-12-28","145","0.108",
Norway,"2013-03-31","65",,
Peru,"2013-11-17","123",,
Argentina,"2008-04-06","161","0.082",
Germany,"2013-12-01","773",,
Ukraine,"2005-03-13",NA,,
Norway,"2003-02-09",NA,,
Brazil,"2006-04-09","275","0.187",
Romania,"2006-01-08","802",,
Germany,"2012-02-19","1144",,
Norway,"2008-07-27","12",,
Hungary,"2014-05-11","41",,
Sweden,"2011-02-13","15",,
Bolivia,"2014-08-17","222","0.012",
Uruguay,"2011-03-27","67",,
United States,"2010-10-10","1421",,
Peru,"2007-10-07","299",,
France,"2015-05-03","6",,
Romania,"2010-09-12","647",,
South Africa,"2014-11-23","2174",,
Bulgaria,"2005-07-17","472",,
Argentina,"2014-10-26","110","0.039",
Belgium,"2006-12-10","83",,
Belgium,"2013-01-06","372",,
Switzerland,"2008-09-21","30",,
Japan,"2010-03-14","13",,
Ukraine,"2004-03-28",NA,,
Peru,"2010-10-17","193",,
South Africa,"2015-02-08","2483",,
Canada,"2015-01-04","6428",,
Japan,"2013-06-02","15",,
Mexico,"2011-06-19","555","0.073",
Argentina,"2005-08-28","218","0.029",
Austria,"2006-11-05","781",,
South Africa,"2004-05-16",NA,,
Switzerland,"2012-10-07","39",,
France,"2004-04-11","11",,
South Africa,"2015-07-12","2963",,
Russia,"2010-08-08","241",,
Chile,"2007-04-01","5",,
Poland,"2005-12-18","51",,
Russia,"2014-10-19","656",,
Spain,"2009-08-23","99",,
Argentina,"2007-06-24","372","0.039",
Belgium,"2009-05-03","56",,
Canada,"2006-12-03","2520",,
Switzerland,"2013-05-05","23",,
Bulgaria,"2004-07-04",NA,,
Russia,"2003-09-21",NA,,
Japan,"2014-03-09","1634",,
Norway,"2012-07-08","20",,
Germany,"2006-06-11","508",,
Switzerland,"2005-05-08","11",,
Belgium,"2010-02-28","46",,
Paraguay,"2009-03-01","139",,
Russia,"2006-05-07","191",,
Mexico,"2005-11-27","1304","0.091",
Hungary,"2010-06-06","37",,
Ukraine,"2012-04-29","260",,
United States,"2006-12-17","2305",,
Argentina,"2010-11-07","133","0.094",
Germany,"2006-07-02","344",,
Spain,"2004-03-07","14",,
Ukraine,"2013-05-05","291",,
South Africa,"2007-05-06","2928",,
Argentina,"2012-06-24","197","0.027",
Switzerland,"2012-04-29","15",,
Ukraine,"2005-05-08",NA,,
Mexico,"2005-02-27","1177","0.055",
New Zealand,"2005-12-04",NA,,
Ukraine,"2012-10-07","472",,
Peru,"2005-09-18","320",,
Uruguay,"2004-11-14","117",,
Belgium,"2011-05-29","21",,
Canada,"2011-04-17","1097",,
Australia,"2006-10-15","253",,
Netherlands,"2006-04-09","25",,
Belgium,"2009-04-05","54",,
South Africa,"2006-06-04","4707",,
Spain,"2009-05-24","17",,
Mexico,"2008-11-09","1254","0.17",
Ukraine,"2008-09-21","536",,
Uruguay,"2012-11-04","86",,
Peru,"2007-02-18","215",,
Switzerland,"2004-03-28","13",,
Belgium,"2008-10-12","83",,
Chile,"2007-02-25","2",,
Mexico,"2014-05-25","1057","0.118",
New Zealand,"2008-08-17","121",,
Uruguay,"2010-07-11","103",,
United States,"2005-12-11","2050",,
Romania,"2011-12-25","604",,
Paraguay,"2006-04-02","202",,
Romania,"2006-03-26","866",,
Japan,"2007-04-29","52",,
Russia,"2012-11-11","701",,
South Africa,"2015-04-26","2959",,
New Zealand,"2004-11-07",NA,,
Brazil,"2003-06-29","266","0.056",
Hungary,"2015-07-19","25",,
Bolivia,"2007-06-03","437","0.037",
Germany,"2007-04-15","648",,
Canada,"2011-01-30","2952",,
Canada,"2008-05-25","805",,
Brazil,"2013-03-03","137","0.328",
Spain,"2010-07-04","3",,
South Africa,"2012-12-30","1976",,
Hungary,"2013-04-28","39",,
Brazil,"2010-01-17","109","0.199",
Chile,"2007-11-25","2",,
Ukraine,"2004-11-21",NA,,
Mexico,"2009-01-04","1441","0.066",
New Zealand,"2005-09-25",NA,,
Mexico,"2004-08-08","613","0.178",
United States,"2010-05-02","1088",,
Sweden,"2010-08-01","1",,
Romania,"2009-02-08","887",,
Germany,"2004-10-17","1253",,
Bulgaria,"2003-01-26",NA,,
Belgium,"2003-12-07","832",,
Spain,"2003-11-23","158",,
Austria,"2009-08-02","491",,
United States,"2010-10-03","1430",,
Russia,"2008-02-17","883",,
Austria,"2004-06-13","485",,
New Zealand,"2005-07-31",NA,,
France,"2003-03-09",NA,,
Hungary,"2009-02-15","412",,
Bolivia,"2009-10-18","241","0.057",
Germany,"2005-09-04","538",,
Hungary,"2014-04-20","55",,
Paraguay,"2011-04-24","255",,
Chile,"2015-08-02","33",,
Peru,"2013-12-08","115",,
Netherlands,"2013-03-03","80",,
Sweden,"2005-12-25","4",,
Belgium,"2003-05-25",NA,,
Romania,"2010-05-16","519",,
United States,"2005-06-12","761",,
Netherlands,"2010-01-17","28",,
Canada,"2012-09-16","1393",,
Norway,"2009-12-06","108",,
Germany,"2013-10-27","688",,
Australia,"2010-11-21","150",,
Switzerland,"2004-11-21","38",,
Mexico,"2004-02-08","939","0.032",
Peru,"2010-02-07","117",,
Austria,"2007-01-07","964",,
Netherlands,"2003-06-29",NA,,
Germany,"2005-08-21","536",,
Bulgaria,"2012-02-26","444",,
Uruguay,"2015-01-18","71",,
Uruguay,"2010-08-29","172",,
Canada,"2010-02-21","1751",,
Norway,"2003-06-15",NA,,
New Zealand,"2008-09-14","57",,
Hungary,"2011-11-13","53",,
Bolivia,"2003-03-30","647","0.194",
Poland,"2015-08-09","9",,
Poland,"2008-03-16","85",,
Norway,"2011-03-06","59",,
Spain,"2005-10-23","38",,
Australia,"2014-11-16","197",,
Argentina,"2004-03-14","107","0.053",
Mexico,"2006-01-22","1310","0.042",
Brazil,"2013-01-20","107","0.171",
Uruguay,"2007-07-15","294",,
France,"2009-06-14","8",,
Poland,"2013-03-17","62",,
Argentina,"2012-10-28","118","0.043",
Romania,"2013-10-06","687",,
Uruguay,"2007-09-23","133",,
Germany,"2004-12-05","1056",,
Switzerland,"2010-08-22","13",,
Russia,"2006-03-12","486",,
Poland,"2014-02-16","54",,
Poland,"2006-12-24","36",,
Uruguay,"2011-10-09","81",,
Bolivia,"2011-06-26","249","0.021",
Russia,"2004-04-25",NA,,
Chile,"2008-12-14","2",,
Brazil,"2008-11-23","209","0.059",
Chile,"2005-08-07","3",,
Argentina,"2014-09-21","152","0.029",
United States,"2011-07-24","604",,
Mexico,"2004-01-11","1026","0.036",
Ukraine,"2007-03-04","708",,
Romania,"2014-06-22","523",,
South Africa,"2014-04-27","2883",,
Netherlands,"2003-10-26","19",,
Netherlands,"2005-04-17","23",,
Romania,"2014-03-02","913",,
Brazil,"2013-09-15","169","0.057",
Netherlands,"2009-05-31","14",,
Paraguay,"2005-01-23",NA,,
Brazil,"2003-08-10","234","0.036",
Japan,"2012-02-26","1351",,
Austria,"2014-08-24","603",,
New Zealand,"2008-04-27","24",,
Bolivia,"2003-09-28","553","0.049",
Belgium,"2010-10-24","57",,
New Zealand,"2009-02-01","6",,
Ukraine,"2006-07-09","207",,
United States,"2015-01-11","4303",,
Peru,"2013-09-22","143",,
South Africa,"2008-12-28","1785",,
United States,"2010-06-27","765",,
New Zealand,"2006-08-27","54",,
New Zealand,"2014-06-29","132",,
Netherlands,"2008-11-23","32",,
Switzerland,"2006-07-09","8",,
Paraguay,"2009-12-20","131",,
Japan,"2003-01-26",NA,,
Hungary,"2011-09-25","43",,
Australia,"2011-09-04","273",,
United States,"2010-03-28","1350",,
Netherlands,"2013-01-20","233",,
Peru,"2006-04-16","331",,
Austria,"2010-01-24","704",,
Paraguay,"2006-09-17","566",,
Switzerland,"2007-03-04","131",,
Canada,"2013-09-01","780",,
Ukraine,"2010-08-22","370",,
Peru,"2006-04-30","334",,
Netherlands,"2003-08-10",NA,,
Netherlands,"2013-09-15","36",,
Brazil,"2009-05-31","244","0.166",
Mexico,"2011-02-20","1413","0.052",
Sweden,"2012-07-22","1",,
Belgium,"2010-11-14","54",,
Mexico,"2009-08-30","810","0.452",
Bulgaria,"2007-04-29","662",,
Spain,"2014-10-05","18",,
Paraguay,"2003-12-28",NA,,
Poland,"2007-02-04","136",,
Peru,"2014-07-20","143",,
Uruguay,"2004-07-18","231",,
Australia,"2003-04-27",NA,,
France,"2010-12-19","165",,
Brazil,"2005-04-17","276","0.062",
Peru,"2007-07-01","280",,
Brazil,"2003-10-26","233","0.034",
Argentina,"2008-09-07","191","0.014",
Russia,"2015-01-25","936",,
Romania,"2008-02-10","974",,
Norway,"2014-07-06","26",,
Australia,"2011-10-30","246",,
Brazil,"2008-11-30","193","0.041",
Ukraine,"2006-02-05","337",,
New Zealand,"2003-12-21",NA,,
Australia,"2007-05-13","382",,
Belgium,"2005-04-03","55",,
Hungary,"2008-12-07","72",,
Bolivia,"2003-02-16",NA,"0.109",
France,"2009-11-08","163",,
New Zealand,"2013-01-13","12",,
Uruguay,"2005-01-02","92",,
New Zealand,"2009-07-26","120",,
Mexico,"2007-05-20","1059","0.07",
Bolivia,"2003-09-07","625","0.019",
Poland,"2003-07-27",NA,,
Ukraine,"2012-02-12","381",,
Uruguay,"2015-02-01","82",,
Belgium,"2003-05-04",NA,,
Austria,"2003-02-02",NA,,
Bolivia,"2004-08-15","418","0.02",
Austria,"2013-11-24","920",,
Brazil,"2011-11-06","141","0.097",
Belgium,"2006-12-31","96",,
France,"2013-06-30","3",,
Austria,"2007-06-17","461",,
Belgium,"2014-12-07","189",,
Mexico,"2010-07-25","704","0.328",
Canada,"2009-04-12","1542",,
Norway,"2006-07-30","8",,
Australia,"2005-05-29",NA,,
Peru,"2004-08-01","367",,
Bulgaria,"2013-06-02","150",,
Australia,"2010-09-19","405",,
Norway,"2007-01-21","73",,
Paraguay,"2005-07-10","346",,
Mexico,"2013-12-29","1914","0.15",
Germany,"2013-03-10","1237",,
Paraguay,"2003-05-18",NA,,
Australia,"2014-11-30","188",,
Hungary,"2012-08-05","24",,
Bolivia,"2007-12-02","318","0.016",
United States,"2005-06-19","740",,
Bulgaria,"2014-03-09","563",,
France,"2013-02-24","443",,
Poland,"2006-07-16","15",,
New Zealand,"2011-01-16","10",,
Russia,"2015-07-26","263",,
Netherlands,"2008-11-30","37",,
Switzerland,"2012-02-12","159",,
Japan,"2004-07-04","2",,
Spain,"2003-11-30","73",,
Russia,"2010-07-18","208",,
Netherlands,"2011-11-06","44",,
Belgium,"2012-05-27","23",,
Switzerland,"2006-02-05","64",,
Austria,"2003-07-20",NA,,
Norway,"2014-12-14","89",,
Romania,"2013-12-15","702",,
Sweden,"2013-09-29","3",,
Sweden,"2013-10-20","4",,
Chile,"2007-12-09","2",,
Germany,"2014-11-09","972",,
Spain,"2011-11-20","18",,
Bulgaria,"2010-03-14","616",,
Sweden,"2014-06-08","2",,
Norway,"2013-08-25","77",,
Russia,"2011-05-08","345",,
Spain,"2008-11-16","31",,
Romania,"2008-06-15","578",,
Poland,"2004-07-25",NA,,
Russia,"2004-05-30",NA,,
Peru,"2005-04-10","287",,
Australia,"2013-05-26","475",,
Japan,"2005-07-17","2",,
Peru,"2010-05-09","186",,
New Zealand,"2007-09-16","45",,
Sweden,"2010-01-03","4",,
Germany,"2003-03-30",NA,,
Spain,"2008-03-02","30",,
Chile,"2005-10-02","4",,
Canada,"2011-05-29","625",,
Belgium,"2011-04-17","31",,
Mexico,"2007-06-24","815","0.115",
Hungary,"2004-07-11",NA,,
France,"2009-10-04","102",,
Russia,"2013-06-23","278",,
Canada,"2009-04-05","1604",,
Argentina,"2005-11-27","133","0.019",
Norway,"2007-02-18","295",,
Argentina,"2011-06-19","160","0.041",
Mexico,"2005-08-28","630","0.127",
Poland,"2005-10-09","109",,
Paraguay,"2003-12-21",NA,,
Japan,"2011-09-04","4",,
Austria,"2011-06-05","401",,
Australia,"2003-01-26",NA,,
Mexico,"2014-10-26","1423","0.451",
Paraguay,"2009-07-26","420",,
Norway,"2005-09-18","35",,
Japan,"2003-04-27",NA,,
Ukraine,"2004-10-31",NA,,
Paraguay,"2013-01-13","136",,
Spain,"2007-01-28","279",,
Switzerland,"2004-02-15","29",,
Poland,"2005-11-13","60",,
Bolivia,"2013-10-27","196","0.014",
Russia,"2008-11-02","462",,
Bolivia,"2005-08-21","492","0.02",
Canada,"2008-10-12","1473",,
Russia,"2003-04-06",NA,,
Bolivia,"2004-10-17","409","0.018",
Russia,"2009-01-18","450",,
France,"2007-06-10","7",,
New Zealand,"2003-05-18",NA,,
Canada,"2006-12-10","2717",,
New Zealand,"2005-07-10",NA,,
Argentina,"2014-05-25","171","0.051",
Romania,"2012-06-10","494",,
Canada,"2013-01-06","7698",,
Peru,"2012-07-08","157",,
Bulgaria,"2014-11-16","495",,
Switzerland,"2004-10-31","19",,
Spain,"2010-08-15","7",,
Norway,"2010-10-17","59",,
Uruguay,"2009-03-15","65",,
Poland,"2005-10-30","66",,
Sweden,"2008-01-13","3",,
Paraguay,"2011-01-16","130",,
Ukraine,"2004-02-15",NA,,
Bolivia,"2005-09-04","509","0.03",
Germany,"2009-10-18","1028",,
Spain,"2011-12-04","21",,
Poland,"2015-03-22","84",,
Hungary,"2003-08-17",NA,,
Australia,"2012-02-26","216",,
Canada,"2009-05-03","2326",,
Belgium,"2006-12-03","83",,
Uruguay,"2007-02-11","72",,
Argentina,"2008-11-09","138","0.031",
Canada,"2010-02-28","1748",,
Bulgaria,"2010-11-21","629",,
South Africa,"2015-02-22","2520",,
Mexico,"2012-06-24","730","0.111",
Peru,"2008-07-27","179",,
Belgium,"2015-01-04","295",,
Paraguay,"2007-09-16","305",,
Sweden,"2004-09-19",NA,,
Bolivia,"2007-04-15","517","0.082",
Germany,"2007-06-03","436",,
Mexico,"2010-11-07","1283","0.203",
Hungary,"2003-06-08",NA,,
Chile,"2014-08-31","15",,
Hungary,"2009-12-13","243",,
Argentina,"2005-02-27","101","0.012",
Russia,"2012-05-20","467",,
United States,"2007-09-02","903",,
Norway,"2007-10-07","22",,
Hungary,"2015-04-12","57",,
Spain,"2008-03-09","26",,
Japan,"2014-11-30","338",,
France,"2008-08-10","5",,
France,"2004-10-24","40",,
Peru,"2011-03-06","102",,
Poland,"2013-08-11","12",,
Sweden,"2007-12-16","3",,
Romania,"2011-07-03","494",,
Australia,"2004-07-04",NA,,
Spain,"2014-03-23","33",,
Romania,"2013-01-27","778",,
Canada,"2003-05-25",NA,,
Argentina,"2009-01-04","98","0.014",
Argentina,"2004-08-08","189","0.017",
Peru,"2003-06-15","410",,
Brazil,"2005-01-09","174","0.057",
Uruguay,"2015-05-31","136",,
Japan,"2005-05-29","5",,
Brazil,"2005-10-16","276","0.048",
Japan,"2010-09-19","5",,
Belgium,"2012-09-16","43",,
South Africa,"2009-04-19","2524",,
South Africa,"2008-05-11","2697",,
Austria,"2006-10-08","684",,
France,"2013-06-09","6",,
Sweden,"2009-03-29","3",,
France,"2013-11-03","21",,
Poland,"2004-02-29",NA,,
Brazil,"2008-05-04","318","0.309",
Bolivia,"2006-07-02","303","0.024",
Peru,"2009-12-06","167",,
Japan,"2013-05-26","25",,
Australia,"2005-07-17",NA,,
Switzerland,"2015-04-05","96",,
Uruguay,"2009-12-27","54",,
Norway,"2010-02-07","44",,
Chile,"2012-12-09","4",,
Belgium,"2010-02-21","55",,
Paraguay,"2009-02-01","127",,
Norway,"2013-12-08","73",,
Ukraine,"2012-10-21","454",,
Uruguay,"2010-06-13","107",,
Paraguay,"2008-04-27","268",,
Austria,"2004-05-02","417",,
New Zealand,"2005-01-23",NA,,
Uruguay,"2012-03-11","54",,
Netherlands,"2005-01-09","37",,
Switzerland,"2012-10-21","40",,
Uruguay,"2008-03-30","99",,
Belgium,"2011-01-30","329",,
France,"2010-01-31","42",,
Belgium,"2008-05-25","24",,
New Zealand,"2009-12-20","12",,
Paraguay,"2014-06-29","353",,
Uruguay,"2011-06-12","113",,
United States,"2014-09-07","1096",,
Paraguay,"2006-08-27","486",,
Argentina,"2006-01-22","83","0.01",
Uruguay,"2008-09-28","134",,
Mexico,"2004-03-14","1028","0.04",
Japan,"2007-05-13","14",,
Netherlands,"2005-10-16","27",,
Spain,"2007-12-23","300",,
Uruguay,"2007-11-04","133",,
New Zealand,"2006-09-17","35",,
Sweden,"2013-07-14","1",,
Hungary,"2010-12-26","84",,
Ukraine,"2015-04-05","390",,
Chile,"2013-02-17","3",,
Hungary,"2005-03-20","296",,
Japan,"2011-10-30","24",,
Bolivia,"2006-06-11","501","0.024",
Argentina,"2004-02-08","102","0.039",
Bolivia,"2012-02-19","134","0.075",
Romania,"2006-06-25","622",,
Germany,"2014-08-17","415",,
Bulgaria,"2006-10-15","751",,
Uruguay,"2013-09-08","113",,
Netherlands,"2008-05-04","18",,
South Africa,"2008-06-08","3497",,
Canada,"2003-12-07","5303",,
Romania,"2014-10-12","748",,
New Zealand,"2003-12-28",NA,,
Austria,"2005-05-22","420",,
Norway,"2014-07-20","19",,
Switzerland,"2014-01-19","122",,
France,"2007-08-19","7",,
Chile,"2005-03-13","3",,
Austria,"2004-09-05","443",,
Japan,"2006-10-15","6",,
Paraguay,"2004-11-07",NA,,
Spain,"2015-03-29","45",,
Uruguay,"2005-04-24","150",,
Norway,"2007-07-01","10",,
Brazil,"2005-01-30","160","0.062",
Argentina,"2004-01-11","98","0.017",
Poland,"2015-07-05","11",,
Netherlands,"2015-04-19","25",,
South Africa,"2003-11-09",NA,,
Mexico,"2014-09-21","1165","0.277",
Bolivia,"2014-11-09","146","0.011",
Norway,"2006-04-30","22",,
Brazil,"2009-09-06","234","0.064",
Russia,"2012-04-22","467",,
Bulgaria,"2007-05-13","602",,
Ukraine,"2005-05-15",NA,,
Switzerland,"2010-09-05","17",,
Bolivia,"2013-03-10","187","0.014",
Paraguay,"2005-09-25","293",,
Romania,"2014-12-28","707",,
Spain,"2003-05-11",NA,,
France,"2004-12-19","185",,
Norway,"2006-04-16","29",,
Chile,"2003-03-16","1",,
Belgium,"2013-09-01","14",,
Netherlands,"2012-11-25","44",,
Spain,"2011-07-10","3",,
New Zealand,"2011-04-24","18",,
Poland,"2011-03-20","55",,
Bulgaria,"2011-10-30","397",,
Germany,"2007-12-02","1064",,
Paraguay,"2005-07-31","404",,
Norway,"2013-09-22","88",,
Uruguay,"2013-12-22","67",,
Poland,"2013-07-28","12",,
United States,"2011-09-18","1343",,
Canada,"2010-11-14","1797",,
Ukraine,"2012-07-15","187",,
Mexico,"2012-10-28","1250","0.282",
Bulgaria,"2013-05-26","163",,
Poland,"2012-07-01","11",,
Uruguay,"2004-11-28","116",,
Brazil,"2015-04-19","241","0.801",
Netherlands,"2005-01-30","60",,
Germany,"2003-02-16",NA,,
Australia,"2010-03-14","174",,
Switzerland,"2012-07-15","16",,
Germany,"2003-09-07",NA,,
Mexico,"2008-09-07","865","0.191",
Netherlands,"2009-09-06","62",,
Sweden,"2007-08-05","1",,
Chile,"2003-04-13","1",,
Argentina,"2011-02-20","62","0.087",
Switzerland,"2005-05-15","11",,
Russia,"2004-09-12",NA,,
Germany,"2004-08-15","364",,
Austria,"2008-01-20","1750",,
Chile,"2005-08-14","3",,
Sweden,"2013-02-03","73",,
Argentina,"2009-08-30","150","0.224",
Ukraine,"2010-09-05","489",,
Hungary,"2010-02-14","78",,
Brazil,"2012-11-25","127","0.057",
Bulgaria,"2014-11-30","408",,
Paraguay,"2008-09-14","317",,
Romania,"2011-12-11","611",,
Austria,"2009-03-08","960",,
Australia,"2014-03-09","242",,
Uruguay,"2013-12-01","74",,
Canada,"2010-10-24","1419",,
Romania,"2009-01-11","894",,
Australia,"2013-06-02","506",,
Bulgaria,"2010-09-19","382",,
Poland,"2008-04-06","63",,
Ukraine,"2014-01-19","395",,
Bulgaria,"2005-05-29","587",,
Austria,"2014-09-14","984",,
Peru,"2013-08-25","143",,
Japan,"2010-11-21","44",,
Brazil,"2008-10-19","236","0.044",
Spain,"2007-03-25","35",,
United States,"2011-01-02","2978",,
Norway,"2010-05-09","59",,
Norway,"2005-04-10","49",,
Argentina,"2010-07-25","192","0.034",
Poland,"2007-08-12","8",,
Ukraine,"2003-08-03",NA,,
South Africa,"2012-02-05","1801",,
Switzerland,"2007-09-09","18",,
Sweden,"2012-05-06","2",,
Brazil,"2003-07-13","272","0.015",
Russia,"2012-09-02","449",,
Uruguay,"2006-09-10","180",,
Argentina,"2007-05-20","319","0.053",
Spain,"2011-11-27","19",,
Peru,"2014-12-14","101",,
Japan,"2014-11-16","111",,
United States,"2014-08-03","825",,
Poland,"2003-11-02",NA,,
Sweden,"2012-08-19","1",,
Norway,"2004-08-01",NA,,
Switzerland,"2006-10-29","23",,
South Africa,"2013-06-16","4204",,
Canada,"2012-05-27","851",,
New Zealand,"2009-03-01","14",,
South Africa,"2009-07-12","3231",,
Poland,"2012-03-04","35",,
Peru,"2007-01-21","208",,
France,"2006-08-13","9",,
Netherlands,"2003-07-13",NA,,
Russia,"2009-11-15","1649",,
Spain,"2013-07-07","8",,
Chile,"2009-08-16","8",,
Ukraine,"2006-10-29","476",,
Peru,"2006-07-30","260",,
Austria,"2005-02-06","2200",,
Canada,"2005-04-03","2036",,
Bulgaria,"2003-04-27",NA,,
Romania,"2006-04-23","760",,
Hungary,"2003-02-23",NA,,
Poland,"2007-01-14","49",,
Australia,"2007-04-29","340",,
Romania,"2005-02-13","913",,
Germany,"2003-09-28","839",,
Netherlands,"2008-10-19","28",,
Paraguay,"2005-12-04","287",,
France,"2009-03-22","20",,
Ukraine,"2007-09-09","367",,
Canada,"2003-05-04",NA,,
Poland,"2012-04-08","29",,
Canada,"2006-12-31","3722",,
Switzerland,"2003-08-03",NA,,
Belgium,"2009-04-12","39",,
Canada,"2014-12-07","3725",,
New Zealand,"2006-04-02","18",,
Bulgaria,"2011-09-04","112",,
Bolivia,"2004-12-05","407","0.019",
Argentina,"2013-12-29","69","0.039",
Paraguay,"2008-08-17","290",,
Peru,"2014-07-06","141",,
Poland,"2011-07-17","8",,
Germany,"2011-06-26","269",,
Canada,"2012-08-26","819",,
Sweden,"2009-03-01","6",,
South Africa,"2008-05-04","2485",,
Peru,"2006-05-21","376",,
Japan,"2005-07-24","2",,
Australia,"2009-04-26","429",,
Canada,"2005-01-16","3123",,
Netherlands,"2008-06-08","15",,
Uruguay,"2007-04-15","114",,
Belgium,"2004-08-22","11",,
Mexico,"2004-02-29","944","0.04",
Australia,"2011-12-18","207",,
New Zealand,"2012-08-19","105",,
Hungary,"2006-01-15","60",,
Bolivia,"2007-02-11","225","0.145",
Australia,"2006-02-26","235",,
Australia,"2003-06-01",NA,,
Australia,"2013-04-07","286",,
Austria,"2008-03-23","817",,
Switzerland,"2007-11-25","33",,
Uruguay,"2005-09-04","145",,
New Zealand,"2012-05-06","27",,
Spain,"2006-08-20","20",,
France,"2014-11-02","25",,
Canada,"2009-07-05","1199",,
Bolivia,"2009-03-15","310","0.509",
South Africa,"2005-01-09",NA,,
Paraguay,"2011-02-13","120",,
Ukraine,"2015-08-02","244",,
Romania,"2005-06-12","617",,
Uruguay,"2004-10-17","158",,
France,"2006-05-14","8",,
United States,"2010-05-16","1042",,
South Africa,"2005-10-16",NA,,
Japan,"2011-05-15","19",,
Austria,"2012-01-29","866",,
Brazil,"2009-04-19","237","0.255",
Brazil,"2008-05-11","334","0.249",
Mexico,"2013-08-11","835","0.329",
Germany,"2015-01-18","1179",,
Uruguay,"2005-08-21","180",,
Switzerland,"2015-08-02","19",,
Sweden,"2006-04-02","4",,
Peru,"2006-08-06","268",,
Uruguay,"2013-10-27","91",,
Austria,"2004-08-29","408",,
Romania,"2010-10-03","742",,
Belgium,"2010-04-25","24",,
Japan,"2005-05-01","17",,
Ukraine,"2007-11-25","465",,
Chile,"2004-11-21","2",,
France,"2011-01-23","331",,
United States,"2009-02-08","3484",,
Romania,"2010-05-02","576",,
Brazil,"2008-06-08","305","0.105",
Australia,"2004-06-06",NA,,
Argentina,"2015-08-09","199","0.022",
Netherlands,"2009-04-19","17",,
Netherlands,"2008-05-11","14",,
Argentina,"2008-03-16","151","0.084",
Russia,"2003-12-14",NA,,
Norway,"2003-10-05",NA,,
Russia,"2012-01-22","419",,
Poland,"2004-03-14",NA,,
Peru,"2010-12-05","155",,
Germany,"2010-08-29","557",,
Belgium,"2003-03-23",NA,,
United States,"2006-03-26","1896",,
Sweden,"2011-04-24","1",,
United States,"2011-12-25","2741",,
Romania,"2005-12-11","819",,
Mexico,"2005-11-13","1279","0.115",
Bolivia,"2013-09-08","218","0.006",
Bulgaria,"2011-08-07","162",,
Peru,"2010-01-10","119",,
Norway,"2010-03-07","50",,
Austria,"2011-04-03","645",,
Poland,"2014-10-26","35",,
Germany,"2011-03-27","687",,
Chile,"2008-09-21","5",,
Uruguay,"2012-02-19","49",,
Paraguay,"2010-08-01","239",,
Netherlands,"2015-02-22","103",,
Ukraine,"2007-02-25","1111",,
Belgium,"2012-04-01","53",,
Poland,"2005-08-28","12",,
Mexico,"2005-10-09","877","0.179",
Hungary,"2012-04-15","49",,
Chile,"2012-10-07","8",,
Uruguay,"2006-06-11","147",,
Bolivia,"2007-11-04","329","0.016",
Switzerland,"2007-04-01","22",,
Russia,"2015-02-15","1999",,
Argentina,"2005-12-18","94","0.012",
Poland,"2007-06-24","13",,
Russia,"2007-10-21","360",,
Peru,"2004-09-26","387",,
Norway,"2004-05-09",NA,,
Chile,"2013-05-05","14",,
Bolivia,"2008-09-28","331","0.01",
Norway,"2013-08-04","24",,
Bolivia,"2008-03-30","490","0.041",
Bulgaria,"2006-11-26","944",,
Chile,"2005-05-08","3",,
Bolivia,"2011-06-12","291","0.034",
Romania,"2006-12-17","1085",,
Poland,"2010-11-07","29",,
Norway,"2009-07-19","67",,
Poland,"2012-06-24","12",,
Spain,"2008-07-20","8",,
Bolivia,"2012-03-11","191","0.07",
Hungary,"2009-10-25","97",,
Canada,"2003-11-16","2731",,
Chile,"2012-04-29","8",,
Hungary,"2005-02-20","174",,
Germany,"2004-11-14","1162",,
Peru,"2005-09-11","379",,
Brazil,"2015-02-22","157","0.38",
Peru,"2007-11-11","291",,
Bolivia,"2010-06-13","286","0.023",
Peru,"2008-05-18","273",,
Canada,"2003-04-20",NA,,
Mexico,"2015-03-22","1427","0.12",
Bolivia,"2009-12-27","131","0.013",
Peru,"2003-01-12","314",,
Japan,"2009-11-22","1007",,
Spain,"2011-02-27","20",,
Spain,"2013-04-14","22",,
Ukraine,"2007-04-01","329",,
Uruguay,"2006-07-02","188",,
Mexico,"2005-10-30","1180","0.155",
New Zealand,"2013-02-03","10",,
Germany,"2010-07-11","254",,
Norway,"2008-10-05","26",,
Japan,"2007-10-14","9",,
Spain,"2004-10-03","43",,
Chile,"2004-03-28","2",,
Hungary,"2014-06-15","35",,
Bolivia,"2015-05-31","223","0.012",
United States,"2010-09-12","1187",,
Switzerland,"2007-02-25","183",,
Hungary,"2003-01-05",NA,,
Romania,"2010-10-10","736",,
Australia,"2011-10-16","285",,
Australia,"2009-06-21","1271",,
Belgium,"2014-12-21","214",,
United States,"2006-01-08","2098",,
Germany,"2012-11-04","870",,
New Zealand,"2007-08-05","72",,
Russia,"2003-08-24",NA,,
Paraguay,"2005-12-25","259",,
Austria,"2014-05-04","762",,
Bulgaria,"2007-10-14","585",,
Russia,"2004-03-21",NA,,
Hungary,"2012-12-23","60",,
Mexico,"2012-03-04","1383","0.073",
United States,"2008-06-15","713",,
Sweden,"2005-01-23",NA,,
Austria,"2011-05-22","414",,
Brazil,"2013-06-16","212","0.114",
New Zealand,"2009-03-29","13",,
Russia,"2015-03-08","1110",,
United States,"2013-12-15","3196",,
Mexico,"2003-11-02","843","0.159",
Bolivia,"2013-12-01","143","0.007",
France,"2010-05-23","5",,
Brazil,"2009-07-12","277","0.064",
Ukraine,"2007-12-09","491",,
Austria,"2004-01-18","973",,
Norway,"2014-02-23","131",,
Mexico,"2007-08-12","782","0.149",
South Africa,"2008-10-19","2005",,
Australia,"2007-07-29","2027",,
Argentina,"2003-07-27","229","0.027",
Romania,"2005-06-19","656",,
Germany,"2015-02-01","1853",,
Bulgaria,"2009-11-22","1025",,
South Africa,"2003-07-13",NA,,
Brazil,"2012-02-05","95","0.116",
Germany,"2005-01-02","1253",,
Bolivia,"2004-11-28","459","0.022",
New Zealand,"2007-12-16","9",,
Bolivia,"2013-12-22","96","0.003",
France,"2011-05-01","3",,
Netherlands,"2013-06-16","19",,
France,"2003-07-06",NA,,
Mexico,"2011-07-17","594","0.1",
Canada,"2008-01-27","2668",,
Peru,"2013-04-21","149",,
Netherlands,"2009-07-12","31",,
Sweden,"2003-12-28",NA,,
Mexico,"2012-04-08","921","0.072",
Japan,"2006-11-26","41",,
Uruguay,"2013-03-10","59",,
Paraguay,"2012-07-22","283",,
Hungary,"2004-10-10",NA,,
Argentina,"2006-07-16","272","0.014",
Russia,"2012-05-13","452",,
Chile,"2012-02-12","2",,
Canada,"2002-12-29",NA,,
Australia,"2009-09-20","218",,
Canada,"2007-07-08","778",,
Netherlands,"2012-02-05","54",,
Mexico,"2007-01-14","3041","0.061",
Japan,"2011-08-07","3",,
Australia,"2011-10-02","246",,
Sweden,"2006-09-17","2",,
Chile,"2006-02-05","1",,
Canada,"2014-05-18","1448",,
New Zealand,"2013-07-14","76",,
Canada,"2013-02-10","2768",,
Switzerland,"2007-12-09","57",,
Uruguay,"2014-11-09","86",,
Russia,"2014-03-30","701",,
Norway,"2012-12-16","68",,
Bolivia,"2005-04-24","430","0.051",
Sweden,"2009-12-20","2",,
United States,"2008-02-10","5352",,
Argentina,"2004-07-25","217","0.017",
Argentina,"2013-03-17","107","0.188",
Russia,"2009-06-28","184",,
Austria,"2015-06-21","648",,
Germany,"2011-10-09","726",,
Mexico,"2011-03-20","1162","0.076",
Poland,"2012-10-28","31",,
Hungary,"2006-10-01","46",,
Germany,"2007-09-23","872",,
Uruguay,"2004-12-05","117",,
Peru,"2003-02-09","250",,
Mexico,"2013-07-28","848","0.325",
France,"2007-09-30","50",,
Argentina,"2014-02-16","71","0.13",
Argentina,"2006-12-24","87","0.01",
Chile,"2010-08-22","65",,
Norway,"2013-11-17","53",,
Australia,"2015-06-14","757",,
Switzerland,"2008-12-14","54",,
Switzerland,"2005-08-07","9",,
Spain,"2010-11-28","13",,
Hungary,"2009-09-13","147",,
Germany,"2007-07-15","461",,
Peru,"2013-03-31","136",,
Poland,"2014-09-21","24",,
Russia,"2003-01-19",NA,,
Hungary,"2007-10-28","52",,
Mexico,"2015-07-05","1075","0.22",
Peru,"2006-11-19","298",,
Romania,"2010-03-28","618",,
Hungary,"2008-06-01","43",,
Peru,"2006-03-05","247",,
Brazil,"2003-11-09","218","0.038",
France,"2005-07-03","7",,
South Africa,"2005-01-30",NA,,
Belgium,"2010-12-12","171",,
Romania,"2010-06-27","447",,
Bulgaria,"2005-05-01","733",,
South Africa,"2009-09-06","3249",,
Romania,"2015-01-11","774",,
Hungary,"2015-05-10","31",,
Paraguay,"2010-01-03","118",,
Russia,"2004-06-27",NA,,
New Zealand,"2004-09-19",NA,,
South Africa,"2012-11-25","1944",,
Russia,"2011-08-21","193",,
Mexico,"2008-04-06","1054","0.078",
Australia,"2014-01-26","116",,
Chile,"2006-07-09","10",,
Norway,"2012-06-17","28",,
Russia,"2004-12-26","419",,
Paraguay,"2014-06-08","352",,
Peru,"2006-02-19","258",,
Paraguay,"2013-10-20","242",,
United States,"2014-03-02","1873",,
Paraguay,"2013-09-29","263",,
Peru,"2014-09-28","135",,
United States,"2014-06-22","995",,
Bulgaria,"2011-05-15","303",,
Romania,"2011-07-24","464",,
Chile,"2007-03-04","2",,
Bolivia,"2006-09-10","342","0.008",
Bulgaria,"2005-07-24","481",,
New Zealand,"2008-01-13","8",,
South Africa,"2015-04-19","2859",,
Netherlands,"2003-11-09","22",,
Canada,"2012-06-03","879",,
Ukraine,"2008-12-14","427",,
Ukraine,"2005-08-07",NA,,
Germany,"2004-07-18","423",,
Argentina,"2007-02-04","108","0.096",
Sweden,"2003-05-18",NA,,
United States,"2013-10-06","1405",,
Sweden,"2005-07-10",NA,,
Mexico,"2012-07-01","680","0.117",
Austria,"2006-02-12","884",,
Poland,"2008-09-07","9",,
Argentina,"2012-08-12","147","0.019",
Sweden,"2004-05-23",NA,,
Norway,"2005-10-16","27",,
Hungary,"2004-02-29",NA,,
Paraguay,"2012-10-14","157",,
Austria,"2013-03-10","1341",,
Switzerland,"2010-05-02","6",,
Norway,"2005-01-09","13",,
Mexico,"2006-01-15","1475","0.044",
Australia,"2004-04-18",NA,,
Switzerland,"2010-10-03","21",,
Japan,"2010-11-28","48",,
Chile,"2010-05-16","7",,
Argentina,"2003-06-22","278","0.039",
France,"2012-09-23","36",,
Romania,"2015-08-02","504",,
Ukraine,"2005-06-12",NA,,
Australia,"2014-07-13","1078",,
Hungary,"2013-08-11","29",,
Australia,"2012-09-09","644",,
Bolivia,"2004-09-05","605","0.016",
France,"2014-01-12","70",,
Brazil,"2013-12-08","114","0.051",
Bolivia,"2005-05-22","421","0.045",
Germany,"2003-07-20",NA,,
Argentina,"2003-03-02","134","0.051",
Brazil,"2010-02-07","120","0.318",
Austria,"2014-11-09","1165",,
Belgium,"2003-08-24",NA,,
France,"2010-09-26","41",,
Russia,"2014-12-21","833",,
Norway,"2008-05-04","33",,
Canada,"2008-04-13","1874",,
France,"2013-05-19","9",,
Bulgaria,"2006-08-20","471",,
Bolivia,"2009-03-08","301","0.753",
Canada,"2013-05-12","1046",,
Uruguay,"2004-01-18","117",,
South Africa,"2003-10-05",NA,,
Uruguay,"2011-05-22","117",,
France,"2010-03-21","9",,
Chile,"2006-03-26","6",,
Peru,"2003-06-29","394",,
Netherlands,"2010-02-07","29",,
Russia,"2012-04-01","512",,
Belgium,"2015-02-15","1258",,
Switzerland,"2005-06-12","9",,
Ukraine,"2010-05-02","279",,
Peru,"2010-01-17","113",,
Belgium,"2007-10-21","95",,
Poland,"2010-12-26","53",,
United States,"2004-11-21","1595",,
Chile,"2009-02-08","1",,
Bolivia,"2008-01-20","248","0.028",
Netherlands,"2013-12-08","45",,
Peru,"2013-03-03","100",,
Poland,"2005-03-20","182",,
Germany,"2003-02-02",NA,,
Ukraine,"2010-10-03","589",,
Germany,"2013-11-24","784",,
Paraguay,"2006-10-22","305",,
Romania,"2007-11-25","700",,
Germany,"2007-06-17","408",,
New Zealand,"2012-03-18","21",,
South Africa,"2013-08-04","3433",,
Australia,"2008-02-03","141",,
United States,"2012-10-07","2325",,
Bulgaria,"2004-10-03",NA,,
France,"2007-03-11","23",,
Brazil,"2007-02-18","224","0.164",
South Africa,"2004-05-09",NA,,
Australia,"2006-06-18","476",,
Hungary,"2005-11-13","55",,
Russia,"2010-04-25","521",,
Germany,"2010-01-24","880",,
United States,"2013-05-05","1438",,
Netherlands,"2010-10-17","23",,
Sweden,"2004-12-12",NA,,
France,"2014-04-06","17",,
United States,"2005-05-08","902",,
Switzerland,"2006-12-17","27",,
Chile,"2011-12-25","3",,
Bulgaria,"2008-07-20","249",,
Poland,"2004-07-11",NA,,
Switzerland,"2010-10-10","19",,
Belgium,"2003-12-14","729",,
Bolivia,"2014-09-14","186","0.01",
Uruguay,"2006-02-12","75",,
Ukraine,"2005-12-11","432",,
Australia,"2004-06-20",NA,,
Mexico,"2012-04-15","877","0.076",
Netherlands,"2007-10-07","30",,
South Africa,"2010-03-07","2153",,
Romania,"2007-02-25","949",,
France,"2014-01-05","78",,
Belgium,"2012-01-22","98",,
United States,"2008-09-21","1221",,
Hungary,"2005-10-09","60",,
Paraguay,"2004-01-25",NA,,
Bulgaria,"2011-02-27","938",,
France,"2009-08-09","15",,
Bulgaria,"2013-04-14","332",,
Russia,"2003-03-23",NA,,
Australia,"2009-06-07","1056",,
Brazil,"2005-09-18","258","0.029",
Australia,"2008-01-06","167",,
Hungary,"2015-03-22","111",,
Paraguay,"2013-11-10","205",,
Poland,"2003-08-17",NA,,
Russia,"2004-08-22",NA,,
United States,"2004-03-28","808",,
Chile,"2010-09-12","109",,
Argentina,"2011-08-14","134","0.024",
Brazil,"2010-10-17","167","0.08",
South Africa,"2008-10-05","2680",,
Sweden,"2007-03-18","5",,
Uruguay,"2015-06-21","208",,
Poland,"2003-06-08",NA,,
Austria,"2004-12-05","742",,
Spain,"2006-11-26","35",,
Switzerland,"2005-12-11","30",,
Poland,"2009-12-13","124",,
Chile,"2006-01-08","2",,
Ukraine,"2010-10-10","553",,
Netherlands,"2007-02-18","85",,
Mexico,"2009-10-25","1123","0.729",
Poland,"2015-04-12","45",,
Mexico,"2005-02-20","1120","0.036",
France,"2008-08-03","4",,
Bolivia,"2005-02-06","263","0.038",
Mexico,"2003-01-05",NA,NA,
Brazil,"2007-10-07","239","0.079",
Netherlands,"2005-09-18","27",,
United States,"2012-04-29","1625",,
Ukraine,"2006-12-17","418",,
Spain,"2011-08-07","2",,
Peru,"2006-04-09","235",,
Hungary,"2005-10-30","70",,
Romania,"2007-04-01","789",,
Mexico,"2014-06-15","934","0.158",
South Africa,"2009-07-19","3256",,
Germany,"2014-08-24","444",,
Belgium,"2011-08-21","8",,
Belgium,"2004-06-27","10",,
Ukraine,"2005-06-19",NA,,
Hungary,"2003-11-02",NA,,
Uruguay,"2004-08-29","136",,
Sweden,"2010-04-18","2",,
Belgium,"2004-12-26","169",,
Norway,"2003-07-13",NA,,
France,"2008-06-29","4",,
Mexico,"2012-12-23","2050","0.103",
Norway,"2008-10-19","28",,
Germany,"2007-01-07","1030",,
Austria,"2005-08-21","512",,
Brazil,"2005-04-10","300","0.057",
Australia,"2012-09-30","320",,
Brazil,"2010-05-09","214","0.396",
Austria,"2013-10-27","813",,
Hungary,"2012-03-04","286",,
South Africa,"2014-02-23","2434",,
Canada,"2015-05-17","1173",,
Chile,"2008-06-15","10",,
Brazil,"2004-08-01","274","0.026",
France,"2006-09-24","23",,
Romania,"2007-12-09","754",,
Argentina,"2006-07-23","252","0.012",
Bolivia,"2011-06-05","291","0.046",
Argentina,"2014-02-02","76","0.176",
Chile,"2013-12-15","5",,
France,"2009-01-25","407",,
Hungary,"2007-08-12","33",,
France,"2012-03-25","24",,
Netherlands,"2010-05-09","14",,
Netherlands,"2005-04-10","24",,
Hungary,"2012-04-08","60",,
United States,"2006-02-05","2221",,
Mexico,"2004-10-10","885","0.124",
Belgium,"2009-06-28","14",,
South Africa,"2012-12-16","1877",,
Japan,"2008-07-20","2",,
Spain,"2009-11-22","181",,
Japan,"2013-04-14","159",,
Japan,"2011-02-27","268",,
Chile,"2008-02-10","2",,
Peru,"2011-11-06","128",,
Austria,"2007-04-15","631",,
Hungary,"2011-07-17","21",,
Peru,"2008-11-30","206",,
Paraguay,"2014-06-01","351",,
Sweden,"2014-03-16","8",,
Germany,"2009-08-02","389",,
Japan,"2004-10-03","3",,
Spain,"2007-10-14","43",,
Belgium,"2003-01-19",NA,,
Uruguay,"2012-01-29","52",,
New Zealand,"2014-04-13","25",,
Paraguay,"2006-05-28","281",,
Austria,"2004-10-17","707",,
Paraguay,"2012-01-15","92",,
Russia,"2010-12-12","493",,
Paraguay,"2008-07-13","490",,
Switzerland,"2005-06-19","9",,
Poland,"2003-02-23",NA,,
Austria,"2005-09-04","527",,
Uruguay,"2008-03-23","96",,
Hungary,"2007-01-14","158",,
United States,"2012-02-12","2501",,
Sweden,"2009-11-01","34",,
Netherlands,"2004-08-01","11",,
Argentina,"2012-07-29","148","0.017",
New Zealand,"2005-06-26",NA,,
Germany,"2004-06-13","471",,
Switzerland,"2011-07-24","5",,
Spain,"2005-07-24","10",,
Ukraine,"2010-03-28","288",,
Norway,"2009-09-06","214",,
Mexico,"2009-09-13","1135","0.769",
Peru,"2009-05-31","218",,
Austria,"2006-07-02","496",,
Norway,"2005-01-30","21",,
Brazil,"2006-04-30","325","0.211",
Belgium,"2012-05-13","33",,
Ukraine,"2010-06-27","180",,
Hungary,"2011-03-20","81",,
France,"2003-10-19","81",,
Brazil,"2007-07-01","315","0.088",
Peru,"2003-10-26","385",,
Peru,"2005-04-17","297",,
Bolivia,"2004-05-02","449","0.051",
Mexico,"2006-10-01","988","0.218",
Brazil,"2014-07-20","179","0.063",
Hungary,"2013-07-28","26",,
Sweden,"2012-11-18","4",,
Switzerland,"2015-01-11","303",,
South Africa,"2013-11-17","2130",,
Paraguay,"2006-11-12","259",,
Uruguay,"2014-05-04","100",,
Brazil,"2013-09-22","156","0.052",
Japan,"2006-08-20","2",,
Bolivia,"2006-10-08","405","0.043",
Mexico,"2007-10-28","1329","0.529",
Hungary,"2015-07-05","23",,
Australia,"2011-07-31","442",,
Brazil,"2006-04-16","289","0.197",
Spain,"2011-05-15","6",,
Belgium,"2014-03-30","123",,
United States,"2010-08-22","846",,
Canada,"2007-11-18","1972",,
France,"2006-03-19","61",,
Mexico,"2008-06-01","790","0.142",
Canada,"2005-06-05","878",,
Romania,"2008-12-14","713",,
Romania,"2005-08-07","604",,
Netherlands,"2007-07-01","17",,
Belgium,"2004-03-21","61",,
Poland,"2010-02-14","35",,
Canada,"2007-04-08","1744",,
Sweden,"2005-03-27",NA,,
Netherlands,"2014-07-20","13",,
Austria,"2012-02-19","1510",,
Hungary,"2008-04-06","83",,
Chile,"2013-10-06","16",,
Belgium,"2015-03-08","221",,
Sweden,"2007-08-26","1",,
Mexico,"2015-05-10","1084","0.134",
Peru,"2003-08-10","418",,
Netherlands,"2006-04-30","17",,
Spain,"2005-05-01","31",,
Uruguay,"2011-04-03","79",,
Peru,"2013-09-15","149",,
Norway,"2015-04-19","38",,
Hungary,"2012-07-01","33",,
Netherlands,"2006-04-16","24",,
Switzerland,"2010-06-27","7",,
Ukraine,"2015-01-11","401",,
United States,"2006-07-09","717",,
Germany,"2006-11-05","1044",,
Peru,"2013-01-20","98",,
Austria,"2006-06-11","529",,
Chile,"2014-03-02","3",,
Peru,"2008-11-23","238",,
South Africa,"2012-06-17","3667",,
Ukraine,"2011-07-24","191",,
Chile,"2014-06-22","92",,
Switzerland,"2010-03-28","10",,
New Zealand,"2015-03-15","19",,
Netherlands,"2013-09-22","39",,
Norway,"2012-11-25","64",,
Bulgaria,"2010-11-28","548",,
Canada,"2009-10-11","5111",,
United States,"2007-03-04","2424",,
Uruguay,"2008-01-20","76",,
Hungary,"2005-08-28","28",,
Russia,"2011-01-30","1737",,
Russia,"2008-05-25","289",,
Poland,"2012-04-15","25",,
Japan,"2007-03-25","684",,
Peru,"2007-05-06","299",,
Spain,"2010-11-21","16",,
Netherlands,"2009-07-19","40",,
Romania,"2004-10-31","796",,
Canada,"2012-11-11","2247",,
Brazil,"2010-03-07","175","0.626",
Hungary,"2007-06-24","45",,
Mexico,"2004-07-11","624","0.057",
Peru,"2006-06-04","304",,
Japan,"2011-11-27","48",,
Austria,"2004-11-28","793",,
Switzerland,"2012-06-10","14",,
South Africa,"2005-09-18",NA,,
Argentina,"2010-06-06","196","0.048",
Germany,"2006-01-29","1180",,
Brazil,"2013-08-04","197","0.063",
Bolivia,"2011-05-22","314","0.04",
United States,"2005-10-02","1364",,
Netherlands,"2008-10-05","30",,
Canada,"2008-02-17","3010",,
South Africa,"2007-02-18","2414",,
Brazil,"2004-05-09","293","0.043",
Argentina,"2014-05-11","142","0.058",
New Zealand,"2012-11-18","25",,
Australia,"2005-10-23",NA,,
Spain,"2014-11-16","20",,
Hungary,"2014-10-26","63",,
Bulgaria,"2010-08-15","272",,
Bolivia,"2004-01-18","343","0.07",
France,"2014-07-27","2",,
Austria,"2013-12-01","922",,
France,"2008-10-26","37",,
Uruguay,"2009-03-08","66",,
Bulgaria,"2011-12-04","460",,
Paraguay,"2007-07-22","483",,
South Africa,"2007-10-07","2553",,
Sweden,"2015-03-15","19",,
Netherlands,"2010-03-07","22",,
Japan,"2013-07-07","5",,
Poland,"2014-06-15","15",,
Bulgaria,"2007-01-28","2714",,
Australia,"2010-07-04","245",,
Poland,"2003-01-05",NA,,
Uruguay,"2004-09-05","153",,
Norway,"2015-02-22","443",,
Uruguay,"2005-05-22","132",,
United States,"2014-08-31","948",,
Brazil,"2009-07-19","305","0.049",
Russia,"2012-09-16","770",,
Peru,"2014-11-23","129",,
Chile,"2007-09-02","6",,
Austria,"2005-04-24","619",,
Bulgaria,"2008-03-02","907",,
Mexico,"2003-06-08",NA,"0.088",
Hungary,"2010-11-07","62",,
Hungary,"2012-06-24","30",,
Peru,"2015-07-12","138",,
New Zealand,"2007-08-26","73",,
Poland,"2009-10-25","79",,
Mexico,"2015-04-12","1189","0.14",
Poland,"2005-02-20","404",,
Peru,"2004-05-16","388",,
South Africa,"2010-10-17","2038",,
Peru,"2015-02-08","89",,
Ukraine,"2012-06-10","203",,
Mexico,"2009-12-13","1398","0.185",
Austria,"2013-12-22","1003",,
Brazil,"2008-10-05","211","0.025",
Romania,"2004-02-15","769",,
Australia,"2003-11-23",NA,,
Russia,"2010-02-21","646",,
Netherlands,"2013-08-04","15",,
Mexico,"2003-08-17",NA,"0.089",
New Zealand,"2005-03-27",NA,,
Netherlands,"2004-05-09","16",,
Australia,"2009-05-24","849",,
Japan,"2015-03-29","93",,
Belgium,"2009-01-18","1089",,
France,"2011-01-09","431",,
Spain,"2006-10-15","48",,
South Africa,"2013-12-08","2001",,
United States,"2012-12-09","5132",,
South Africa,"2010-02-07","1915",,
Argentina,"2009-02-15","84","0.07",
Uruguay,"2005-02-06","102",,
Australia,"2004-03-07",NA,,
Argentina,"2014-04-20","125","0.111",
Romania,"2012-10-21","674",,
Canada,"2003-09-21",NA,,
Russia,"2006-12-03","320",,
Netherlands,"2003-10-05","25",,
Ukraine,"2011-07-03","175",,
Norway,"2009-04-19","29",,
Norway,"2008-05-11","27",,
Japan,"2003-05-11",NA,,
Switzerland,"2014-10-12","53",,
Paraguay,"2008-07-06","515",,
Canada,"2006-05-07","1276",,
Bolivia,"2015-06-21","230","0.007",
Argentina,"2015-07-19","252","0.014",
Bulgaria,"2007-12-23","887",,
Russia,"2015-01-04","937",,
Switzerland,"2006-06-25","8",,
Canada,"2014-10-19","2269",,
New Zealand,"2010-04-18","19",,
Ukraine,"2013-01-27","543",,
Japan,"2011-07-10","4",,
Poland,"2006-01-15","51",,
Belgium,"2012-05-20","31",,
Argentina,"2013-04-28","95","0.152",
Canada,"2010-08-08","442",,
Norway,"2008-06-08","25",,
Ukraine,"2006-06-25","221",,
Mexico,"2010-12-26","1959","0.05",
Russia,"2011-04-17","396",,
Argentina,"2011-11-13","85","0.039",
Peru,"2015-04-26","138",,
New Zealand,"2009-11-01","26",,
Belgium,"2013-06-23","17",,
Switzerland,"2013-01-27","719",,
Mexico,"2005-03-20","1131","0.047",
Austria,"2006-09-10","481",,
Sweden,"2005-06-26",NA,,
Switzerland,"2011-07-03","6",,
Ukraine,"2014-10-12","523",,
New Zealand,"2014-03-16","24",,
Uruguay,"2014-09-14","131",,
Bolivia,"2006-02-12","197","0.02",
Peru,"2012-12-30","102",,
Hungary,"2004-03-14",NA,,
Germany,"2015-06-28","366",,
Sweden,"2014-04-13","4",,
Bulgaria,"2008-03-09","937",,
Chile,"2014-09-07","15",,
Australia,"2009-08-23","472",,
Paraguay,"2009-11-29","147",,
Romania,"2015-04-05","721",,
Belgium,"2008-11-02","91",,
Germany,"2007-05-27","486",,
Bulgaria,"2014-03-23","404",,
Brazil,"2003-10-05","216","0.02",
Germany,"2010-10-31","729",,
Belgium,"2003-04-06",NA,,
United States,"2013-02-17","4240",,
France,"2005-03-06","134",,
Hungary,"2014-09-21","70",,
Brazil,"2013-11-17","141","0.076",
Austria,"2009-03-15","842",,
Ukraine,"2014-12-28","455",,
Poland,"2007-10-28","59",,
Australia,"2003-11-30",NA,,
Belgium,"2009-11-15","200",,
Netherlands,"2012-06-17","19",,
Germany,"2004-02-01","1196",,
Japan,"2008-03-09","99",,
Spain,"2014-11-30","40",,
Peru,"2008-12-28","167",,
Poland,"2008-06-01","21",,
Romania,"2005-05-15","665",,
Bolivia,"2008-03-23","412","0.04",
South Africa,"2013-09-22","3095",,
United States,"2003-03-16",NA,,
Spain,"2010-09-19","9",,
Bolivia,"2012-01-29","117","0.063",
Canada,"2015-01-25","4112",,
Romania,"2012-07-15","506",,
South Africa,"2006-04-16","2241",,
Japan,"2014-03-23","873",,
Chile,"2011-09-18","6",,
Spain,"2005-05-29","14",,
Spain,"2013-05-26","16",,
United States,"2005-03-13","2230",,
New Zealand,"2004-12-12",NA,,
Australia,"2011-11-20","202",,
Hungary,"2012-10-28","36",,
Norway,"2003-11-09",NA,,
Poland,"2006-10-01","49",,
Australia,"2008-11-16","232",,
Russia,"2009-04-12","448",,
South Africa,"2006-04-30","2573",,
Sweden,"2012-03-18","20",,
Switzerland,"2009-01-11","476",,
Austria,"2007-02-11","1453",,
Switzerland,"2011-12-11","38",,
South Africa,"2007-07-01","3146",,
South Africa,"2014-07-20","3603",,
Poland,"2009-09-13","48",,
Ukraine,"2011-12-11","394",,
Ukraine,"2009-01-11","393",,
Spain,"2007-05-13","24",,
Uruguay,"2011-06-05","103",,
Canada,"2015-07-26","703",,
Bulgaria,"2003-05-11",NA,,
France,"2011-03-13","14",,
Brazil,"2012-06-17","192","0.107",
Bulgaria,"2011-07-10","163",,
Netherlands,"2013-11-17","42",,
Spain,"2011-10-30","14",,
Japan,"2007-12-23","401",,
Romania,"2014-01-19","708",,
Belgium,"2012-09-02","17",,
Hungary,"2008-09-07","39",,
New Zealand,"2007-03-18","8",,
Canada,"2004-05-30","1041",,
Poland,"2015-05-10","20",,
Peru,"2014-04-27","136",,
France,"2009-02-22","42",,
Canada,"2011-05-08","766",,
Bulgaria,"2015-03-29","667",,
Germany,"2008-08-24","424",,
United States,"2003-04-13",NA,,
Argentina,"2011-09-25","95","0.029",
Mexico,"2010-02-14","1599","0.078",
Romania,"2010-09-05","612",,
United States,"2005-08-14","739",,
Switzerland,"2014-12-28","158",,
Canada,"2010-07-18","462",,
Germany,"2015-05-24","456",,
Bolivia,"2004-08-29","481","0.018",
Canada,"2006-03-12","2843",,
Norway,"2009-07-12","32",,
Argentina,"2008-12-07","102","0.014",
Chile,"2014-08-03","20",,
Brazil,"2014-02-23","133","0.128",
Austria,"2007-11-04","749",,
Switzerland,"2005-02-13","515",,
South Africa,"2004-08-01",NA,,
Japan,"2008-03-02","141",,
Norway,"2013-06-16","22",,
Switzerland,"2006-04-23","15",,
Canada,"2004-04-25","1043",,
Austria,"2011-06-12","390",,
France,"2003-10-12","30",,
Spain,"2011-09-04","4",,
Austria,"2008-03-30","867",,
Belgium,"2004-09-12","34",,
Austria,"2008-09-28","967",,
Bulgaria,"2013-07-07","131",,
France,"2013-07-21","1",,
Poland,"2012-12-23","151",,
Bolivia,"2011-04-03","243","0.109",
Austria,"2013-09-08","654",,
Japan,"2007-01-28","114",,
Germany,"2010-04-11","497",,
Australia,"2014-10-05","415",,
Norway,"2012-02-05","285",,
Chile,"2011-01-02","2",,
Spain,"2003-04-27",NA,,
New Zealand,"2004-05-23",NA,,
South Africa,"2010-05-09","3065",,
South Africa,"2005-04-10",NA,,
Romania,"2003-08-03","510",,
Netherlands,"2012-12-16","81",,
Austria,"2015-05-31","649",,
Mexico,"2003-02-23",NA,"0.054",
Paraguay,"2015-06-07","461",,
Romania,"2007-09-09","609",,
Uruguay,"2006-10-08","152",,
Germany,"2011-10-23","806",,
Bolivia,"2014-05-04","256","0.024",
Netherlands,"2014-02-23","46",,
Japan,"2011-12-04","62",,
Japan,"2010-08-15","3",,
Austria,"2010-06-13","419",,
United States,"2009-08-16","1481",,
Belgium,"2012-04-22","37",,
Austria,"2012-03-11","1138",,
Paraguay,"2007-04-22","337",,
Brazil,"2012-12-16","106","0.059",
Bulgaria,"2007-03-25","688",,
Romania,"2006-10-29","726",,
Uruguay,"2004-05-02","145",,
Ukraine,"2005-02-13",NA,,
Poland,"2004-10-10","61",,
Argentina,"2012-08-05","144","0.017",
Russia,"2013-09-01","426",,
Ukraine,"2006-04-23","343",,
Austria,"2009-12-27","768",,
Bulgaria,"2011-11-27","468",,
France,"2010-04-04","8",,
Netherlands,"2005-02-27","108",,
Peru,"2014-06-15","134",,
Ukraine,"2007-08-05","209",,
Bulgaria,"2010-04-04","385",,
France,"2011-11-27","53",,
Ukraine,"2013-02-03","555",,
Netherlands,"2008-11-09","33",,
Belgium,"2007-05-27","25",,
Australia,"2008-08-31","2017",,
Peru,"2003-01-05","315",,
Germany,"2008-11-02","930",,
Uruguay,"2008-04-13","105",,
Poland,"2014-11-23","31",,
Austria,"2014-05-18","806",,
Austria,"2013-02-10","2297",,
Sweden,"2010-09-05","2",,
Mexico,"2006-04-09","880","0.057",
Germany,"2003-04-06",NA,,
Belgium,"2010-10-31","48",,
France,"2007-03-25","18",,
Japan,"2008-10-26","17",,
Brazil,"2005-11-27","228","0.032",
Russia,"2003-03-30",NA,,
Austria,"2007-07-08","535",,
Poland,"2015-07-12","11",,
Austria,"2002-12-29",NA,,
South Africa,"2005-12-18",NA,,
Hungary,"2005-09-11","29",,
Poland,"2015-02-08","140",,
Germany,"2013-06-23","375",,
Hungary,"2007-11-11","45",,
New Zealand,"2007-04-01","13",,
Japan,"2014-07-27","6",,
Peru,"2009-10-25","216",,
Spain,"2006-08-13","16",,
Peru,"2005-02-20","249",,
Poland,"2004-05-16",NA,,
Hungary,"2003-01-12",NA,,
Sweden,"2014-01-19","7",,
Hungary,"2008-05-18","43",,
Austria,"2008-01-27","1660",,
Belgium,"2015-06-28","9",,
Netherlands,"2014-05-25","15",,
Brazil,"2011-06-19","202","0.099",
Bolivia,"2012-11-11","177","0.013",
Peru,"2012-04-15","161",,
Brazil,"2008-11-09","213","0.061",
United States,"2007-04-22","1080",,
Paraguay,"2009-08-16","332",,
Australia,"2013-03-24","236",,
Poland,"2007-05-06","26",,
Poland,"2006-06-04","23",,
France,"2013-07-07","2",,
Brazil,"2005-02-27","204","0.04",
Bulgaria,"2013-07-21","140",,
Chile,"2005-12-04","1",,
Russia,"2007-06-03","175",,
Hungary,"2004-09-26",NA,,
Germany,"2012-05-20","407",,
Romania,"2012-03-18","870",,
Germany,"2009-01-18","1995",,
Sweden,"2005-05-15",NA,,
Bulgaria,"2003-10-12",NA,,
United States,"2015-06-07","1150",,
Canada,"2004-01-18","2230",,
Uruguay,"2013-05-12","94",,
Switzerland,"2013-02-03","687",,
Netherlands,"2011-06-19","13",,
Brazil,"2014-05-25","227","0.208",
Hungary,"2010-01-10","100",,
New Zealand,"2007-02-25","7",,
Canada,"2011-05-22","683",,
Spain,"2009-03-22","19",,
Bolivia,"2008-02-17","236","0.052",
Netherlands,"2005-11-27","31",,
Chile,"2008-08-17","6",,
Sweden,"2012-07-15","1",,
Russia,"2009-10-18","666",,
Switzerland,"2007-08-05","8",,
Norway,"2011-08-14","23",,
Poland,"2015-04-26","28",,
Sweden,"2006-10-29","2",,
Mexico,"2010-01-17","1713","0.089",
Canada,"2006-02-12","2503",,
Mexico,"2013-03-03","1605","0.091",
Chile,"2004-11-07","2",,
Argentina,"2008-05-04","186","0.043",
Australia,"2010-06-20","281",,
Paraguay,"2005-03-13",NA,,
Japan,"2011-01-09","342",,
Spain,"2007-08-19","16",,
Mexico,"2003-06-29",NA,"0.071",
Poland,"2012-12-30","202",,
Bulgaria,"2009-02-22","884",,
Austria,"2012-06-03","470",,
France,"2015-03-29","30",,
Hungary,"2010-12-05","68",,
Switzerland,"2012-08-19","15",,
Netherlands,"2004-02-08","19",,
Norway,"2003-03-02",NA,,
France,"2011-07-10","2",,
New Zealand,"2007-11-25","7",,
Paraguay,"2003-03-16",NA,,
Sweden,"2007-09-09","2",,
Chile,"2005-09-25","3",,
Switzerland,"2012-05-06","16",,
Hungary,"2006-08-06","42",,
Norway,"2003-06-22",NA,,
Norway,"2012-08-12","21",,
Argentina,"2005-10-16","200","0.022",
Netherlands,"2006-01-22","34",,
Brazil,"2009-01-04","148","0.127",
Brazil,"2004-08-08","263","0.013",
Chile,"2005-07-31","4",,
Argentina,"2005-01-09","82","0.012",
Spain,"2004-12-19","68",,
Bulgaria,"2011-03-13","627",,
France,"2003-05-11",NA,,
New Zealand,"2015-08-02","55",,
Paraguay,"2003-04-13",NA,,
Brazil,"2004-02-08","187","0.067",
Russia,"2014-08-17","281",,
Ukraine,"2012-05-06","211",,
Sweden,"2003-08-03",NA,,
Paraguay,"2005-08-14","402",,
South Africa,"2015-08-09","3446",,
Brazil,"2006-01-22","166","0.127",
Japan,"2005-03-06","1164",,
Hungary,"2006-05-21","39",,
Chile,"2008-09-14","6",,
South Africa,"2008-03-16","1973",,
Bolivia,"2014-10-19","190","0.017",
Ukraine,"2012-08-19","295",,
Netherlands,"2009-01-04","106",,
Netherlands,"2004-08-08","10",,
Bolivia,"2010-08-08","237","0.016",
Bolivia,"2003-09-21","607","0.041",
Belgium,"2006-01-29","163",,
Bolivia,"2006-05-07","491","0.051",
Canada,"2015-06-21","925",,
Peru,"2006-01-15","213",,
Germany,"2012-04-22","527",,
France,"2014-03-23","25",,
Mexico,"2008-11-23","1297","0.136",
United States,"2008-07-06","665",,
South Africa,"2013-03-17","2341",,
Bulgaria,"2005-03-06","1234",,
Uruguay,"2015-05-17","133",,
France,"2008-03-09","36",,
Ukraine,"2008-01-13","446",,
Spain,"2004-10-24","26",,
Spain,"2008-08-10","7",,
Russia,"2007-12-02","404",,
South Africa,"2014-02-16","2615",,
Mexico,"2013-01-20","1669","0.079",
New Zealand,"2008-12-14","10",,
South Africa,"2006-12-24","1786",,
New Zealand,"2005-08-07",NA,,
Bolivia,"2015-07-26","217","0.005",
Sweden,"2004-02-15",NA,,
Poland,"2014-04-27","20",,
Peru,"2015-05-10","138",,
Bolivia,"2010-07-18","197","0.012",
Netherlands,"2009-08-30","54",,
Mexico,"2003-08-10",NA,"0.092",
Romania,"2015-03-15","989",,
Hungary,"2006-02-19","92",,
Belgium,"2011-10-23","82",,
Netherlands,"2011-02-20","40",,
Mexico,"2013-09-15","1157","0.393",
Canada,"2004-08-29","755",,
Bolivia,"2004-05-30","563","0.032",
Hungary,"2014-09-28","60",,
Spain,"2013-11-03","27",,
Spain,"2013-06-09","11",,
Argentina,"2009-09-06","144","0.166",
Ukraine,"2004-09-19",NA,,
Bolivia,"2011-05-08","291","0.058",
Chile,"2008-04-27","45",,
Argentina,"2005-01-30","94","0.01",
Brazil,"2004-01-11","154","0.095",
Paraguay,"2012-12-09","134",,
Chile,"2009-02-01","1",,
United States,"2009-11-29","2560",,
Peru,"2007-10-28","283",,
Canada,"2012-01-29","2032",,
Switzerland,"2004-09-19","8",,
Bolivia,"2015-01-25","141","0.004",
France,"2007-12-23","253",,
Hungary,"2006-11-19","54",,
Chile,"2006-08-27","6",,
Chile,"2014-06-29","145",,
Hungary,"2006-03-05","125",,
Argentina,"2012-11-25","93","0.041",
Poland,"2008-12-28","100",,
Peru,"2008-06-01","251",,
Belgium,"2010-04-11","25",,
Japan,"2011-03-13","143",,
Paraguay,"2013-02-17","129",,
Spain,"2010-01-31","13",,
Austria,"2009-07-05","482",,
Canada,"2008-03-23","2469",,
Sweden,"2004-10-31",NA,,
Mexico,"2003-10-26","755","0.122",
Switzerland,"2008-01-13","389",,
Mexico,"2005-04-17","894","0.049",
Russia,"2003-02-16",NA,,
Peru,"2006-10-01","359",,
Russia,"2003-09-07",NA,,
Australia,"2011-08-28","302",,
Hungary,"2003-02-09",NA,,
Netherlands,"2004-01-11","28",,
Argentina,"2015-04-19","128","0.116",
Brazil,"2009-08-30","273","0.076",
Germany,"2004-09-12","497",,
Austria,"2005-01-16","895",,
Russia,"2004-08-15",NA,,
Peru,"2009-09-13","216",,
Mexico,"2009-05-31","794","0.117",
South Africa,"2007-02-04","1797",,
Hungary,"2013-03-31","90",,
Brazil,"2011-02-20","149","0.324",
Austria,"2012-08-26","455",,
Bulgaria,"2011-01-09","1275",,
Japan,"2009-02-22","311",,
Canada,"2014-05-04","1571",,
Norway,"2006-07-23","8",,
Norway,"2014-02-02","198",,
Netherlands,"2013-12-29","40",,
Japan,"2003-10-12",NA,,
Australia,"2011-02-06","108",,
Belgium,"2008-08-24","17",,
Paraguay,"2005-10-02","321",,
Switzerland,"2009-03-29","36",,
Mexico,"2008-11-30","1376","0.12",
France,"2008-03-02","66",,
Uruguay,"2007-11-18","110",,
Ukraine,"2013-07-14","254",,
Spain,"2009-10-04","137",,
Chile,"2003-12-21","1",,
Uruguay,"2005-06-05","142",,
Belgium,"2015-05-24","29",,
Sweden,"2015-04-05","15",,
Argentina,"2008-10-19","162","0.014",
Romania,"2005-06-26","709",,
South Africa,"2003-07-27",NA,,
Chile,"2013-01-13","2",,
Brazil,"2010-07-25","166","0.096",
Mexico,"2011-11-06","1093","0.13",
Chile,"2009-07-26","8",,
Hungary,"2013-04-21","46",,
Australia,"2011-04-10","254",,
Austria,"2003-04-20",NA,,
Australia,"2008-04-20","323",,
Romania,"2014-04-13","650",,
Brazil,"2007-05-20","365","0.221",
Peru,"2004-10-10","400",,
Austria,"2003-11-16","708",,
Japan,"2013-07-21","4",,
Germany,"2012-09-02","437",,
Switzerland,"2007-12-16","63",,
France,"2007-01-28","386",,
Argentina,"2003-07-13","307","0.036",
France,"2010-08-15","4",,
Bulgaria,"2014-07-27","165",,
Bulgaria,"2008-10-26","750",,
France,"2011-12-04","59",,
Norway,"2012-07-29","18",,
Ukraine,"2007-12-16","471",,
Bolivia,"2006-03-12","428","0.016",
Brazil,"2013-12-29","107","0.068",
Spain,"2007-06-10","19",,
Chile,"2011-01-16","2",,
Uruguay,"2009-10-11","111",,
South Africa,"2006-07-16","3225",,
Russia,"2011-06-26","172",,
Bolivia,"2004-04-25","464","0.045",
Peru,"2012-12-23","97",,
Germany,"2009-11-15","1568",,
Belgium,"2004-02-01","80",,
Ukraine,"2009-03-29","431",,
Japan,"2010-04-04","6",,
Netherlands,"2007-05-20","18",,
Switzerland,"2013-07-14","26",,
Uruguay,"2007-04-08","124",,
New Zealand,"2007-12-09","6",,
United States,"2007-07-22","699",,
Sweden,"2012-10-21","3",,
Netherlands,"2010-07-25","12",,
Canada,"2011-04-03","1348",,
Paraguay,"2014-08-31","325",,
Russia,"2003-09-28",NA,,
Chile,"2007-09-16","8",,
South Africa,"2004-07-25",NA,,
Japan,"2012-09-23","10",,
Ukraine,"2003-12-28",NA,,
United States,"2006-11-12","1758",,
Romania,"2014-03-16","966",,
France,"2010-11-28","45",,
Norway,"2013-04-28","45",,
Uruguay,"2008-02-17","75",,
Netherlands,"2008-03-16","35",,
Austria,"2010-10-24","609",,
Argentina,"2009-04-19","138","0.817",
Argentina,"2008-05-11","197","0.029",
Netherlands,"2015-08-09","12",,
Canada,"2009-03-08","2609",,
Romania,"2009-11-01","988",,
Belgium,"2014-08-24","21",,
Paraguay,"2010-08-22","292",,
South Africa,"2009-01-04","1783",,
South Africa,"2004-08-08",NA,,
Australia,"2013-08-18","914",,
Bolivia,"2013-05-12","221","0.019",
Spain,"2007-09-30","30",,
Norway,"2015-07-19","25",,
Ukraine,"2006-09-17","278",,
Spain,"2005-07-03","11",,
Poland,"2003-06-29",NA,,
Japan,"2010-09-26","8",,
Mexico,"2012-12-30","1829","0.092",
Australia,"2011-09-11","261",,
Canada,"2008-01-20","2494",,
Norway,"2009-02-15","110",,
New Zealand,"2015-04-05","15",,
Norway,"2014-04-20","58",,
Ukraine,"2009-12-20","889",,
Peru,"2010-12-26","109",,
Mexico,"2015-04-26","1098","0.133",
Japan,"2014-01-12","791",,
Poland,"2010-01-17","44",,
Uruguay,"2012-11-11","83",,
Switzerland,"2005-01-23","320",,
Poland,"2013-03-03","59",,
Peru,"2005-03-20","227",,
Brazil,"2015-08-09","201","0.08",
Chile,"2014-06-08","28",,
Hungary,"2009-12-06","318",,
South Africa,"2006-01-22","1866",,
New Zealand,"2012-10-21","30",,
Austria,"2010-11-14","658",,
Switzerland,"2009-12-20","124",,
Paraguay,"2006-07-09","454",,
Japan,"2010-03-21","10",,
Brazil,"2008-03-16","247","0.447",
Bulgaria,"2006-03-19","1033",,
Australia,"2012-12-02","144",,
Chile,"2010-01-03","1",,
Germany,"2003-12-14","1214",,
Ukraine,"2005-01-23",NA,,
Germany,"2012-01-22","767",,
Paraguay,"2007-03-04","299",,
Switzerland,"2006-09-17","15",,
Chile,"2013-10-20","15",,
Russia,"2010-08-29","367",,
Sweden,"2007-12-09","4",,
Chile,"2013-09-29","15",,
Japan,"2013-05-19","44",,
Russia,"2015-01-18","737",,
Hungary,"2011-03-06","152",,
Australia,"2005-11-06",NA,,
Bulgaria,"2003-10-19",NA,,
Romania,"2010-04-18","588",,
South Africa,"2004-02-08",NA,,
Bolivia,"2008-04-13","406","0.044",
Argentina,"2008-06-08","343","0.017",
Norway,"2011-11-13","64",,
Belgium,"2010-01-24","64",,
Hungary,"2003-06-15",NA,,
Canada,"2004-09-05","1014",,
Canada,"2005-05-22","1182",,
Switzerland,"2003-12-28","504",,
South Africa,"2005-11-27",NA,,
Japan,"2014-04-06","239",,
Uruguay,"2006-05-07","120",,
Brazil,"2005-12-18","172","0.043",
Spain,"2010-05-23","7",,
Peru,"2003-08-17","383",,
Uruguay,"2003-09-21","162",,
Germany,"2015-02-15","2557",,
Japan,"2007-03-11","750",,
Uruguay,"2014-10-19","112",,
Peru,"2003-06-08","358",,
Germany,"2007-10-21","1061",,
Hungary,"2008-07-27","36",,
Austria,"2014-12-07","1360",,
Uruguay,"2010-08-08","131",,
Mexico,"2015-07-12","1057","0.229",
Belgium,"2007-06-17","15",,
Peru,"2015-04-12","137",,
Belgium,"2013-11-24","121",,
Norway,"2014-05-11","64",,
Austria,"2006-12-31","858",,
Mexico,"2004-05-16","852","0.06",
Austria,"2003-05-04",NA,,
Belgium,"2003-02-02",NA,,
Mexico,"2015-02-08","1869","0.09",
South Africa,"2011-06-19","3679",,
Peru,"2009-12-13","151",,
Japan,"2009-08-09","102",,
Romania,"2005-03-27","1117",,
Poland,"2006-04-09","82",,
Hungary,"2012-07-08","30",,
Mexico,"2014-11-23","1611","0.252",
Sweden,"2008-12-14","6",,
Sweden,"2005-08-07",NA,,
Norway,"2010-06-06","29",,
Japan,"2014-01-05","469",,
New Zealand,"2004-02-15",NA,,
Ukraine,"2005-07-10",NA,,
Austria,"2005-04-03","629",,
Australia,"2003-09-14",NA,,
Canada,"2005-02-06","3526",,
Russia,"2011-03-27","496",,
Ukraine,"2003-05-18",NA,,
Romania,"2007-08-26","560",,
Australia,"2008-12-21","141",,
Bulgaria,"2009-01-25","1183",,
United States,"2006-05-28","884",,
Switzerland,"2003-05-18",NA,,
Switzerland,"2005-07-10","10",,
Russia,"2010-07-11","193",,
Bulgaria,"2012-03-25","324",,
Belgium,"2003-07-20",NA,,
Austria,"2012-05-27","495",,
United States,"2014-06-01","1155",,
South Africa,"2014-05-25","3338",,
Netherlands,"2005-12-18","26",,
New Zealand,"2004-10-31",NA,,
Paraguay,"2012-02-12","90",,
Spain,"2011-05-01","6",,
Russia,"2012-11-04","680",,
Spain,"2003-07-06",NA,,
United States,"2012-01-15","2411",,
Germany,"2003-08-24",NA,,
United States,"2008-07-13","638",,
Bulgaria,"2006-09-24","580",,
Chile,"2012-07-22","15",,
South Africa,"2008-11-09","1976",,
Peru,"2004-07-11","349",,
Argentina,"2015-02-22","78","0.034",
Mexico,"2006-06-04","776","0.071",
Paraguay,"2006-02-05","245",,
Russia,"2004-11-14","339",,
South Africa,"2005-02-27",NA,,
Romania,"2012-11-18","625",,
Japan,"2008-08-03","2",,
Mexico,"2007-05-06","1040","0.056",
Canada,"2014-09-14","1648",,
Bulgaria,"2008-06-29","362",,
South Africa,"2010-07-25","3403",,
Ukraine,"2006-04-02","412",,
Brazil,"2003-07-27","225","0.013",
Belgium,"2006-11-05","65",,
Netherlands,"2004-07-25","11",,
Russia,"2015-02-01","1219",,
Sweden,"2007-11-25","2",,
South Africa,"2007-05-20","2947",,
Bulgaria,"2008-08-03","234",,
Chile,"2010-08-01","10",,
New Zealand,"2007-09-09","53",,
Austria,"2010-02-28","742",,
Australia,"2009-09-27","193",,
Japan,"2008-06-29","2",,
Russia,"2005-01-02","401",,
Hungary,"2014-07-06","30",,
Paraguay,"2008-09-21","313",,
Austria,"2009-05-03","624",,
United States,"2004-01-25","1396",,
Argentina,"2012-02-05","56","0.077",
Poland,"2011-11-06","28",,
Japan,"2012-03-25","276",,
Poland,"2008-11-30","61",,
Germany,"2004-03-21","938",,
Netherlands,"2006-07-16","14",,
Paraguay,"2012-10-07","153",,
Japan,"2009-01-25","1376",,
Hungary,"2006-07-30","39",,
Argentina,"2009-07-12","238","0.128",
Norway,"2008-12-07","63",,
Germany,"2015-03-08","1448",,
New Zealand,"2006-10-29","21",,
Switzerland,"2009-03-01","76",,
Japan,"2006-09-24","3",,
Peru,"2003-02-23","274",,
Paraguay,"2005-05-08",NA,,
Austria,"2013-01-06","1175",,
Paraguay,"2013-05-05","229",,
Uruguay,"2015-01-25","77",,
Argentina,"2013-06-16","221","0.039",
Austria,"2006-12-10","803",,
Ukraine,"2009-03-01","753",,
Norway,"2012-08-05","19",,
Austria,"2008-10-12","886",,
Bulgaria,"2014-01-05","999",,
Paraguay,"2012-04-29","179",,
France,"2013-04-14","14",,
France,"2011-02-27","33",,
Bulgaria,"2009-08-09","342",,
Uruguay,"2004-05-30","151",,
Uruguay,"2011-05-08","84",,
Germany,"2014-03-30","768",,
Netherlands,"2003-07-27",NA,,
France,"2008-07-20","4",,
Hungary,"2007-01-21","190",,
Brazil,"2004-07-25","282","0.017",
Uruguay,"2010-07-18","105",,
Hungary,"2013-08-25","29",,
Canada,"2011-06-05","606",,
New Zealand,"2003-08-03",NA,,
Uruguay,"2015-07-26","225",,
Paraguay,"2004-03-28",NA,,
Bulgaria,"2014-04-06","376",,
United States,"2013-11-10","1628",,
Romania,"2004-05-23","613",,
South Africa,"2013-12-29","2422",,
Chile,"2005-12-25","2",,
Sweden,"2015-08-02","2",,
Australia,"2010-05-30","230",,
Switzerland,"2006-04-02","48",,
Austria,"2009-04-05","616",,
Germany,"2012-05-13","440",,
Bolivia,"2015-05-17","248","0.02",
France,"2004-10-03","51",,
Hungary,"2014-12-14","81",,
Austria,"2011-05-29","390",,
Bulgaria,"2007-03-11","709",,
Brazil,"2006-07-16","302","0.045",
Peru,"2010-02-14","121",,
New Zealand,"2014-01-19","13",,
Germany,"2003-01-19",NA,,
Belgium,"2009-08-02","89",,
Australia,"2012-01-08","122",,
Austria,"2003-12-07","719",,
Japan,"2003-10-19",NA,,
Netherlands,"2007-02-04","46",,
Australia,"2004-04-04",NA,,
Mexico,"2014-04-27","1003","0.11",
Bolivia,"2007-04-08","411","0.093",
South Africa,"2004-01-11",NA,,
Belgium,"2004-06-13","19",,
Poland,"2013-09-15","22",,
Sweden,"2007-04-01","3",,
Argentina,"2003-11-09","166","0.027",
Poland,"2003-08-10",NA,,
Germany,"2009-06-28","352",,
Japan,"2006-03-19","34",,
Russia,"2011-10-09","458",,
Uruguay,"2004-04-25","132",,
United States,"2012-10-14","2391",,
New Zealand,"2010-09-05","52",,
Poland,"2013-01-20","268",,
Spain,"2006-05-14","23",,
Uruguay,"2006-03-12","79",,
Brazil,"2013-03-17","165","0.421",
Bulgaria,"2010-03-21","476",,
Bolivia,"2009-10-11","271","0.049",
Russia,"2007-09-23","427",,
Switzerland,"2011-04-24","7",,
Spain,"2014-11-02","15",,
Australia,"2007-12-30","141",,
Bulgaria,"2013-05-19","184",,
France,"2006-08-20","8",,
Poland,"2008-11-23","43",,
Chile,"2011-02-13","2",,
Romania,"2007-03-18","817",,
Brazil,"2014-02-16","123","0.115",
Brazil,"2006-12-24","156","0.059",
Russia,"2007-07-15","134",,
Australia,"2014-08-10","2387",,
Spain,"2011-01-23","69",,
Ukraine,"2011-04-24","293",,
Canada,"2004-05-02","786",,
New Zealand,"2012-07-15","132",,
Russia,"2004-07-18",NA,,
Bulgaria,"2010-09-26","470",,
Poland,"2009-05-31","25",,
United States,"2006-10-22","1445",,
New Zealand,"2005-05-15",NA,,
Poland,"2003-10-26",NA,,
South Africa,"2009-08-30","3958",,
Poland,"2005-04-17","59",,
South Africa,"2011-02-20","2004",,
Brazil,"2007-02-04","165","0.13",
Paraguay,"2004-11-21",NA,,
Bulgaria,"2014-01-12","1516",,
Norway,"2011-09-25","64",,
Sweden,"2007-02-25","19",,
Canada,"2006-10-08","1758",,
Germany,"2004-06-27","425",,
Germany,"2011-08-21","256",,
Bolivia,"2007-11-18","319","0.015",
Netherlands,"2014-02-16","44",,
Netherlands,"2006-12-24","27",,
Germany,"2004-12-26","1288",,
Austria,"2003-05-25",NA,,
Bulgaria,"2012-09-23","188",,
Bolivia,"2005-06-05","401","0.024",
Australia,"2009-05-10","438",,
Belgium,"2007-01-07","113",,
Romania,"2004-12-12","755",,
Mexico,"2008-12-28","1424","0.06",
Netherlands,"2013-03-17","56",,
Belgium,"2010-07-11","8",,
Spain,"2003-10-19","46",,
Brazil,"2003-03-02","177","0.142",
Argentina,"2013-12-08","75","0.039",
Austria,"2010-07-18","406",,
Romania,"2006-09-17","660",,
Poland,"2006-08-06","13",,
Russia,"2003-07-20",NA,,
South Africa,"2009-02-15","2490",,
France,"2005-07-24","10",,
Australia,"2003-08-31",NA,,
Uruguay,"2008-10-12","115",,
South Africa,"2014-04-20","3123",,
Austria,"2011-05-08","443",,
Romania,"2009-12-20","897",,
Germany,"2014-12-21","1066",,
Belgium,"2012-11-04","59",,
Argentina,"2010-02-07","70","0.251",
Austria,"2004-05-30","441",,
Japan,"2006-05-14","6",,
Uruguay,"2009-04-05","81",,
Norway,"2009-01-04","236",,
Norway,"2004-08-08",NA,,
Hungary,"2015-04-26","47",,
Romania,"2003-12-28","1142",,
South Africa,"2015-07-19","2751",,
New Zealand,"2014-10-12","52",,
Ukraine,"2014-03-16","481",,
France,"2011-05-15","2",,
Brazil,"2012-08-12","160","0.053",
Spain,"2006-03-19","114",,
Belgium,"2004-11-14","67",,
Uruguay,"2011-05-29","109",,
Chile,"2006-11-12","5",,
Austria,"2015-07-26","519",,
Hungary,"2012-12-30","70",,
Australia,"2006-09-03","570",,
New Zealand,"2006-06-25","80",,
South Africa,"2013-04-28","2683",,
Brazil,"2003-06-22","279","0.073",
Switzerland,"2010-04-18","7",,
Poland,"2010-12-05","32",,
Australia,"2009-05-17","504",,
Japan,"2014-11-02","47",,
Peru,"2004-03-14","301",,
Ukraine,"2009-11-01","1240",,
Sweden,"2005-06-19",NA,,
Uruguay,"2010-02-28","56",,
Poland,"2006-05-21","24",,
Bulgaria,"2005-07-03","468",,
Germany,"2012-04-01","574",,
Switzerland,"2009-11-01","140",,
South Africa,"2011-11-13","1790",,
Ukraine,"2010-04-18","269",,
Uruguay,"2009-05-03","135",,
Japan,"2011-01-23","918",,
Canada,"2007-02-11","3456",,
New Zealand,"2013-01-27","12",,
France,"2005-05-01","10",,
New Zealand,"2011-07-03","60",,
Norway,"2004-02-08",NA,,
Switzerland,"2014-03-16","98",,
Netherlands,"2003-03-02",NA,,
Bolivia,"2012-08-26","245","0.014",
Mexico,"2009-12-06","1376","0.24",
Paraguay,"2013-10-06","271",,
Bolivia,"2005-01-16","273","0.02",
Russia,"2003-02-02",NA,,
Russia,"2013-11-24","502",,
Russia,"2007-06-17","125",,
Netherlands,"2003-06-22",NA,,
United States,"2014-06-08","1071",,
Mexico,"2003-06-15",NA,"0.074",
Romania,"2005-01-23","747",,
Austria,"2015-01-25","2465",,
Uruguay,"2006-12-10","110",,
Uruguay,"2013-01-06","63",,
United States,"2010-01-03","2169",,
Belgium,"2011-03-27","58",,
Mexico,"2011-03-06","1472","0.079",
Bolivia,"2009-07-05","266","0.048",
Paraguay,"2014-06-22","324",,
Australia,"2008-02-24","206",,
Norway,"2006-01-22","40",,
United States,"2013-10-20","1445",,
Paraguay,"2014-03-02","150",,
Australia,"2013-10-13","288",,
United States,"2013-09-29","1363",,
Netherlands,"2012-08-12","14",,
Canada,"2009-03-15","2294",,
Bulgaria,"2007-09-30","475",,
Peru,"2012-06-24","148",,
Mexico,"2008-07-27","698","0.128",
Bolivia,"2003-04-20","537","0.147",
Hungary,"2015-07-12","22",,
Canada,"2009-12-27","2199",,
Peru,"2010-11-07","197",,
Hungary,"2015-02-08","1121",,
Poland,"2005-09-11","23",,
Poland,"2007-11-11","52",,
Ukraine,"2005-03-27",NA,,
Hungary,"2004-05-16",NA,,
Poland,"2003-01-12",NA,,
Ukraine,"2007-08-26","272",,
Poland,"2008-05-18","23",,
Argentina,"2005-09-18","194","0.019",
South Africa,"2010-06-06","3117",,
Canada,"2012-03-11","2495",,
Romania,"2005-07-10","621",,
Bolivia,"2003-11-16","424","0.031",
New Zealand,"2012-06-10","62",,
Belgium,"2010-08-29","21",,
Germany,"2003-03-23",NA,,
Spain,"2008-06-29","7",,
Romania,"2003-05-18","639",,
Canada,"2010-06-13","592",,
Spain,"2009-01-25","72",,
Argentina,"2007-02-18","111","0.092",
South Africa,"2014-05-11","3088",,
Norway,"2011-06-19","21",,
Belgium,"2015-01-18","723",,
Paraguay,"2008-06-15","491",,
Switzerland,"2012-11-18","50",,
Spain,"2012-03-25","25",,
Sweden,"2015-01-11","7",,
Sweden,"2011-07-24","0",,
Netherlands,"2011-08-14","12",,
Germany,"2010-04-25","472",,
Russia,"2010-01-24","615",,
Bulgaria,"2011-05-01","295",,
Hungary,"2014-11-23","65",,
Bulgaria,"2003-07-06",NA,,
Norway,"2005-11-27","69",,
Uruguay,"2003-05-25","118",,
Spain,"2006-09-24","33",,
Canada,"2015-05-31","977",,
Mexico,"2012-07-08","750","0.141",
Paraguay,"2013-12-15","176",,
France,"2009-11-22","801",,
Sweden,"2010-03-28","2",,
Norway,"2005-02-27","72",,
Argentina,"2007-10-07","171","0.029",
Poland,"2010-01-10","51",,
Australia,"2015-03-01","298",,
Uruguay,"2003-12-07","130",,
Peru,"2014-10-26","127",,
Sweden,"2010-06-27","1",,
Norway,"2008-11-09","30",,
Canada,"2013-09-08","1016",,
Australia,"2004-01-04",NA,,
Paraguay,"2008-02-10","155",,
Russia,"2014-08-24","298",,
Ukraine,"2012-11-18","459",,
Chile,"2006-05-28","5",,
Bulgaria,"2010-05-23","314",,
Peru,"2005-08-28","391",,
Brazil,"2011-08-14","171","0.074",
Argentina,"2010-10-17","154","0.082",
Canada,"2008-09-28","1422",,
Switzerland,"2007-08-26","12",,
Germany,"2004-08-22","396",,
Canada,"2008-03-30","2365",,
Chile,"2014-06-01","19",,
Hungary,"2007-05-06","43",,
Canada,"2011-06-12","518",,
France,"2007-10-14","55",,
Austria,"2004-04-25","531",,
Hungary,"2006-06-04","40",,
Peru,"2007-06-24","272",,
Poland,"2004-09-26","19",,
Norway,"2014-05-25","48",,
Canada,"2007-11-04","1717",,
Switzerland,"2005-03-27","30",,
Chile,"2012-01-15","2",,
Chile,"2008-07-13","8",,
United States,"2012-07-22","869",,
Austria,"2006-03-12","1021",,
Argentina,"2004-08-01","178","0.017",
Netherlands,"2012-07-29","18",,
New Zealand,"2005-02-13",NA,,
Poland,"2013-04-21","28",,
Bolivia,"2002-12-29",NA,"0.101",
Spain,"2014-04-06","26",,
South Africa,"2008-12-07","1928",,
Mexico,"2014-07-06","947","0.194",
Bolivia,"2007-07-08","319","0.017",
Japan,"2010-05-23","6",,
New Zealand,"2006-04-23","14",,
Belgium,"2004-07-18","13",,
Canada,"2013-12-22","4946",,
Australia,"2008-06-22","454",,
Uruguay,"2010-11-14","104",,
Brazil,"2014-02-02","105","0.092",
Spain,"2007-03-11","34",,
Bolivia,"2008-01-27","225","0.03",
Brazil,"2006-07-23","288","0.046",
Canada,"2005-04-24","1509",,
Spain,"2014-01-05","294",,
Paraguay,"2011-12-25","99",,
Norway,"2007-05-20","15",,
Spain,"2009-08-09","57",,
Romania,"2006-04-02","887",,
Switzerland,"2004-05-23","6",,
Russia,"2007-01-07","337",,
United States,"2010-08-01","757",,
Australia,"2014-02-09","132",,
Bolivia,"2014-05-18","223","0.023",
Bolivia,"2013-02-10","103","0.013",
Sweden,"2010-05-02","2",,
Mexico,"2006-07-30","737","0.106",
Chile,"2004-01-25","1",,
Argentina,"2010-05-09","163","0.087",
Norway,"2010-07-25","21",,
Sweden,"2010-10-03","2",,
Argentina,"2005-04-10","162","0.024",
Paraguay,"2010-09-12","212",,
Russia,"2009-08-02","216",,
Canada,"2013-12-01","2354",,
Uruguay,"2010-10-24","113",,
Ukraine,"2004-05-23",NA,,
Norway,"2013-12-29","113",,
France,"2006-11-26","63",,
Chile,"2013-11-10","9",,
Mexico,"2007-01-21","2911","0.058",
Netherlands,"2006-07-23","14",,
Netherlands,"2014-02-02","52",,
United States,"2005-12-25","2915",,
Australia,"2004-02-22",NA,,
Japan,"2003-07-06",NA,,
Germany,"2010-12-12","920",,
Brazil,"2012-07-29","160","0.061",
Paraguay,"2006-01-08","257",,
Austria,"2008-02-17","1117",,
Sweden,"2005-06-12",NA,,
Japan,"2011-05-01","52",,
Russia,"2004-06-13",NA,,
Belgium,"2011-10-09","55",,
Romania,"2009-03-01","1026",,
Belgium,"2007-09-23","70",,
Canada,"2004-11-28","2345",,
Mexico,"2014-12-14","2109","0.135",
Austria,"2012-11-11","850",,
Spain,"2008-08-03","8",,
Mexico,"2013-08-25","898","0.361",
France,"2011-08-07","2",,
Belgium,"2007-07-15","18",,
South Africa,"2012-08-05","3858",,
Hungary,"2014-04-27","42",,
Argentina,"2013-09-22","130","0.027",
Chile,"2012-10-14","11",,
Poland,"2006-02-19","79",,
Spain,"2012-09-23","21",,
Poland,"2014-09-28","32",,
Japan,"2007-09-30","4",,
Ukraine,"2007-03-18","443",,
Paraguay,"2010-05-16","237",,
Sweden,"2010-10-10","2",,
United States,"2011-02-13","4077",,
Uruguay,"2012-05-27","109",,
Argentina,"2006-04-16","152","0.041",
Norway,"2004-01-11",NA,,
Bulgaria,"2011-01-23","2430",,
Argentina,"2006-04-30","185","0.029",
Japan,"2005-07-03","2",,
Switzerland,"2004-12-12","38",,
Sweden,"2006-12-17","2",,
Spain,"2010-09-26","15",,
New Zealand,"2009-01-11","8",,
Canada,"2006-09-10","1118",,
Argentina,"2014-07-20","227","0.019",
New Zealand,"2011-12-11","12",,
Bolivia,"2012-06-03","250","0.016",
Peru,"2008-09-07","293",,
Argentina,"2007-07-01","379","0.024",
Spain,"2014-01-12","349",,
Uruguay,"2014-12-07","73",,
Austria,"2010-08-08","462",,
Austria,"2014-10-19","1062",,
Belgium,"2015-02-01","2776",,
Uruguay,"2003-05-04","116",,
Poland,"2003-02-09",NA,,
Bulgaria,"2006-05-14","864",,
Uruguay,"2006-12-31","82",,
Russia,"2006-11-05","340",,
Peru,"2012-10-28","128",,
Spain,"2010-03-21","8",,
Belgium,"2005-01-02","203",,
Paraguay,"2006-03-26","209",,
Austria,"2006-05-07","565",,
Bulgaria,"2014-11-02","556",,
Spain,"2013-05-19","17",,
Poland,"2013-03-31","64",,
Ukraine,"2004-12-12",NA,,
Austria,"2003-09-21",NA,,
Norway,"2011-02-20","97",,
Switzerland,"2007-03-18","45",,
Poland,"2006-11-19","47",,
Peru,"2014-09-21","141",,
South Africa,"2011-09-25","2724",,
Uruguay,"2005-04-03","83",,
Sweden,"2005-12-11","3",,
Poland,"2006-03-05","116",,
Norway,"2009-08-30","264",,
Romania,"2011-04-24","614",,
Hungary,"2008-12-28","87",,
Chile,"2006-10-22","4",,
Paraguay,"2009-02-08","126",,
New Zealand,"2014-12-28","21",,
Australia,"2005-11-20",NA,,
Brazil,"2014-05-11","245","0.34",
Spain,"2003-10-12","43",,
Switzerland,"2012-03-18","100",,
Uruguay,"2009-07-05","256",,
Sweden,"2009-01-11","17",,
Argentina,"2004-05-09","198","0.041",
Sweden,"2011-12-11","4",,
France,"2011-09-04","2",,
Paraguay,"2014-08-03","352",,
Hungary,"2006-04-09","85",,
Poland,"2012-07-08","11",,
Belgium,"2014-08-17","21",,
Argentina,"2013-08-04","164","0.036",
Canada,"2005-09-04","1050",,
Peru,"2005-10-30","367",,
Canada,"2004-10-17","1924",,
Bulgaria,"2009-03-22","761",,
Bolivia,"2006-12-10","312","0.012",
Bolivia,"2013-01-06","119","0.012",
New Zealand,"2006-12-17","7",,
Japan,"2009-10-04","539",,
Norway,"2005-12-18","54",,
Mexico,"2008-05-18","849","0.079",
Paraguay,"2011-01-02","148",,
Romania,"2007-08-05","604",,
Germany,"2011-01-30","1469",,
Germany,"2008-05-25","425",,
Uruguay,"2005-01-16","84",,
Peru,"2015-03-22","113",,
Canada,"2007-04-15","1513",,
Mexico,"2003-01-12",NA,"0.071",
New Zealand,"2010-10-10","32",,
Uruguay,"2012-08-26","132",,
Spain,"2013-07-21","7",,
Australia,"2010-12-19","111",,
Poland,"2008-07-27","10",,
Brazil,"2010-06-06","223","0.213",
Bolivia,"2009-05-03","387","0.164",
Bolivia,"2010-02-28","164","0.092",
Romania,"2013-02-03","821",,
Argentina,"2010-03-07","71","0.316",
Mexico,"2005-09-11","786","0.177",
Mexico,"2007-11-11","1429","0.287",
Russia,"2006-01-29","304",,
France,"2003-04-27",NA,,
Mexico,"2004-09-26","874","0.135",
Chile,"2015-06-07","16",,
South Africa,"2011-08-14","3051",,
Sweden,"2014-12-28","7",,
Australia,"2009-06-14","1176",,
Bulgaria,"2006-08-13","480",,
Peru,"2005-10-09","382",,
Bolivia,"2011-05-29","272","0.046",
Germany,"2010-02-21","979",,
Netherlands,"2014-05-11","21",,
United States,"2008-08-17","710",,
Austria,"2015-05-17","648",,
Argentina,"2008-10-05","182","0.017",
New Zealand,"2005-12-11",NA,,
Bolivia,"2009-04-05","413","0.179",
Japan,"2007-06-10","4",,
Netherlands,"2010-06-06","12",,
Canada,"2013-10-27","1968",,
Chile,"2007-04-22","8",,
Canada,"2005-08-21","835",,
Spain,"2010-04-04","8",,
Bolivia,"2008-10-12","300","0.014",
Argentina,"2009-07-19","158","0.106",
United States,"2005-12-04","1806",,
Ukraine,"2012-03-18","517",,
Peru,"2005-11-13","358",,
Mexico,"2010-01-10","1518","0.096",
Germany,"2012-09-16","627",,
Austria,"2009-10-11","812",,
France,"2010-09-19","27",,
Germany,"2006-12-03","1006",,
Hungary,"2003-06-29",NA,,
Brazil,"2015-07-19","213","0.09",
United States,"2005-09-25","1177",,
New Zealand,"2010-05-02","28",,
South Africa,"2012-08-12","4232",,
Mexico,"2010-12-05","1678","0.138",
France,"2005-05-29","9",,
New Zealand,"2010-10-03","29",,
Canada,"2006-06-11","951",,
Belgium,"2007-06-03","29",,
Germany,"2015-01-04","1117",,
Brazil,"2013-04-28","219","0.32",
South Africa,"2003-06-22",NA,,
Hungary,"2010-01-17","91",,
Paraguay,"2011-09-18","175",,
France,"2014-11-30","58",,
Australia,"2013-02-24","188",,
United States,"2005-07-31","693",,
Japan,"2008-08-10","2",,
Hungary,"2013-03-03","254",,
Japan,"2004-10-24","14",,
South Africa,"2003-03-02",NA,,
Bolivia,"2003-12-07","368","0.016",
United States,"2004-11-07","1819",,
France,"2013-05-26","8",,
Canada,"2012-02-19","2583",,
Brazil,"2009-02-15","164","0.252",
Brazil,"2014-04-20","210","0.458",
Sweden,"2005-02-13",NA,,
Japan,"2013-11-03","48",,
Netherlands,"2011-11-13","43",,
Japan,"2013-06-09","10",,
Austria,"2007-04-08","643",,
Belgium,"2009-10-18","591",,
Mexico,"2006-08-06","790","0.103",
Sweden,"2006-04-23","3",,
Austria,"2005-06-05","519",,
Poland,"2011-03-06","102",,
Bolivia,"2003-05-25","547","0.064",
Netherlands,"2013-04-28","21",,
France,"2011-10-30","25",,
United States,"2008-09-14","1114",,
Romania,"2012-08-19","527",,
Austria,"2007-11-18","825",,
Peru,"2013-08-11","147",,
Netherlands,"2015-07-19","13",,
Russia,"2007-05-27","200",,
France,"2007-05-13","6",,
Poland,"2003-06-15",NA,,
Russia,"2010-10-31","419",,
Norway,"2015-08-09","32",,
Spain,"2011-03-13","16",,
Norway,"2008-03-16","43",,
Japan,"2010-01-31","110",,
Argentina,"2003-10-05","205","0.019",
Bulgaria,"2004-12-19","715",,
Uruguay,"2003-11-16","138",,
Germany,"2011-04-17","465",,
Netherlands,"2014-04-20","35",,
Poland,"2009-12-06","194",,
Netherlands,"2009-02-15","56",,
Peru,"2004-02-29","208",,
Belgium,"2003-03-30",NA,,
New Zealand,"2005-06-12",NA,,
Brazil,"2011-11-13","132","0.09",
Australia,"2009-11-08","144",,
Bulgaria,"2007-08-19","344",,
Canada,"2006-07-02","785",,
Spain,"2009-02-22","29",,
Mexico,"2006-05-21","894","0.063",
Uruguay,"2003-04-20","106",,
Romania,"2012-05-06","488",,
Russia,"2015-06-28","223",,
Australia,"2013-06-30","492",,
New Zealand,"2011-07-24","68",,
Ukraine,"2015-03-15","517",,
Peru,"2012-07-01","153",,
Hungary,"2013-01-20","128",,
Germany,"2009-04-12","557",,
Netherlands,"2011-09-25","24",,
Hungary,"2008-11-23","62",,
Belgium,"2011-06-26","9",,
Spain,"2011-01-09","170",,
Japan,"2007-08-19","2",,
United States,"2008-04-27","1046",,
New Zealand,"2015-01-11","15",,
Romania,"2004-09-19","672",,
United States,"2009-02-01","3116",,
France,"2006-10-15","48",,
Mexico,"2014-09-28","1158","0.362",
Norway,"2014-02-16","134",,
Norway,"2006-12-24","21",,
Chile,"2008-07-06","8",,
Russia,"2004-02-01",NA,,
Argentina,"2013-11-17","93","0.053",
Sweden,"2012-06-10","1",,
Norway,"2013-03-17","119",,
Austria,"2013-05-12","638",,
Japan,"2004-12-19","43",,
Bulgaria,"2010-01-31","585",,
Peru,"2008-04-06","246",,
Hungary,"2013-09-15","54",,
Romania,"2008-01-13","1060",,
Bolivia,"2010-10-24","301","0.015",
Belgium,"2003-09-28","50",,
Hungary,"2003-08-10",NA,,
Mexico,"2006-02-19","1137","0.036",
Austria,"2008-04-13","773",,
Norway,"2007-02-04","199",,
Brazil,"2011-09-25","145","0.071",
Canada,"2014-11-09","2505",,
Russia,"2008-08-24","225",,
Uruguay,"2014-05-18","116",,
Uruguay,"2013-02-10","56",,
Bulgaria,"2013-06-09","156",,
Bulgaria,"2013-11-03","443",,
Peru,"2015-07-05","146",,
Mexico,"2006-11-19","1409","0.112",
Australia,"2015-05-03","492",,
Mexico,"2006-03-05","1069","0.049",
Russia,"2015-05-24","322",,
Chile,"2009-11-29","3",,
Australia,"2004-04-11",NA,,
Uruguay,"2008-01-27","76",,
Paraguay,"2014-09-07","322",,
New Zealand,"2010-06-27","45",,
United States,"2006-08-27","760",,
Spain,"2005-03-06","50",,
United States,"2014-06-29","990",,
Bolivia,"2010-11-14","217","0.018",
Hungary,"2009-05-31","43",,
Mexico,"2013-03-31","1067","0.088",
Uruguay,"2002-12-29",NA,,
Hungary,"2005-04-17","91",,
Hungary,"2003-10-26",NA,,
Uruguay,"2007-07-08","221",,
Bulgaria,"2004-10-24",NA,,
Bulgaria,"2008-08-10","246",,
Switzerland,"2015-03-15","207",,
Peru,"2011-03-20","140",,
New Zealand,"2010-03-28","17",,
Canada,"2013-03-10","1901",,
Argentina,"2012-06-17","191","0.024",
Mexico,"2003-02-09",NA,"0.042",
Peru,"2013-07-28","132",,
United States,"2013-01-13","10555",,
Hungary,"2008-11-30","65",,
Sweden,"2006-06-25","1",,
Russia,"2010-04-11","456",,
United States,"2009-07-26","1324",,
Ukraine,"2005-06-26",NA,,
Poland,"2006-07-30","13",,
Netherlands,"2012-08-05","14",,
Peru,"2007-01-14","237",,
Sweden,"2014-10-12","4",,
Ukraine,"2014-04-13","358",,
Norway,"2003-07-27",NA,,
France,"2010-11-21","28",,
Bolivia,"2005-04-03","509","0.028",
Peru,"2012-04-08","138",,
Belgium,"2003-02-16",NA,,
Japan,"2006-08-13","2",,
Spain,"2014-07-27","5",,
Canada,"2004-12-05","2457",,
Brazil,"2008-12-07","175","0.07",
Spain,"2008-10-26","24",,
Argentina,"2014-02-23","78","0.099",
Belgium,"2003-09-07",NA,,
Bulgaria,"2007-06-10","599",,
Belgium,"2004-08-15","11",,
Bolivia,"2003-05-04","493","0.069",
Bolivia,"2006-12-31","208","0.004",
United States,"2003-12-21","8196",,
Bolivia,"2014-12-07","131","0.001",
Poland,"2014-07-06","12",,
South Africa,"2006-07-23","3205",,
South Africa,"2014-02-02","2199",,
Peru,"2011-07-17","139",,
Romania,"2013-07-14","506",,
Mexico,"2013-04-21","988","0.089",
Hungary,"2011-11-06","47",,
France,"2014-11-16","32",,
Uruguay,"2012-06-03","118",,
Poland,"2013-08-25","11",,
Argentina,"2012-12-16","76","0.039",
Norway,"2004-07-25",NA,,
Romania,"2009-03-29","994",,
Chile,"2007-07-22","11",,
Belgium,"2007-12-02","154",,
Paraguay,"2007-09-02","339",,
Germany,"2013-09-01","441",,
Peru,"2007-08-12","256",,
Brazil,"2012-08-05","157","0.059",
Poland,"2014-12-14","35",,
United States,"2007-09-16","1041",,
Sweden,"2011-07-03","1",,
Peru,"2003-11-02","364",,
Norway,"2006-07-16","9",,
Bolivia,"2012-05-27","265","0.02",
Romania,"2007-12-16","772",,
Russia,"2011-10-23","450",,
Switzerland,"2014-04-13","31",,
Australia,"2003-03-09",NA,,
New Zealand,"2005-06-19",NA,,
United States,"2011-01-16","3089",,
Bulgaria,"2009-10-04","739",,
South Africa,"2012-07-29","3611",,
Peru,"2012-03-04","92",,
Poland,"2007-01-21","54",,
Japan,"2009-03-22","149",,
Sweden,"2013-01-27","71",,
Netherlands,"2008-12-07","45",,
Switzerland,"2005-06-26","11",,
Japan,"2006-01-29","1070",,
Bolivia,"2014-10-05","193","0.009",
Norway,"2003-12-21",NA,,
Germany,"2011-11-27","929",,
Paraguay,"2007-02-18","237",,
Argentina,"2008-06-15","381","0.014",
Australia,"2011-04-03","228",,
France,"2008-11-02","33",,
Peru,"2006-04-02","256",,
Hungary,"2007-09-09","33",,
Mexico,"2005-02-13","1139","0.04",
Chile,"2014-02-02","2",,
Argentina,"2013-12-15","69","0.043",
Netherlands,"2013-11-10","35",,
Chile,"2006-07-23","8",,
Germany,"2007-03-25","960",,
Belgium,"2005-03-06","413",,
France,"2003-04-06",NA,,
Mexico,"2006-04-23","844","0.068",
New Zealand,"2014-07-06","174",,
Sweden,"2006-08-06","1",,
Ukraine,"2003-02-23",NA,,
Russia,"2009-10-04","526",,
New Zealand,"2006-07-30","73",,
United States,"2003-07-27",NA,,
France,"2013-06-23","4",,
Sweden,"2010-12-05","2",,
Norway,"2013-01-13","470",,
Hungary,"2006-10-29","57",,
Brazil,"2004-01-25","145","0.057",
Bulgaria,"2011-10-23","343",,
Norway,"2009-07-26","124",,
Paraguay,"2005-09-18","304",,
Brazil,"2013-11-10","143","0.061",
Norway,"2011-01-16","601",,
Canada,"2008-04-20","1679",,
Paraguay,"2010-10-17","202",,
Spain,"2003-09-28","26",,
Canada,"2011-04-10","1172",,
United States,"2006-07-16","695",,
Poland,"2005-06-19","18",,
Switzerland,"2003-02-23",NA,,
Sweden,"2006-05-21","1",,
Germany,"2013-07-07","351",,
Peru,"2009-03-01","162",,
Chile,"2012-07-29","13",,
France,"2012-05-20","5",,
New Zealand,"2007-01-21","4",,
Bulgaria,"2010-04-11","366",,
Netherlands,"2004-01-25","20",,
Hungary,"2003-08-03",NA,,
South Africa,"2007-07-22","3743",,
New Zealand,"2013-08-25","103",,
Uruguay,"2011-07-31","175",,
Paraguay,"2007-10-07","243",,
France,"2009-01-18","755",,
Russia,"2007-06-10","132",,
Norway,"2007-09-16","22",,
Spain,"2011-06-26","3",,
Belgium,"2011-01-09","482",,
Argentina,"2008-02-10","91","0.022",
United States,"2004-07-25","587",,
Austria,"2011-10-16","750",,
Canada,"2011-02-06","2735",,
Australia,"2014-05-04","410",,
New Zealand,"2014-12-14","23",,
Austria,"2009-06-21","503",,
Sweden,"2008-05-18","1",,
Bolivia,"2011-11-20","186","0.019",
Hungary,"2014-01-19","87",,
Russia,"2013-11-03","523",,
Brazil,"2012-10-14","152","0.05",
Romania,"2008-09-07","566",,
Russia,"2013-06-09","307",,
United States,"2013-03-17","2894",,
Sweden,"2003-01-12",NA,,
Bolivia,"2008-11-16","293","0.032",
Bulgaria,"2015-05-24","263",,
South Africa,"2008-07-06","4149",,
Austria,"2009-04-26","665",,
Austria,"2011-12-18","829",,
United States,"2014-02-16","2228",,
United States,"2006-12-24","2547",,
Canada,"2011-08-28","238",,
Ukraine,"2010-02-14","417",,
Austria,"2006-02-26","928",,
Austria,"2003-06-01",NA,,
Sweden,"2007-11-11","3",,
Germany,"2015-03-29","796",,
Bulgaria,"2008-08-24","304",,
Sweden,"2005-09-11",NA,,
Russia,"2008-08-10","118",,
Spain,"2007-12-02","62",,
Mexico,"2009-01-11","1975","0.062",
Russia,"2004-10-24","284",,
Australia,"2008-03-23","258",,
Poland,"2011-07-24","7",,
Austria,"2013-04-07","916",,
Mexico,"2011-12-11","1283","0.056",
Germany,"2011-07-10","280",,
Norway,"2009-02-01","146",,
Netherlands,"2006-10-22","23",,
Norway,"2008-04-27","34",,
Bolivia,"2003-11-30","388","0.024",
Paraguay,"2013-12-08","164",,
Hungary,"2010-09-05","44",,
Paraguay,"2010-02-07","96",,
Germany,"2003-05-11",NA,,
Poland,"2015-01-11","35",,
Australia,"2012-01-29","95",,
Japan,"2015-06-28","13",,
Spain,"2004-08-15","18",,
Poland,"2010-06-27","10",,
Uruguay,"2012-09-30","111",,
Hungary,"2012-07-15","27",,
South Africa,"2009-11-29","1723",,
Argentina,"2014-06-22","239","0.029",
Peru,"2011-04-24","163",,
Poland,"2010-03-28","22",,
Norway,"2006-08-27","12",,
Spain,"2003-02-16",NA,,
Netherlands,"2012-10-14","41",,
Belgium,"2014-07-27","14",,
Argentina,"2014-03-02","82","0.084",
Hungary,"2005-05-15","44",,
Australia,"2004-08-29",NA,,
Romania,"2014-09-21","606",,
Sweden,"2010-01-10","2",,
Belgium,"2008-10-26","71",,
Norway,"2014-06-29","33",,
Spain,"2003-09-07",NA,,
Sweden,"2004-09-26",NA,,
Switzerland,"2010-02-14","26",,
Russia,"2010-01-31","640",,
Japan,"2010-10-31","21",,
Mexico,"2014-12-28","2317","0.115",
Austria,"2004-06-06","487",,
Japan,"2007-05-27","7",,
Romania,"2012-10-28","642",,
Bulgaria,"2004-02-01",NA,,
Argentina,"2013-10-06","128","0.034",
United States,"2007-02-04","2806",,
Brazil,"2006-10-22","260","0.043",
Romania,"2004-03-14","774",,
Bulgaria,"2007-05-27","584",,
Australia,"2015-06-21","913",,
Germany,"2014-03-23","824",,
France,"2012-04-22","9",,
Russia,"2004-12-19","395",,
Chile,"2003-03-02","0",,
Paraguay,"2006-04-30","253",,
Bulgaria,"2010-10-31","631",,
Uruguay,"2008-01-06","82",,
Germany,"2008-03-09","1053",,
Paraguay,"2007-07-01","449",,
Paraguay,"2014-07-20","398",,
Japan,"2004-02-01","708",,
Austria,"2015-06-14","641",,
Norway,"2004-11-07",NA,,
Peru,"2003-12-28","257",,
Sweden,"2013-04-21","4",,
Belgium,"2010-04-04","26",,
Poland,"2010-05-02","13",,
Brazil,"2006-11-12","257","0.054",
Ukraine,"2010-12-26","751",,
Russia,"2007-08-19","148",,
Chile,"2012-08-12","14",,
Peru,"2009-12-20","109",,
Mexico,"2006-06-25","770","0.077",
Bolivia,"2009-05-24","376","0.1",
Ukraine,"2005-03-20",NA,,
Poland,"2010-10-03","38",,
Bulgaria,"2015-06-28","175",,
Hungary,"2015-04-05","74",,
Paraguay,"2013-09-22","240",,
Norway,"2005-07-31","18",,
Norway,"2005-09-25","29",,
Bolivia,"2004-03-07","370","0.028",
Paraguay,"2006-04-16","237",,
Mexico,"2014-10-12","1316","0.473",
Peru,"2006-09-17","370",,
Chile,"2003-06-22","3",,
Argentina,"2010-05-16","180","0.07",
Uruguay,"2006-06-18","135",,
Belgium,"2013-07-21","8",,
Mexico,"2011-07-03","578","0.086",
Bolivia,"2009-08-23","303","0.055",
New Zealand,"2009-12-06","18",,
Germany,"2007-12-23","1132",,
Hungary,"2012-10-21","40",,
Poland,"2005-06-12","20",,
Austria,"2014-01-26","1242",,
Switzerland,"2010-12-26","139",,
Uruguay,"2008-02-03","73",,
Peru,"2005-01-23","271",,
Mexico,"2013-01-27","1866","0.081",
Switzerland,"2005-03-20","45",,
Argentina,"2009-02-08","86","0.039",
Uruguay,"2004-06-20","163",,
Japan,"2015-05-24","17",,
New Zealand,"2011-03-06","14",,
United States,"2008-03-16","2592",,
United States,"2015-08-09","671",,
Uruguay,"2009-06-07","127",,
New Zealand,"2003-06-15",NA,,
Belgium,"2003-10-12","63",,
Norway,"2008-09-14","35",,
Japan,"2008-08-24","1",,
Canada,"2010-06-20","546",,
Netherlands,"2006-11-12","26",,
France,"2004-09-12","13",,
Argentina,"2006-03-26","143","0.024",
Spain,"2014-08-17","5",,
Australia,"2006-02-12","157",,
Switzerland,"2004-07-11","7",,
Argentina,"2011-12-25","57","0.024",
Ukraine,"2003-06-08",NA,,
Belgium,"2009-02-22","140",,
Bolivia,"2005-10-23","533","0.023",
Sweden,"2014-09-28","4",,
Mexico,"2012-06-10","796","0.097",
Ukraine,"2009-12-13","919",,
Australia,"2011-05-22","299",,
Ukraine,"2015-04-12","366",,
Poland,"2010-10-10","34",,
Ukraine,"2003-08-17",NA,,
New Zealand,"2008-07-27","80",,
Spain,"2003-03-30",NA,,
Paraguay,"2005-04-10",NA,,
Paraguay,"2010-05-09","229",,
Germany,"2008-03-02","1142",,
Russia,"2006-08-13","163",,
Sweden,"2006-02-19","7",,
Australia,"2004-01-18",NA,,
Peru,"2003-05-18","450",,
Netherlands,"2008-07-13","14",,
Peru,"2005-07-10","291",,
Netherlands,"2012-01-15","42",,
United States,"2005-12-18","2494",,
Hungary,"2004-02-15",NA,,
Austria,"2007-07-29","456",,
Paraguay,"2004-08-01",NA,,
New Zealand,"2012-07-08","129",,
Belgium,"2011-03-13","80",,
Canada,"2013-03-24","1642",,
Japan,"2010-04-11","6",,
Netherlands,"2014-06-01","17",,
Romania,"2010-11-07","637",,
Netherlands,"2006-05-28","16",,
Germany,"2007-01-28","1139",,
Poland,"2006-12-17","42",,
France,"2012-09-02","4",,
Romania,"2012-06-24","481",,
Norway,"2005-12-04","63",,
Russia,"2009-03-22","565",,
Germany,"2010-08-15","385",,
Spain,"2009-10-18","161",,
Romania,"2007-06-24","584",,
Germany,"2011-12-04","924",,
South Africa,"2007-04-22","1944",,
Sweden,"2013-03-31","13",,
Hungary,"2004-10-31",NA,,
Japan,"2011-10-23","22",,
Romania,"2005-08-28","662",,
Bolivia,"2003-11-23","408","0.03",
Austria,"2009-09-20","687",,
Sweden,"2003-02-09",NA,,
Uruguay,"2004-04-18","119",,
Norway,"2008-08-17","16",,
Brazil,"2014-06-01","226","0.172",
Spain,"2007-06-03","20",,
Austria,"2011-10-02","564",,
Bolivia,"2010-07-04","208","0.021",
Switzerland,"2003-08-17",NA,,
France,"2009-11-15","385",,
Argentina,"2010-09-12","143","0.039",
Chile,"2011-08-14","17",,
Bulgaria,"2006-01-29","1163",,
Romania,"2014-10-26","722",,
South Africa,"2015-06-07","4919",,
Canada,"2008-08-31","740",,
Brazil,"2006-05-28","432","0.132",
Brazil,"2012-01-15","89","0.095",
Switzerland,"2003-06-08",NA,,
Brazil,"2008-07-13","269","0.03",
Sweden,"2006-11-19","3",,
Ukraine,"2004-07-11",NA,,
Uruguay,"2014-07-13","147",,
Switzerland,"2015-04-12","61",,
Uruguay,"2012-09-09","130",,
Switzerland,"2009-12-13","153",,
Sweden,"2006-03-05","9",,
Argentina,"2006-01-08","85","0.01",
Poland,"2005-12-11","49",,
Russia,"2014-11-02","648",,
Belgium,"2008-08-03","13",,
Peru,"2008-01-13","179",,
Romania,"2008-04-06","861",,
Austria,"2004-07-04","540",,
Germany,"2010-11-28","824",,
Spain,"2007-07-15","12",,
Switzerland,"2006-10-01","15",,
Canada,"2009-05-10","2247",,
Mexico,"2015-01-11","1890","0.099",
Mexico,"2011-07-24","612","0.118",
Poland,"2011-12-11","33",,
Spain,"2011-10-09","13",,
Poland,"2009-01-11","179",,
United States,"2004-01-11","2057",,
Australia,"2006-10-08","281",,
Switzerland,"2009-09-13","67",,
Spain,"2007-09-23","30",,
Bulgaria,"2006-11-05","1010",,
Hungary,"2008-12-14","69",,
Hungary,"2005-08-07","28",,
Sweden,"2012-07-08","1",,
Russia,"2006-05-14","189",,
Bolivia,"2011-07-31","209","0.009",
Peru,"2004-09-19","411",,
Sweden,"2008-07-27","1",,
Switzerland,"2007-10-28","20",,
South Africa,"2012-10-14","2381",,
Brazil,"2008-07-06","278","0.045",
Switzerland,"2008-06-01","10",,
Austria,"2005-07-17","485",,
Norway,"2011-02-13","163",,
New Zealand,"2006-02-19","9",,
Ukraine,"2015-05-10","283",,
Japan,"2003-07-20",NA,,
New Zealand,"2014-09-28","63",,
Canada,"2014-08-10","830",,
Netherlands,"2009-11-29","56",,
Romania,"2012-07-01","474",,
Argentina,"2011-09-18","100","0.019",
Australia,"2004-05-02",NA,,
Romania,"2013-07-28","502",,
Switzerland,"2015-05-10","28",,
New Zealand,"2006-11-19","15",,
Chile,"2011-09-25","4",,
Romania,"2011-03-20","855",,
France,"2003-12-14","457",,
Canada,"2007-12-30","3058",,
New Zealand,"2006-03-05","20",,
Poland,"2014-12-28","37",,
Belgium,"2014-01-05","124",,
France,"2012-01-22","86",,
United States,"2011-02-20","3565",,
Ukraine,"2007-10-28","397",,
Ukraine,"2008-06-01","217",,
Belgium,"2009-08-09","68",,
United States,"2009-08-30","2498",,
South Africa,"2006-10-22","2298",,
Japan,"2013-11-24","106",,
Japan,"2007-06-17","3",,
Mexico,"2010-03-28","1037","0.067",
Japan,"2003-02-02",NA,,
Romania,"2015-07-05","522",,
Canada,"2004-04-04","1178",,
Belgium,"2007-03-11","110",,
Brazil,"2009-11-29","132","0.121",
New Zealand,"2003-02-09",NA,,
Ukraine,"2009-09-13","484",,
Russia,"2011-01-23","1303",,
Paraguay,"2003-10-05",NA,,
Mexico,"2010-06-27","630","0.119",
Belgium,"2014-04-06","88",,
Uruguay,"2014-10-05","108",,
New Zealand,"2013-03-31","21",,
Netherlands,"2008-07-06","13",,
Spain,"2004-07-18","16",,
Ukraine,"2006-10-01","343",,
Canada,"2012-01-08","2327",,
Switzerland,"2012-12-23","186",,
Norway,"2010-08-01","23",,
Romania,"2011-07-17","480",,
Peru,"2013-07-14","146",,
United States,"2010-07-25","744",,
Bulgaria,"2004-06-13",NA,,
France,"2015-02-15","2191",,
Canada,"2010-05-30","641",,
Argentina,"2011-01-02","67","0.041",
Japan,"2010-01-24","171",,
Paraguay,"2010-03-07","133",,
Bulgaria,"2009-08-02","327",,
France,"2007-10-21","68",,
South Africa,"2004-01-25",NA,,
Netherlands,"2007-07-22","16",,
Austria,"2003-01-26",NA,,
Australia,"2011-06-05","364",,
United States,"2007-05-20","850",,
Romania,"2012-04-08","591",,
Poland,"2005-02-13","423",,
Ukraine,"2004-10-10",NA,,
Paraguay,"2013-08-04","260",,
Argentina,"2014-08-03","180","0.029",
Spain,"2005-01-02","579",,
Belgium,"2013-05-19","39",,
Chile,"2008-12-07","3",,
Poland,"2006-04-23","43",,
Paraguay,"2004-05-09",NA,,
New Zealand,"2013-04-21","23",,
Romania,"2007-01-14","1261",,
Spain,"2015-02-01","597",,
Belgium,"2010-03-21","47",,
Bolivia,"2012-09-30","193","0.012",
Sweden,"2003-06-15",NA,,
Brazil,"2007-07-22","256","0.075",
Romania,"2012-03-04","862",,
Belgium,"2014-01-12","86",,
Sweden,"2011-03-06","10",,
Switzerland,"2004-10-10","11",,
Chile,"2012-08-05","13",,
Uruguay,"2003-11-30","124",,
Paraguay,"2009-07-19","498",,
Peru,"2007-12-16","215",,
France,"2003-08-24",NA,,
Belgium,"2010-09-26","74",,
Romania,"2003-11-02","677",,
Mexico,"2005-06-19","713","0.089",
Japan,"2014-08-24","6",,
South Africa,"2013-11-10","2365",,
Austria,"2012-02-26","1540",,
Bulgaria,"2007-01-07","1841",,
Norway,"2005-12-25","48",,
Romania,"2007-08-12","650",,
Hungary,"2007-12-09","80",,
Canada,"2009-09-27","3718",,
Peru,"2009-03-29","188",,
Paraguay,"2008-10-05","283",,
Sweden,"2009-12-06","5",,
Ukraine,"2012-12-23","452",,
Uruguay,"2011-11-20","66",,
United States,"2013-12-29","5008",,
Uruguay,"2008-11-16","99",,
Belgium,"2012-09-23","66",,
Spain,"2011-03-27","12",,
Ukraine,"2003-01-05",NA,,
Australia,"2014-09-14","981",,
Paraguay,"2014-02-23","140",,
Peru,"2013-02-03","103",,
Bulgaria,"2014-08-24","188",,
Chile,"2014-05-11","14",,
United States,"2005-11-27","1808",,
Japan,"2007-01-07","26",,
Mexico,"2006-12-17","1654","0.062",
United States,"2011-06-19","714",,
Bolivia,"2009-06-07","353","0.099",
Bolivia,"2004-06-20","438","0.024",
Romania,"2015-03-22","902",,
Ukraine,"2014-06-15","206",,
Netherlands,"2015-06-07","17",,
Peru,"2007-08-05","255",,
France,"2004-03-21","15",,
Switzerland,"2012-04-15","32",,
Bolivia,"2008-02-03","213","0.028",
New Zealand,"2007-11-11","11",,
Hungary,"2007-04-01","52",,
Romania,"2005-10-30","793",,
New Zealand,"2005-09-11",NA,,
Russia,"2010-05-23","305",,
New Zealand,"2008-05-18","27",,
France,"2015-03-08","102",,
New Zealand,"2003-01-12",NA,,
Chile,"2010-06-06","7",,
Bolivia,"2006-06-18","419","0.02",
Ukraine,"2005-02-20",NA,,
Mexico,"2010-10-10","1099","0.218",
Uruguay,"2009-08-23","122",,
Ukraine,"2009-10-25","868",,
Poland,"2012-06-10","12",,
Netherlands,"2007-04-22","19",,
United States,"2014-05-25","1318",,
South Africa,"2014-06-01","3492",,
Canada,"2008-12-21","2246",,
Brazil,"2015-06-07","262","0.265",
Norway,"2012-07-22","17",,
Canada,"2003-09-14",NA,,
Mexico,"2005-12-11","1393","0.05",
Romania,"2005-11-13","731",,
Australia,"2005-02-06",NA,,
Uruguay,"2004-03-07","110",,
South Africa,"2006-05-28","4159",,
Switzerland,"2005-02-20","350",,
Germany,"2011-02-27","1037",,
Germany,"2013-04-14","632",,
Switzerland,"2009-10-25","63",,
Austria,"2007-04-29","524",,
Uruguay,"2009-05-24","147",,
Germany,"2008-07-20","421",,
South Africa,"2008-07-13","3806",,
New Zealand,"2004-09-26",NA,,
South Africa,"2012-01-15","1572",,
France,"2014-03-30","20",,
Ukraine,"2012-04-15","331",,
Belgium,"2006-03-19","193",,
Spain,"2004-11-14","29",,
Russia,"2011-05-01","377",,
Japan,"2004-06-13","2",,
Bulgaria,"2010-01-24","560",,
Brazil,"2007-04-22","261","0.393",
Paraguay,"2012-12-16","120",,
Bolivia,"2008-01-06","232","0.009",
Hungary,"2007-02-25","167",,
Switzerland,"2014-06-15","18",,
New Zealand,"2010-01-10","9",,
Romania,"2005-10-09","918",,
Russia,"2003-07-06",NA,,
Spain,"2012-11-04","24",,
United States,"2008-11-09","1953",,
France,"2012-05-13","4",,
Spain,"2010-07-11","3",,
Belgium,"2003-10-19","112",,
Switzerland,"2003-01-05",NA,,
Argentina,"2007-09-02","239","0.022",
United States,"2005-02-27","2875",,
Japan,"2009-08-02","69",,
Germany,"2004-10-03","1030",,
Poland,"2014-10-12","36",,
Paraguay,"2013-11-17","208",,
Bolivia,"2012-09-09","267","0.009",
South Africa,"2006-11-12","2256",,
Australia,"2004-09-05",NA,,
France,"2003-01-19",NA,,
Australia,"2005-05-22",NA,,
Chile,"2015-07-19","29",,
Bulgaria,"2007-06-17","569",,
Bulgaria,"2013-11-24","371",,
Bulgaria,"2003-02-02",NA,,
Bolivia,"2014-07-13","44","0",
Poland,"2006-06-25","19",,
Mexico,"2010-05-02","850","0.102",
Russia,"2005-07-03","138",,
United States,"2009-01-04","2133",,
United States,"2004-08-08","599",,
Chile,"2013-04-28","12",,
Canada,"2005-11-06","2131",,
Sweden,"2006-07-30","1",,
Switzerland,"2006-01-15","28",,
Mexico,"2010-10-03","1055","0.228",
Uruguay,"2010-07-04","102",,
New Zealand,"2010-12-05","13",,
Uruguay,"2003-11-23","134",,
Hungary,"2007-11-25","67",,
France,"2009-06-28","7",,
Bolivia,"2004-04-18","430","0.04",
Russia,"2007-09-30","406",,
Sweden,"2014-07-06","2",,
New Zealand,"2006-08-06","59",,
Canada,"2012-12-02","3262",,
Germany,"2006-08-20","502",,
Chile,"2014-04-20","16",,
Chile,"2009-02-15","1",,
Hungary,"2015-08-02","22",,
Peru,"2012-05-06","140",,
Norway,"2013-09-29","58",,
Norway,"2013-10-20","49",,
Sweden,"2014-12-14","6",,
United States,"2006-01-22","2137",,
Austria,"2010-03-14","688",,
Belgium,"2006-09-24","31",,
Argentina,"2014-09-07","154","0.024",
Paraguay,"2012-06-17","259",,
Canada,"2011-09-11","476",,
Australia,"2008-01-20","107",,
Belgium,"2009-01-25","1008",,
Spain,"2015-01-18","703",,
Norway,"2014-06-08","34",,
Sweden,"2013-08-25","2",,
Romania,"2004-02-29","729",,
Belgium,"2012-03-25","69",,
Norway,"2010-01-03","55",,
Bulgaria,"2003-07-20",NA,,
Canada,"2013-08-18","627",,
France,"2011-08-21","2",,
Chile,"2011-11-13","4",,
New Zealand,"2006-05-21","31",,
France,"2004-06-27","4",,
United States,"2004-02-08","1186",,
Poland,"2013-01-27","168",,
Ukraine,"2006-01-15","366",,
Spain,"2010-08-29","6",,
France,"2004-12-26","171",,
Australia,"2009-03-08","218",,
Belgium,"2008-06-29","18",,
Austria,"2014-03-09","1473",,
Sweden,"2007-01-21","4",,
Romania,"2013-08-11","538",,
Japan,"2006-11-05","20",,
Austria,"2013-06-02","638",,
Poland,"2011-07-03","9",,
Peru,"2012-08-19","142",,
Mexico,"2005-06-12","710","0.089",
Uruguay,"2005-10-23","205",,
Canada,"2005-11-20","2387",,
Uruguay,"2007-04-29","101",,
Hungary,"2011-07-24","20",,
Austria,"2009-05-24","517",,
Argentina,"2003-03-16","134","0.046",
Russia,"2014-01-12","539",,
Sweden,"2014-11-23","5",,
New Zealand,"2013-01-20","10",,
Mexico,"2008-12-14","1535","0.073",
Mexico,"2005-08-07","698","0.154",
Poland,"2010-09-05","8",,
Netherlands,"2014-06-29","17",,
New Zealand,"2008-11-23","12",,
Ukraine,"2012-07-01","186",,
Peru,"2015-03-15","114",,
Switzerland,"2011-03-20","41",,
South Africa,"2011-02-13","2232",,
Germany,"2005-07-24","396",,
Paraguay,"2005-01-09",NA,,
Paraguay,"2005-10-16","343",,
Romania,"2015-05-10","608",,
Russia,"2010-09-26","653",,
Hungary,"2015-01-11","164",,
France,"2014-12-21","173",,
Switzerland,"2013-07-28","19",,
Austria,"2004-03-07","653",,
Netherlands,"2006-08-27","19",,
Norway,"2012-10-14","64",,
Bulgaria,"2004-07-18",NA,,
Ukraine,"2008-04-06","315",,
Germany,"2011-05-15","328",,
Paraguay,"2008-05-04","285",,
Poland,"2014-01-19","32",,
Argentina,"2005-03-13","106","0.019",
Bolivia,"2015-06-14","230","0.01",
Brazil,"2009-02-01","142","0.172",
Switzerland,"2015-07-05","32",,
Sweden,"2015-07-12","1",,
Brazil,"2008-04-27","287","0.451",
Chile,"2004-01-11","1",,
Russia,"2012-09-23","773",,
Sweden,"2004-05-16",NA,,
New Zealand,"2003-08-10",NA,,
New Zealand,"2013-09-15","91",,
Sweden,"2015-02-08","28",,
Ukraine,"2015-07-05","182",,
France,"2012-04-01","19",,
Brazil,"2014-06-29","197","0.092",
Romania,"2009-09-13","621",,
Sweden,"2006-06-04","1",,
Germany,"2005-05-01","596",,
Australia,"2006-09-10","507",,
Brazil,"2006-08-27","281","0.041",
Switzerland,"2008-04-06","33",,
Romania,"2006-10-01","709",,
Sweden,"2007-05-06","1",,
Japan,"2015-01-18","5584",,
Bolivia,"2014-01-26","124","0.026",
Japan,"2010-08-29","3",,
Netherlands,"2008-04-27","22",,
Ukraine,"2011-03-20","425",,
Russia,"2013-05-19","331",,
Hungary,"2010-06-27","29",,
Netherlands,"2009-02-01","103",,
Switzerland,"2012-07-01","14",,
Norway,"2006-10-22","26",,
Bulgaria,"2007-07-15","375",,
Argentina,"2003-04-13","193","0.031",
Ukraine,"2013-07-28","272",,
United States,"2011-09-25","1521",,
New Zealand,"2009-05-31","53",,
Austria,"2009-08-23","489",,
Poland,"2012-07-15","10",,
Romania,"2008-06-01","593",,
Argentina,"2005-08-14","208","0.024",
Bulgaria,"2011-10-09","271",,
Hungary,"2010-03-28","37",,
New Zealand,"2005-04-17",NA,,
New Zealand,"2003-10-26",NA,,
Chile,"2011-02-20","2",,
Poland,"2005-05-15","32",,
Bulgaria,"2007-09-23","408",,
Spain,"2006-11-05","36",,
Russia,"2010-03-21","421",,
Chile,"2009-08-30","7",,
Romania,"2007-10-28","821",,
Switzerland,"2003-11-02","17",,
New Zealand,"2008-11-30","9",,
Sweden,"2012-12-30","20",,
United States,"2008-12-07","1938",,
Bolivia,"2007-07-29","345","0.019",
Spain,"2007-01-07","130",,
Ukraine,"2007-01-14","372",,
Japan,"2011-03-27","111",,
Romania,"2004-10-10","818",,
Netherlands,"2011-01-16","97",,
Peru,"2014-04-13","134",,
Australia,"2004-11-28",NA,,
Russia,"2014-01-05","606",,
Sweden,"2015-04-26","4",,
Poland,"2006-10-29","70",,
Uruguay,"2010-03-14","58",,
Brazil,"2003-12-21","148","0.053",
Switzerland,"2012-03-04","173",,
France,"2003-03-23",NA,,
Peru,"2005-06-26","355",,
Russia,"2009-08-09","234",,
Uruguay,"2013-06-02","133",,
Brazil,"2009-07-26","331","0.052",
Netherlands,"2007-09-16","27",,
Brazil,"2013-01-13","106","0.145",
Chile,"2010-07-25","7",,
Austria,"2005-10-23","793",,
Canada,"2004-02-22","1580",,
Ukraine,"2011-07-17","173",,
Russia,"2007-03-11","432",,
Norway,"2004-01-25",NA,,
Poland,"2007-09-09","12",,
Switzerland,"2007-08-12","8",,
France,"2010-04-25","4",,
Ukraine,"2012-04-08","354",,
Belgium,"2011-01-23","291",,
Uruguay,"2014-03-09","77",,
New Zealand,"2011-11-06","20",,
South Africa,"2010-08-01","3969",,
Australia,"2013-12-01","185",,
Chile,"2007-05-20","23",,
Russia,"2014-04-06","643",,
Ukraine,"2007-08-12","237",,
Bulgaria,"2005-01-02","751",,
Poland,"2003-08-03",NA,,
Switzerland,"2012-04-08","33",,
Germany,"2009-11-22","1305",,
Russia,"2008-08-03","120",,
Belgium,"2014-11-02","103",,
Austria,"2010-07-04","411",,
Canada,"2014-02-09","3438",,
Bolivia,"2011-10-02","193","0.01",
Netherlands,"2003-12-21","177",,
Japan,"2004-11-14","31",,
Switzerland,"2011-07-17","4",,
Bulgaria,"2015-02-01","992",,
Brazil,"2011-01-16","121","0.127",
Norway,"2013-11-10","55",,
Belgium,"2006-05-14","45",,
Australia,"2005-04-24",NA,,
Chile,"2013-12-29","4",,
South Africa,"2005-12-25",NA,,
Romania,"2012-12-23","618",,
Argentina,"2009-08-16","159","0.152",
Japan,"2012-11-04","51",,
Australia,"2013-12-22","135",,
Canada,"2008-06-22","665",,
Spain,"2004-06-13","17",,
Ukraine,"2012-03-04","533",,
France,"2004-08-22","8",,
Brazil,"2007-09-16","288","0.062",
Bolivia,"2009-09-20","257","0.034",
Netherlands,"2009-07-26","47",,
Switzerland,"2007-01-14","65",,
United States,"2012-08-05","889",,
Hungary,"2005-06-19","30",,
Austria,"2003-11-23","822",,
Ukraine,"2003-11-02",NA,,
Spain,"2009-08-02","39",,
Germany,"2007-10-14","1016",,
Japan,"2010-07-11","3",,
Netherlands,"2013-01-13","127",,
Mexico,"2007-12-09","1717","0.115",
Australia,"2007-11-04","224",,
Ukraine,"2005-10-30","660",,
Spain,"2010-01-24","11",,
Netherlands,"2005-12-04","36",,
Poland,"2004-02-15",NA,,
Russia,"2006-09-24","349",,
Paraguay,"2008-10-19","238",,
Bulgaria,"2012-11-04","381",,
New Zealand,"2006-04-09","13",,
Bulgaria,"2010-07-11","245",,
Romania,"2005-02-20","882",,
Romania,"2009-10-25","878",,
Australia,"2008-03-30","252",,
Russia,"2009-01-25","536",,
Australia,"2011-06-12","381",,
Switzerland,"2005-11-13","26",,
Paraguay,"2003-07-13",NA,,
United States,"2010-06-06","858",,
Hungary,"2006-12-17","64",,
Australia,"2008-09-28","515",,
Russia,"2012-03-25","562",,
Australia,"2013-09-08","661",,
Canada,"2004-01-04","3649",,
Argentina,"2005-10-02","191","0.014",
Canada,"2015-03-01","2971",,
Russia,"2008-06-29","157",,
Japan,"2005-01-02","42",,
Romania,"2003-01-05",NA,,
Austria,"2014-10-05","1123",,
United States,"2014-05-11","1339",,
Netherlands,"2008-08-17","15",,
Chile,"2005-11-27","3",,
Hungary,"2010-10-10","56",,
Switzerland,"2005-10-09","25",,
Ukraine,"2015-03-22","470",,
Japan,"2015-02-01","2083",,
Chile,"2011-06-19","12",,
Romania,"2014-06-15","532",,
Sweden,"2014-04-27","3",,
Mexico,"2007-04-01","1159","0.058",
Bulgaria,"2004-11-14",NA,,
Ukraine,"2005-10-09","359",,
Switzerland,"2015-03-22","137",,
Australia,"2015-05-31","760",,
Germany,"2006-11-26","985",,
Chile,"2008-11-09","4",,
Bolivia,"2009-06-21","327","0.074",
Belgium,"2005-07-03","12",,
France,"2010-12-12","104",,
Sweden,"2008-12-28","14",,
Bolivia,"2011-10-16","204","0.018",
Chile,"2005-02-27","2",,
Hungary,"2005-12-11","60",,
Uruguay,"2004-07-04","245",,
Argentina,"2014-08-31","165","0.029",
Brazil,"2005-12-04","194","0.037",
Chile,"2014-05-25","15",,
Peru,"2012-03-18","116",,
Bulgaria,"2011-03-27","424",,
Ukraine,"2005-11-13","540",,
Australia,"2010-06-13","307",,
Norway,"2008-07-13","11",,
Spain,"2014-08-24","5",,
Norway,"2012-01-15","122",,
Australia,"2012-03-11","271",,
Belgium,"2007-09-30","80",,
South Africa,"2012-07-22","3429",,
Switzerland,"2005-10-30","34",,
Poland,"2004-10-31","56",,
Norway,"2006-05-28","14",,
Norway,"2014-06-01","43",,
Uruguay,"2005-07-17","124",,
Brazil,"2008-08-17","256","0.035",
Mexico,"2007-02-25","1939","0.066",
Australia,"2009-12-27","68",,
Romania,"2012-04-15","539",,
Germany,"2011-08-07","297",,
Hungary,"2010-05-02","43",,
New Zealand,"2003-06-29",NA,,
Canada,"2008-02-24","3080",,
Japan,"2007-07-15","2",,
Austria,"2003-11-30","652",,
Canada,"2013-10-13","1632",,
Australia,"2009-03-15","211",,
Switzerland,"2004-02-29","20",,
Brazil,"2004-11-07","259","0.046",
Bolivia,"2013-04-07","242","0.015",
Hungary,"2010-10-03","50",,
Poland,"2015-04-05","55",,
Bulgaria,"2010-08-29","391",,
New Zealand,"2010-01-17","8",,
Paraguay,"2005-01-30",NA,,
Japan,"2007-09-23","3",,
Argentina,"2012-12-09","79","0.029",
United States,"2014-04-20","1530",,
New Zealand,"2013-03-03","21",,
Japan,"2011-10-09","11",,
Paraguay,"2009-09-06","283",,
United States,"2009-02-15","3499",,
Russia,"2006-03-19","509",,
Bolivia,"2009-04-26","438","0.156",
Belgium,"2011-05-01","26",,
Austria,"2008-11-16","849",,
United States,"2015-07-19","767",,
Belgium,"2003-07-06",NA,,
Brazil,"2005-09-25","254","0.029",
Austria,"2011-11-20","806",,
Switzerland,"2013-08-11","21",,
Mexico,"2007-11-25","1514","0.162",
Russia,"2003-10-19",NA,,
Uruguay,"2012-02-26","51",,
Chile,"2009-01-04","2",,
Chile,"2004-08-08","2",,
Bulgaria,"2015-01-18","1140",,
Brazil,"2005-07-31","289","0.049",
Australia,"2007-02-11","138",,
Bolivia,"2006-02-26","308","0.014",
Bolivia,"2003-06-01","567","0.058",
United States,"2013-04-28","1534",,
Norway,"2006-11-12","23",,
Spain,"2003-07-20",NA,,
Bolivia,"2011-12-18","122","0.011",
Netherlands,"2008-09-14","28",,
Romania,"2006-01-15","789",,
United States,"2011-11-13","1880",,
Paraguay,"2015-04-19","261",,
Canada,"2009-05-17","1853",,
Chile,"2004-02-08","2",,
Bolivia,"2004-06-06","499","0.039",
Canada,"2006-09-03","931",,
Uruguay,"2003-01-26",NA,,
Mexico,"2015-08-02","954","0.283",
Netherlands,"2004-11-07","20",,
Ukraine,"2013-08-11","303",,
South Africa,"2010-01-03","1643",,
Netherlands,"2005-07-31","13",,
Poland,"2012-10-21","30",,
Paraguay,"2012-11-25","151",,
Spain,"2013-11-24","27",,
Brazil,"2008-09-14","255","0.025",
Spain,"2007-06-17","12",,
Canada,"2003-08-31",NA,,
Hungary,"2005-06-12","31",,
South Africa,"2014-06-08","3587",,
Chile,"2006-01-22","3",,
Spain,"2003-02-02",NA,,
Ukraine,"2004-02-29",NA,,
South Africa,"2013-09-29","2964",,
South Africa,"2013-10-20","2356",,
Belgium,"2010-05-23","26",,
Japan,"2004-07-18","2",,
Argentina,"2013-02-17","75","0.212",
Netherlands,"2005-09-25","24",,
Germany,"2011-09-04","352",,
Hungary,"2005-02-13","78",,
Austria,"2008-02-03","1512",,
South Africa,"2009-07-26","4079",,
Mexico,"2007-09-09","1070","0.192",
Bulgaria,"2011-06-26","219",,
Canada,"2003-03-09",NA,,
Romania,"2003-02-23","740",,
Hungary,"2006-04-23","61",,
South Africa,"2013-01-13","1796",,
Chile,"2003-07-27","2",,
Russia,"2014-07-27","239",,
Austria,"2006-06-18","488",,
Brazil,"2010-08-01","171","0.093",
Uruguay,"2014-01-26","56",,
Russia,"2008-10-26","411",,
Japan,"2003-03-30",NA,,
Mexico,"2006-10-29","1171","0.157",
Sweden,"2010-01-17","2",,
France,"2011-01-30","322",,
Belgium,"2010-01-31","63",,
France,"2008-05-25","7",,
Sweden,"2013-03-03","27",,
Netherlands,"2005-12-25","24",,
Bulgaria,"2003-09-28",NA,,
Sweden,"2003-06-29",NA,,
United States,"2014-02-02","2910",,
United States,"2006-07-23","695",,
Austria,"2004-06-20","482",,
Austria,"2009-06-07","514",,
Germany,"2003-04-27",NA,,
South Africa,"2003-12-21",NA,,
Spain,"2010-04-11","6",,
Japan,"2009-10-18","950",,
Belgium,"2013-06-09","26",,
Belgium,"2013-11-03","67",,
Argentina,"2006-02-05","97","0.012",
Austria,"2008-01-06","1395",,
Uruguay,"2015-06-14","191",,
Poland,"2007-12-09","47",,
Paraguay,"2015-02-22","228",,
Netherlands,"2010-08-01","11",,
Chile,"2004-07-25","2",,
South Africa,"2007-09-16","2896",,
France,"2010-02-21","19",,
Peru,"2004-05-23","434",,
Norway,"2007-07-22","9",,
Spain,"2011-10-23","15",,
Australia,"2004-12-05",NA,,
Belgium,"2004-10-24","53",,
Belgium,"2008-08-10","14",,
Japan,"2007-06-03","5",,
Chile,"2006-07-16","11",,
Mexico,"2003-08-03",NA,"0.095",
United States,"2012-07-29","869",,
South Africa,"2011-01-16","1784",,
France,"2012-09-16","18",,
Argentina,"2012-02-12","54","0.092",
Brazil,"2005-12-25","175","0.046",
Bolivia,"2007-04-29","521","0.081",
Australia,"2013-03-10","231",,
Peru,"2007-03-18","227",,
Germany,"2010-09-19","896",,
France,"2006-12-03","72",,
Switzerland,"2014-09-21","48",,
New Zealand,"2014-04-27","38",,
Austria,"2004-04-18","531",,
Uruguay,"2009-09-20","109",,
Germany,"2005-05-29","522",,
South Africa,"2009-02-01","1989",,
Mexico,"2014-01-19","1995","0.147",
France,"2015-01-04","164",,
Spain,"2004-02-01","19",,
South Africa,"2008-04-27","2450",,
Canada,"2004-04-11","1425",,
Germany,"2014-11-30","993",,
Belgium,"2007-06-10","24",,
Canada,"2015-05-03","1353",,
Austria,"2014-07-13","591",,
Bulgaria,"2004-08-15",NA,,
Chile,"2013-03-17","7",,
Switzerland,"2012-10-28","45",,
Russia,"2011-01-09","808",,
Ukraine,"2008-09-07","324",,
Austria,"2012-09-09","517",,
Argentina,"2010-08-22","181","0.048",
Bulgaria,"2003-02-16",NA,,
Norway,"2008-07-06","11",,
Chile,"2014-02-16","3",,
Hungary,"2011-12-11","63",,
Chile,"2006-12-24","3",,
Uruguay,"2011-10-02","90",,
Brazil,"2011-02-13","134","0.262",
Hungary,"2009-01-11","108",,
Germany,"2013-05-26","468",,
Poland,"2008-12-14","67",,
Poland,"2005-08-07","12",,
Mexico,"2010-09-05","913","0.216",
Australia,"2014-11-09","233",,
Romania,"2010-02-14","640",,
Paraguay,"2009-04-19","221",,
Paraguay,"2008-05-11","300",,
Sweden,"2006-04-09","4",,
Bulgaria,"2003-09-07",NA,,
Bulgaria,"2007-12-02","873",,
Bolivia,"2014-03-09","203","0.044",
Mexico,"2005-05-15","832","0.057",
Germany,"2011-10-30","753",,
Peru,"2004-12-12","270",,
Germany,"2007-05-13","520",,
Chile,"2007-02-04","2",,
Ukraine,"2012-10-28","429",,
Switzerland,"2008-09-07","15",,
Bolivia,"2013-06-02","207","0.009",
Paraguay,"2008-06-08","444",,
Mexico,"2012-07-15","771","0.164",
Russia,"2005-03-06","369",,
Netherlands,"2011-02-13","53",,
Bolivia,"2010-03-14","210","0.065",
South Africa,"2014-06-29","4283",,
France,"2011-04-17","4",,
Belgium,"2009-10-04","200",,
New Zealand,"2008-12-28","15",,
Spain,"2015-05-24","14",,
South Africa,"2006-08-27","2950",,
Argentina,"2006-07-09","261","0.014",
Hungary,"2014-12-28","83",,
Japan,"2014-08-17","5",,
Ukraine,"2014-09-21","571",,
Norway,"2009-11-29","110",,
Argentina,"2007-03-04","98","0.407",
Uruguay,"2007-07-29","232",,
Spain,"2008-08-24","8",,
Romania,"2005-03-20","1277",,
Belgium,"2009-03-22","63",,
Bolivia,"2005-07-17","307","0.011",
Poland,"2007-11-25","49",,
Netherlands,"2013-09-29","39",,
United States,"2012-08-12","977",,
Netherlands,"2013-10-20","32",,
Canada,"2013-06-30","839",,
France,"2009-04-12","10",,
South Africa,"2005-09-25",NA,,
Sweden,"2011-11-06","4",,
Romania,"2010-12-26","672",,
Australia,"2006-07-02","567",,
Netherlands,"2010-01-03","31",,
South Africa,"2005-07-31",NA,,
Canada,"2009-11-08","6504",,
Germany,"2006-10-15","975",,
Netherlands,"2014-06-08","15",,
Bulgaria,"2014-08-17","175",,
United States,"2003-06-22",NA,,
Hungary,"2014-10-12","58",,
New Zealand,"2015-04-26","16",,
Uruguay,"2011-10-16","78",,
South Africa,"2004-11-07",NA,,
Bolivia,"2004-07-04","383","0.015",
Peru,"2009-11-01","213",,
Uruguay,"2009-06-21","190",,
United States,"2003-03-02",NA,,
Japan,"2007-12-02","225",,
Ukraine,"2004-03-14",NA,,
Peru,"2014-03-16","113",,
Paraguay,"2003-11-09",NA,,
Austria,"2011-07-31","335",,
Sweden,"2008-11-30","3",,
Hungary,"2006-06-25","42",,
New Zealand,"2012-12-30","17",,
Mexico,"2015-04-05","1317","0.139",
Brazil,"2010-01-03","120","0.161",
Russia,"2009-02-22","1006",,
Australia,"2012-02-19","174",,
Spain,"2015-06-28","7",,
Hungary,"2013-01-27","169",,
Japan,"2004-08-15","1",,
South Africa,"2008-09-14","2728",,
Chile,"2008-03-16","4",,
Chile,"2015-08-09","49",,
Brazil,"2014-06-08","212","0.146",
Brazil,"2013-10-20","149","0.063",
Mexico,"2012-10-21","1180","0.311",
Brazil,"2013-09-29","147","0.047",
Japan,"2003-09-07",NA,,
Hungary,"2011-07-03","21",,
Peru,"2010-04-18","193",,
Japan,"2003-02-16",NA,,
Belgium,"2006-08-13","14",,
Switzerland,"2004-03-14","16",,
Canada,"2013-02-24","2306",,
Poland,"2015-08-02","9",,
Spain,"2007-05-27","18",,
Russia,"2011-03-13","679",,
Spain,"2010-10-31","13",,
Argentina,"2004-11-21","150","0.027",
Australia,"2006-06-11","410",,
Argentina,"2012-10-07","141","0.027",
Bulgaria,"2007-06-03","631",,
New Zealand,"2015-07-12","55",,
Netherlands,"2012-07-22","18",,
Peru,"2007-08-26","276",,
Russia,"2013-07-21","240",,
Switzerland,"2005-08-28","9",,
Chile,"2005-12-18","1",,
New Zealand,"2004-05-16",NA,,
Sweden,"2003-08-10",NA,,
Spain,"2006-01-29","25",,
Sweden,"2013-09-15","2",,
Poland,"2007-04-01","61",,
New Zealand,"2015-02-08","16",,
Paraguay,"2013-06-16","315",,
Austria,"2012-09-30","895",,
Ukraine,"2010-11-07","414",,
Australia,"2005-08-21",NA,,
Argentina,"2013-05-05","109","0.152",
Ukraine,"2012-06-24","186",,
Switzerland,"2007-06-24","12",,
Paraguay,"2009-07-12","606",,
Peru,"2005-03-27","269",,
Germany,"2010-11-21","807",,
Australia,"2013-10-27","270",,
Hungary,"2012-06-10","26",,
Argentina,"2005-05-08","199","0.024",
Romania,"2009-12-13","1030",,
Sweden,"2008-11-23","3",,
Romania,"2015-04-12","709",,
Bulgaria,"2009-10-18","966",,
Romania,"2003-06-08","568",,
Canada,"2009-06-14","1937",,
Argentina,"2008-09-21","190","0.012",
Uruguay,"2004-06-06","162",,
Russia,"2003-10-12",NA,,
Switzerland,"2014-10-26","52",,
Paraguay,"2012-02-05","86",,
Bolivia,"2003-01-26",NA,"0.146",
Germany,"2014-11-16","949",,
Romania,"2003-08-17","496",,
Mexico,"2004-02-15","913","0.031",
New Zealand,"2014-11-23","22",,
Sweden,"2013-01-20","28",,
Mexico,"2004-10-31","1079","0.073",
Ukraine,"2014-10-26","477",,
Sweden,"2003-10-26",NA,,
Sweden,"2005-04-17",NA,,
Japan,"2003-09-28",NA,,
Uruguay,"2011-12-18","54",,
Peru,"2012-11-18","127",,
Poland,"2007-02-25","216",,
United States,"2011-08-14","634",,
Canada,"2010-12-19","3062",,
Bolivia,"2012-02-26","156","0.077",
Argentina,"2004-03-28","123","0.063",
Uruguay,"2006-02-26","87",,
Uruguay,"2003-06-01","128",,
Belgium,"2004-12-19","144",,
France,"2013-09-01","3",,
Norway,"2015-06-07","30",,
Brazil,"2012-07-22","176","0.06",
South Africa,"2008-08-17","3494",,
Russia,"2010-04-04","419",,
Sweden,"2009-05-31","2",,
Uruguay,"2009-04-26","133",,
Australia,"2007-04-15","314",,
Romania,"2004-07-11","646",,
Switzerland,"2012-06-24","15",,
Belgium,"2007-08-19","15",,
Ukraine,"2007-06-24","194",,
Japan,"2011-06-26","4",,
Switzerland,"2010-11-07","20",,
New Zealand,"2007-05-06","13",,
Australia,"2004-10-17",NA,,
Argentina,"2012-04-29","108","0.029",
Uruguay,"2013-04-07","78",,
Ukraine,"2005-08-28",NA,,
Norway,"2007-04-22","17",,
Australia,"2005-09-04",NA,,
Bulgaria,"2003-03-30",NA,,
New Zealand,"2006-06-04","36",,
South Africa,"2005-12-04",NA,,
Germany,"2009-10-04","915",,
South Africa,"2011-01-02","1695",,
New Zealand,"2012-12-23","12",,
France,"2003-03-30",NA,,
Netherlands,"2008-02-10","82",,
Peru,"2007-12-09","249",,
Australia,"2014-12-07","179",,
Hungary,"2009-03-29","114",,
Poland,"2004-05-23",NA,,
Chile,"2005-04-10","3",,
United States,"2012-02-05","2348",,
Chile,"2010-05-09","6",,
Australia,"2003-05-04",NA,,
Australia,"2006-12-31","136",,
Argentina,"2004-01-25","102","0.019",
Bulgaria,"2013-09-01","161",,
Belgium,"2011-10-30","51",,
Brazil,"2008-06-15","317","0.1",
Chile,"2004-08-01","1",,
Russia,"2011-11-27","420",,
South Africa,"2014-08-03","4253",,
Uruguay,"2005-11-20","99",,
Spain,"2012-09-02","12",,
Switzerland,"2013-04-21","26",,
Canada,"2007-04-29","1258",,
United States,"2009-07-12","1278",,
Belgium,"2007-05-13","37",,
Australia,"2005-04-03",NA,,
Austria,"2003-09-14",NA,,
Russia,"2007-03-25","359",,
Austria,"2008-12-21","1085",,
United States,"2013-06-16","997",,
Hungary,"2007-12-16","120",,
Brazil,"2013-12-15","114","0.051",
Japan,"2011-01-30","985",,
Japan,"2008-05-25","4",,
Germany,"2007-06-10","415",,
Japan,"2010-02-21","37",,
Australia,"2012-05-27","594",,
Belgium,"2013-05-26","35",,
Norway,"2009-08-16","211",,
New Zealand,"2004-10-10",NA,,
Bolivia,"2003-03-09","460","0.195",
Ukraine,"2013-04-21","419",,
France,"2009-10-18","111",,
Brazil,"2008-02-10","192","0.18",
Romania,"2008-11-30","728",,
Hungary,"2013-07-14","32",,
Sweden,"2010-12-26","5",,
Belgium,"2010-09-19","72",,
Paraguay,"2011-08-14","186",,
Japan,"2012-09-16","9",,
Romania,"2011-11-06","647",,
Netherlands,"2013-12-15","41",,
Argentina,"2013-11-10","98","0.043",
Belgium,"2005-05-29","50",,
Sweden,"2005-03-20",NA,,
Mexico,"2005-06-26","654","0.088",
Netherlands,"2008-06-15","17",,
France,"2007-06-03","9",,
Spain,"2009-11-15","348",,
Russia,"2013-07-07","215",,
Belgium,"2014-11-30","156",,
Mexico,"2014-04-13","1218","0.089",
Chile,"2006-04-30","4",,
Germany,"2004-10-24","1011",,
Uruguay,"2004-02-22","115",,
Germany,"2008-08-10","348",,
Paraguay,"2003-03-02",NA,,
Russia,"2011-07-10","151",,
Japan,"2015-01-04","4290",,
Canada,"2013-06-02","872",,
Ukraine,"2013-03-31","507",,
New Zealand,"2006-10-01","21",,
Poland,"2004-12-12","44",,
Netherlands,"2013-10-06","32",,
Canada,"2014-03-09","2461",,
Norway,"2005-03-13","81",,
Chile,"2014-07-20","53",,
Spain,"2012-04-22","21",,
Australia,"2010-10-24","214",,
Ukraine,"2003-02-09",NA,,
Russia,"2003-05-11",NA,,
Chile,"2007-07-01","28",,
New Zealand,"2009-09-13","43",,
United States,"2003-11-09","1702",,
Austria,"2013-08-18","517",,
Japan,"2006-12-03","41",,
Chile,"2013-09-22","18",,
New Zealand,"2007-10-28","15",,
Germany,"2013-11-03","737",,
Germany,"2013-06-09","413",,
Romania,"2003-10-26","736",,
Romania,"2005-04-17","858",,
Netherlands,"2014-03-02","42",,
Paraguay,"2012-08-12","225",,
Switzerland,"2006-02-19","97",,
Netherlands,"2014-06-22","16",,
New Zealand,"2008-06-01","32",,
Argentina,"2012-10-14","132","0.031",
Austria,"2011-09-11","327",,
Ukraine,"2006-11-19","465",,
Canada,"2010-03-14","1523",,
Sweden,"2004-07-11",NA,,
South Africa,"2011-09-18","2588",,
Switzerland,"2014-09-28","45",,
Romania,"2009-05-31","665",,
Paraguay,"2003-06-22",NA,,
Chile,"2006-04-16","6",,
Ukraine,"2006-03-05","338",,
Norway,"2003-03-16",NA,,
Russia,"2015-03-29","680",,
Uruguay,"2008-06-22","185",,
Sweden,"2003-06-08",NA,,
Norway,"2005-08-14","18",,
Ukraine,"2014-09-28","544",,
Germany,"2010-01-31","877",,
New Zealand,"2015-05-10","16",,
Switzerland,"2006-11-19","32",,
Australia,"2010-11-14","180",,
Hungary,"2004-09-19",NA,,
Poland,"2007-03-18","116",,
Sweden,"2015-04-12","10",,
Bolivia,"2004-04-11","451","0.035",
Sweden,"2009-12-13","3",,
Romania,"2008-11-23","784",,
Switzerland,"2006-03-05","139",,
Austria,"2012-12-02","831",,
Romania,"2013-01-20","696",,
Sweden,"2003-08-17",NA,,
Argentina,"2006-10-22","167","0.019",
Brazil,"2013-10-06","152","0.045",
Ukraine,"2006-02-19","340",,
Norway,"2003-04-13",NA,,
Belgium,"2003-04-27",NA,,
Romania,"2013-09-15","557",,
Hungary,"2008-01-13","595",,
Mexico,"2015-03-15","1551","0.109",
Uruguay,"2014-02-09","58",,
Austria,"2005-11-06","836",,
Spain,"2004-09-12","15",,
Romania,"2003-08-10","509",,
Belgium,"2011-09-04","12",,
France,"2014-08-17","4",,
Switzerland,"2003-02-09",NA,,
Bolivia,"2015-05-03","276","0.022",
Bulgaria,"2009-04-12","500",,
Brazil,"2014-06-22","209","0.112",
Brazil,"2014-03-02","139","0.127",
Switzerland,"2013-03-31","84",,
Peru,"2008-12-14","184",,
Peru,"2005-08-07","309",,
Japan,"2011-04-17","72",,
Uruguay,"2015-03-01","76",,
Austria,"2012-01-08","817",,
Australia,"2003-12-07",NA,,
Germany,"2007-08-19","429",,
Netherlands,"2006-03-26","53",,
Uruguay,"2004-01-04","127",,
Argentina,"2006-11-12","180","0.022",
Ukraine,"2006-05-21","269",,
United States,"2009-04-19","1381",,
United States,"2008-05-11","922",,
Japan,"2009-04-12","55",,
Bulgaria,"2011-04-17","280",,
Austria,"2004-04-04","569",,
Brazil,"2010-05-16","232","0.349",
Hungary,"2012-08-19","25",,
New Zealand,"2006-01-15","11",,
Poland,"2010-04-18","16",,
Switzerland,"2010-12-05","28",,
Hungary,"2012-05-06","31",,
Peru,"2015-08-02","121",,
Chile,"2013-12-08","7",,
Netherlands,"2009-02-08","69",,
Russia,"2014-03-23","761",,
Norway,"2012-12-09","187",,
Germany,"2004-12-19","1132",,
Switzerland,"2006-08-06","8",,
France,"2007-12-02","109",,
Austria,"2007-12-30","1241",,
Bolivia,"2013-02-24","148","0.022",
Russia,"2008-03-09","694",,
Chile,"2010-02-07","1",,
Netherlands,"2010-05-16","14",,
Peru,"2007-11-25","275",,
France,"2003-02-16",NA,,
Romania,"2013-03-03","948",,
South Africa,"2014-09-07","3786",,
Bolivia,"2009-11-08","256","0.044",
Austria,"2014-08-10","491",,
Norway,"2013-02-17","194",,
Romania,"2010-01-17","760",,
France,"2003-09-07",NA,,
Brazil,"2006-03-26","262","0.161",
Canada,"2005-07-17","639",,
France,"2004-08-15","7",,
Bolivia,"2013-06-30","173","0.004",
Ukraine,"2006-08-06","207",,
Belgium,"2014-11-16","112",,
Romania,"2003-06-29","553",,
Bulgaria,"2015-01-04","592",,
Sweden,"2003-02-23",NA,,
Russia,"2007-12-23","436",,
Switzerland,"2006-05-21","10",,
Ukraine,"2010-12-05","626",,
Australia,"2003-05-25",NA,,
Poland,"2009-11-01","203",,
Austria,"2009-05-10","597",,
Poland,"2014-03-16","75",,
Brazil,"2009-02-08","149","0.209",
Bulgaria,"2006-12-03","1019",,
United States,"2008-06-08","727",,
Canada,"2004-07-04","752",,
Belgium,"2010-11-21","73",,
Netherlands,"2006-01-08","34",,
Spain,"2008-11-02","19",,
Chile,"2007-02-18","2",,
Spain,"2003-04-06",NA,,
Poland,"2012-11-18","34",,
Peru,"2007-02-25","199",,
Bulgaria,"2012-09-16","149",,
Austria,"2009-09-27","760",,
Mexico,"2012-03-18","1176","0.063",
Australia,"2010-02-28","138",,
Norway,"2005-10-02","27",,
Netherlands,"2010-09-12","27",,
Paraguay,"2014-02-02","145",,
Bolivia,"2010-12-19","137","0.012",
Paraguay,"2006-07-23","488",,
Russia,"2007-01-28","330",,
Canada,"2012-02-26","2589",,
Australia,"2009-05-03","402",,
Ukraine,"2010-01-10","414",,
New Zealand,"2012-04-15","22",,
Bulgaria,"2010-02-21","592",,
Ukraine,"2004-09-26",NA,,
Brazil,"2011-12-25","97","0.084",
Uruguay,"2008-02-24","77",,
Switzerland,"2007-11-11","24",,
Uruguay,"2013-10-13","95",,
Switzerland,"2005-09-11","11",,
Switzerland,"2008-05-18","9",,
Chile,"2005-09-18","3",,
Russia,"2008-03-02","755",,
Switzerland,"2003-01-12",NA,,
Germany,"2006-08-13","443",,
Australia,"2006-12-10","113",,
Spain,"2013-06-23","9",,
Australia,"2013-01-06","156",,
Poland,"2007-08-26","8",,
Brazil,"2010-09-12","188","0.102",
Uruguay,"2003-08-31","214",,
Ukraine,"2003-01-12",NA,,
Chile,"2010-10-17","9",,
Argentina,"2006-05-28","207","0.022",
Australia,"2008-10-12","371",,
Ukraine,"2008-05-18","219",,
Peru,"2007-04-01","263",,
Spain,"2012-05-20","16",,
Argentina,"2014-06-01","184","0.048",
Japan,"2013-09-01","4",,
New Zealand,"2005-02-20",NA,,
New Zealand,"2009-10-25","30",,
Switzerland,"2004-09-26","11",,
Sweden,"2010-02-14","3",,
Romania,"2006-04-09","893",,
Paraguay,"2012-07-29","257",,
Bulgaria,"2011-01-30","1754",,
Bulgaria,"2008-05-25","376",,
Brazil,"2006-01-08","176","0.055",
Argentina,"2008-07-13","319","0.014",
Ukraine,"2007-11-11","500",,
Argentina,"2012-01-15","56","0.036",
Ukraine,"2005-09-11",NA,,
Poland,"2005-03-27","156",,
France,"2003-09-28","25",,
Hungary,"2013-02-03","220",,
Bolivia,"2009-06-14","398","0.096",
United States,"2015-02-22","2671",,
Uruguay,"2006-09-03","178",,
Russia,"2010-08-15","260",,
Canada,"2003-01-26",NA,,
Germany,"2009-03-22","838",,
Russia,"2011-12-04","368",,
Chile,"2007-10-07","5",,
New Zealand,"2014-06-15","84",,
Switzerland,"2010-01-10","30",,
Uruguay,"2009-05-17","129",,
Norway,"2014-08-31","78",,
Australia,"2009-04-05","188",,
South Africa,"2007-09-02","3293",,
Spain,"2009-01-18","132",,
Austria,"2010-05-30","462",,
New Zealand,"2003-01-05",NA,,
France,"2011-06-26","2",,
Hungary,"2007-08-05","34",,
Australia,"2011-05-29","349",,
Belgium,"2006-10-15","65",,
Netherlands,"2011-12-25","37",,
Argentina,"2008-07-06","371","0.014",
Japan,"2014-12-21","2522",,
Norway,"2010-08-22","49",,
Paraguay,"2015-07-19","374",,
Austria,"2010-06-20","441",,
Chile,"2013-11-17","7",,
Australia,"2012-06-03","666",,
Belgium,"2007-10-14","70",,
Sweden,"2012-04-15","4",,
Paraguay,"2013-04-28","229",,
Spain,"2003-01-19",NA,,
Brazil,"2011-09-18","154","0.073",
Germany,"2014-11-02","991",,
Uruguay,"2003-03-09",NA,,
Belgium,"2009-11-22","131",,
Russia,"2010-11-28","495",,
Peru,"2012-07-15","150",,
Canada,"2014-01-26","4049",,
United States,"2009-09-06","3361",,
Paraguay,"2009-02-15","126",,
Peru,"2005-05-15","396",,
Paraguay,"2014-04-20","213",,
Romania,"2008-12-28","809",,
Hungary,"2011-04-24","38",,
Spain,"2009-06-28","15",,
Mexico,"2004-12-12","1237","0.049",
Germany,"2006-05-14","497",,
United States,"2005-01-30","3429",,
Netherlands,"2011-09-18","23",,
France,"2015-01-18","470",,
Argentina,"2009-11-29","88","0.349",
Sweden,"2003-01-05",NA,,
Norway,"2007-03-04","85",,
United States,"2012-11-25","3641",,
Peru,"2010-09-05","208",,
Poland,"2015-03-15","123",,
Germany,"2011-01-23","1261",,
Bolivia,"2005-11-20","387","0.061",
South Africa,"2014-06-22","4634",,
Sweden,"2014-06-15","2",,
Romania,"2014-04-27","613",,
Japan,"2012-04-01","197",,
Chile,"2012-06-17","72",,
South Africa,"2014-03-02","2319",,
Norway,"2006-07-09","10",,
Peru,"2014-01-19","90",,
Canada,"2015-06-14","912",,
New Zealand,"2010-02-14","10",,
United States,"2015-04-19","1195",,
Paraguay,"2011-11-13","149",,
Spain,"2011-08-21","4",,
Mexico,"2007-03-18","1555","0.072",
Spain,"2004-06-27","9",,
Spain,"2004-12-26","326",,
France,"2010-08-29","5",,
South Africa,"2013-10-06","2756",,
Sweden,"2005-02-20",NA,,
Sweden,"2009-10-25","13",,
Paraguay,"2014-05-11","291",,
South Africa,"2008-06-15","3771",,
Peru,"2003-08-03","388",,
Japan,"2003-03-23",NA,,
Uruguay,"2015-05-03","112",,
Brazil,"2014-08-03","196","0.066",
Ukraine,"2014-12-14","424",,
Chile,"2014-02-23","2",,
Ukraine,"2013-08-25","381",,
France,"2011-03-27","10",,
Austria,"2008-08-31","517",,
Bolivia,"2014-02-09","143","0.034",
South Africa,"2013-12-15","2226",,
Canada,"2011-10-02","1120",,
Switzerland,"2014-07-06","26",,
Australia,"2014-05-18","492",,
Australia,"2013-02-10","144",,
Australia,"2002-12-29",NA,,
Brazil,"2011-01-02","136","0.112",
Canada,"2009-09-20","3360",,
Mexico,"2004-05-23","733","0.114",
Australia,"2007-07-08","1300",,
Bulgaria,"2010-12-12","633",,
United States,"2008-10-19","1543",,
Spain,"2015-03-08","80",,
Ukraine,"2007-01-21","365",,
Switzerland,"2006-07-30","10",,
Sweden,"2006-01-15","3",,
Belgium,"2005-05-01","64",,
Japan,"2010-04-25","7",,
Uruguay,"2004-04-11","125",,
Spain,"2004-03-21","28",,
Hungary,"2009-03-01","349",,
Australia,"2008-01-27","126",,
Paraguay,"2010-06-06","248",,
Bolivia,"2008-06-22","360","0.027",
United States,"2003-07-13",NA,,
Spain,"2014-03-30","34",,
Belgium,"2011-05-15","25",,
Poland,"2014-04-13","26",,
Austria,"2013-03-24","1026",,
France,"2004-11-14","46",,
Norway,"2012-02-12","340",,
Peru,"2006-10-29","284",,
Canada,"2007-07-29","588",,
New Zealand,"2003-02-23",NA,,
Poland,"2005-06-26","17",,
Netherlands,"2014-08-03","16",,
Switzerland,"2007-01-21","90",,
Ukraine,"2006-07-30","206",,
France,"2010-07-11","2",,
Spain,"2012-05-13","18",,
Switzerland,"2013-08-25","27",,
Chile,"2012-12-16","4",,
Argentina,"2007-07-22","346","0.019",
Ukraine,"2014-07-06","187",,
Norway,"2006-02-05","91",,
Belgium,"2005-07-24","18",,
Hungary,"2006-04-02","105",,
Japan,"2004-08-22","1",,
Netherlands,"2011-01-02","105",,
Peru,"2007-09-09","342",,
South Africa,"2008-02-10","2116",,
Bolivia,"2004-02-22","329","0.034",
France,"2012-11-04","39",,
Switzerland,"2014-12-14","96",,
Canada,"2009-06-21","1563",,
New Zealand,"2004-07-11",NA,,
Norway,"2008-09-21","33",,
Spain,"2007-10-21","32",,
Netherlands,"2007-09-02","21",,
South Africa,"2011-12-25","2034",,
Austria,"2011-02-06","1510",,
Canada,"2011-10-16","1467",,
Germany,"2010-05-23","491",,
Switzerland,"2008-07-27","10",,
Sweden,"2007-10-28","2",,
Spain,"2015-02-15","405",,
Sweden,"2008-06-01","1",,
Chile,"2010-03-07","1",,
Bulgaria,"2004-08-22",NA,,
Norway,"2013-05-05","47",,
Chile,"2004-05-09","17",,
Poland,"2012-03-18","42",,
France,"2015-02-01","2333",,
Australia,"2003-04-20",NA,,
Paraguay,"2008-12-07","193",,
Sweden,"2009-09-13","10",,
Romania,"2006-06-04","668",,
Switzerland,"2012-07-08","17",,
Norway,"2005-05-08","29",,
Chile,"2013-08-04","35",,
Austria,"2011-04-10","609",,
Uruguay,"2013-06-30","147",,
Peru,"2004-10-31","383",,
France,"2005-01-02","144",,
Australia,"2003-11-16",NA,,
Norway,"2012-10-07","57",,
Romania,"2007-05-06","709",,
Austria,"2008-04-20","711",,
Mexico,"2012-11-18","1469","0.195",
Sweden,"2006-10-01","2",,
Uruguay,"2009-11-08","81",,
Germany,"2011-05-01","383",,
Argentina,"2007-04-22","180","0.207",
Hungary,"2005-07-10","27",,
Bulgaria,"2010-04-25","379",,
Hungary,"2003-05-18",NA,,
Spain,"2003-08-24",NA,,
Uruguay,"2013-02-24","55",,
Peru,"2004-02-15","289",,
Japan,"2010-12-12","73",,
Germany,"2003-07-06",NA,,
Brazil,"2007-09-02","262","0.068",
Romania,"2015-02-08","1023",,
Chile,"2009-07-19","16",,
Romania,"2004-05-16","637",,
Ukraine,"2012-07-08","185",,
Romania,"2015-07-12","508",,
Paraguay,"2012-08-05","246",,
Norway,"2012-04-29","37",,
Russia,"2004-10-03","150",,
South Africa,"2010-09-12","2710",,
Argentina,"2015-06-07","235","0.039",
Romania,"2014-11-23","622",,
New Zealand,"2003-08-17",NA,,
Ukraine,"2008-07-27","181",,
Mexico,"2005-03-27","1066","0.049",
Bulgaria,"2003-03-23",NA,,
Russia,"2013-04-14","574",,
Russia,"2011-02-27","976",,
Russia,"2008-07-20","101",,
Bolivia,"2004-01-04","311","0.01",
New Zealand,"2003-06-08",NA,,
Mexico,"2007-08-26","809","0.178",
Sweden,"2015-05-10","4",,
South Africa,"2006-01-08",NA,,
New Zealand,"2015-04-12","16",,
Bolivia,"2015-03-01","168","0.022",
Norway,"2004-03-28",NA,,
New Zealand,"2009-12-13","14",,
Chile,"2008-10-05","4",,
France,"2011-10-09","22",,
Ukraine,"2003-06-15",NA,,
United States,"2008-05-04","947",,
Germany,"2007-09-30","861",,
France,"2007-09-23","45",,
Ukraine,"2011-03-06","683",,
Russia,"2006-08-20","145",,
Bolivia,"2009-05-17","398","0.111",
Uruguay,"2009-06-14","134",,
Belgium,"2011-08-07","7",,
France,"2007-07-15","6",,
Canada,"2004-06-06","792",,
Bolivia,"2006-09-03","346","0.015",
Peru,"2012-10-21","136",,
Mexico,"2010-04-18","890","0.099",
Belgium,"2006-11-26","84",,
Bulgaria,"2012-04-01","293",,
Ukraine,"2009-12-06","654",,
Netherlands,"2014-09-07","31",,
Sweden,"2012-12-23","10",,
South Africa,"2010-05-16","3178",,
United States,"2005-10-16","1532",,
Germany,"2005-07-03","400",,
United States,"2005-01-09","2459",,
Bolivia,"2003-08-31","641","0.018",
Hungary,"2005-01-23","61",,
Mexico,"2014-03-16","1418","0.103",
Norway,"2004-11-21","13",,
Hungary,"2009-12-20","229",,
Paraguay,"2011-09-25","172",,
Switzerland,"2009-12-06","186",,
Spain,"2012-01-22","77",,
Peru,"2015-04-05","138",,
New Zealand,"2010-12-26","13",,
Australia,"2009-07-05","1590",,
Bolivia,"2008-02-24","299","0.033",
Hungary,"2006-09-17","44",,
Bolivia,"2013-10-13","198","0.014",
South Africa,"2009-02-08","2182",,
Canada,"2013-04-07","1603",,
Mexico,"2009-11-01","1242","0.644",
Spain,"2003-12-14","53",,
New Zealand,"2005-03-20",NA,,
Uruguay,"2010-12-19","65",,
Switzerland,"2011-03-06","69",,
Sweden,"2004-10-10",NA,,
Brazil,"2014-09-07","193","0.053",
Canada,"2006-02-26","3310",,
Canada,"2003-06-01",NA,,
Romania,"2012-12-30","651",,
Bulgaria,"2014-12-21","525",,
Austria,"2011-08-28","320",,
Canada,"2011-12-18","2450",,
France,"2004-07-18","5",,
South Africa,"2006-03-26","2782",,
Switzerland,"2003-06-15",NA,,
Canada,"2009-04-26","2342",,
Australia,"2005-01-16",NA,,
Romania,"2015-04-26","643",,
Hungary,"2003-12-28",NA,,
Chile,"2003-10-05","1",,
Australia,"2012-08-26","1191",,
Russia,"2011-05-15","317",,
Sweden,"2005-10-09",NA,,
New Zealand,"2014-09-21","79",,
Switzerland,"2014-04-27","27",,
Australia,"2009-10-11","242",,
Netherlands,"2005-08-14","14",,
Brazil,"2005-03-13","204","0.068",
Chile,"2009-09-06","6",,
Bulgaria,"2011-08-21","128",,
Peru,"2014-12-28","112",,
Bulgaria,"2004-06-27",NA,,
Netherlands,"2003-04-13",NA,,
Germany,"2012-09-23","718",,
Argentina,"2009-02-01","88","0.029",
Bulgaria,"2004-12-26","724",,
Austria,"2013-02-24","2060",,
Ukraine,"2008-12-28","407",,
Argentina,"2008-04-27","173","0.053",
Bolivia,"2007-12-30","229","0.008",
Chile,"2005-01-30","3",,
Mexico,"2011-04-24","735","0.085",
Brazil,"2003-03-16","213","0.162",
Sweden,"2005-11-13","3",,
France,"2003-07-20",NA,,
Germany,"2014-01-12","717",,
New Zealand,"2012-10-28","24",,
United States,"2013-11-17","1661",,
Bolivia,"2012-01-08","101","0.06",
Hungary,"2004-12-12","52",,
Russia,"2005-07-24","112",,
South Africa,"2010-08-22","3446",,
Paraguay,"2009-01-04","152",,
Paraguay,"2004-08-08",NA,,
Bolivia,"2004-04-04","415","0.042",
Germany,"2010-09-26","938",,
Australia,"2007-04-08","232",,
Poland,"2008-01-13","82",,
Australia,"2007-11-18","202",,
Sweden,"2005-10-30",NA,,
Brazil,"2003-04-13","259","0.15",
Norway,"2013-10-06","39",,
Germany,"2013-05-19","477",,
Australia,"2005-06-05",NA,,
Chile,"2015-04-19","12",,
Paraguay,"2004-02-08",NA,,
Canada,"2011-07-31","323",,
Japan,"2012-01-22","1090",,
Peru,"2009-01-11","166",,
Japan,"2003-12-14","72",,
Peru,"2011-12-11","103",,
Bulgaria,"2009-06-28","285",,
Netherlands,"2005-03-13","87",,
New Zealand,"2008-09-07","75",,
Brazil,"2005-08-14","281","0.052",
Germany,"2010-03-21","627",,
Uruguay,"2011-02-06","55",,
Bolivia,"2009-05-10","372","0.143",
Uruguay,"2008-04-20","115",,
Norway,"2014-06-22","33",,
Paraguay,"2006-01-22","262",,
Argentina,"2006-08-27","271","0.017",
Poland,"2004-09-19",NA,,
Norway,"2014-03-02","113",,
Hungary,"2007-03-18","66",,
South Africa,"2006-07-09","3623",,
Bolivia,"2014-08-10","203","0.015",
Switzerland,"2008-12-28","213",,
Austria,"2009-11-08","1443",,
Russia,"2005-05-01","235",,
Chile,"2012-11-25","6",,
Argentina,"2014-06-29","274","0.029",
South Africa,"2007-03-04","2002",,
Ukraine,"2014-04-27","337",,
Netherlands,"2003-03-16",NA,,
Bulgaria,"2003-01-19",NA,,
Sweden,"2015-03-22","26",,
Austria,"2013-06-30","567",,
France,"2007-06-17","7",,
France,"2013-11-24","45",,
Uruguay,"2011-04-10","85",,
United States,"2012-06-17","1136",,
France,"2003-02-02",NA,,
Bulgaria,"2012-05-13","188",,
Argentina,"2013-01-13","72","0.06",
Romania,"2007-01-21","1358",,
Chile,"2008-10-19","4",,
Germany,"2007-03-11","1258",,
Argentina,"2009-07-26","170","0.159",
Japan,"2007-10-21","13",,
Japan,"2015-02-15","511",,
France,"2010-01-24","48",,
Chile,"2003-07-13","6",,
Sweden,"2013-08-11","1",,
Netherlands,"2009-08-16","49",,
Poland,"2007-12-16","50",,
Germany,"2014-04-06","714",,
Romania,"2014-12-14","658",,
Paraguay,"2005-11-27","274",,
Norway,"2013-12-15","96",,
Bulgaria,"2014-03-30","370",,
Mexico,"2009-03-01","1542","0.081",
United States,"2014-02-23","1986",,
Germany,"2014-01-05","798",,
Argentina,"2003-12-21","103","0.019",
Sweden,"2004-02-29",NA,,
Austria,"2010-12-19","779",,
Poland,"2009-03-29","46",,
Hungary,"2004-05-23",NA,,
Romania,"2013-08-25","540",,
Uruguay,"2011-08-28","147",,
Norway,"2008-06-15","16",,
Paraguay,"2011-06-19","226",,
Bolivia,"2009-09-27","291","0.044",
Germany,"2009-08-09","381",,
Japan,"2003-08-24",NA,,
Poland,"2013-07-14","12",,
Norway,"2008-02-10","93",,
Romania,"2014-07-06","517",,
Paraguay,"2008-11-09","198",,
Bulgaria,"2015-03-08","806",,
United States,"2012-12-16","6359",,
Spain,"2010-12-12","26",,
Brazil,"2009-08-16","328","0.078",
South Africa,"2006-02-05","2169",,
Austria,"2009-06-14","511",,
Paraguay,"2005-02-27",NA,,
Bulgaria,"2004-03-21",NA,,
Russia,"2007-10-14","410",,
Argentina,"2007-09-16","175","0.017",
Bolivia,"2010-05-30","239","0.028",
Australia,"2015-05-17","645",,
Mexico,"2006-04-02","980","0.077",
Peru,"2005-02-13","242",,
Russia,"2009-11-22","1383",,
Germany,"2008-08-03","356",,
Paraguay,"2014-05-25","356",,
Peru,"2006-04-23","311",,
Canada,"2012-09-30","1789",,
Belgium,"2010-11-28","102",,
Argentina,"2011-01-16","62","0.053",
South Africa,"2012-02-12","2056",,
Romania,"2006-07-30","552",,
France,"2014-08-24","3",,
Ukraine,"2006-06-04","249",,
Sweden,"2015-07-05","2",,
United States,"2004-05-09","680",,
Switzerland,"2015-07-12","24",,
New Zealand,"2005-08-28",NA,,
Switzerland,"2004-05-16","7",,
South Africa,"2012-10-07","2512",,
Germany,"2008-06-29","433",,
United States,"2013-08-04","869",,
Switzerland,"2015-02-08","812",,
Brazil,"2005-10-02","278","0.028",
Spain,"2003-03-23",NA,,
South Africa,"2005-05-08",NA,,
Bolivia,"2008-12-21","187","0.039",
France,"2007-01-07","169",,
New Zealand,"2007-06-24","41",,
Bolivia,"2003-09-14","613","0.031",
South Africa,"2013-05-05","3120",,
Ukraine,"2007-05-06","287",,
Netherlands,"2014-08-31","28",,
Sweden,"2011-03-20","6",,
Paraguay,"2010-07-25","235",,
Spain,"2010-04-25","5",,
Germany,"2006-09-24","677",,
Bulgaria,"2003-08-24",NA,,
Sweden,"2013-07-28","1",,
Hungary,"2012-11-18","41",,
Japan,"2015-03-08","151",,
Paraguay,"2007-05-20","384",,
Norway,"2011-12-25","84",,
Germany,"2009-01-25","1930",,
New Zealand,"2014-10-26","41",,
Japan,"2004-03-21","20",,
Canada,"2008-01-06","2728",,
South Africa,"2008-09-21","2778",,
United States,"2010-03-07","1793",,
Switzerland,"2014-11-23","76",,
Germany,"2012-03-25","693",,
Poland,"2013-02-03","112",,
South Africa,"2004-03-28",NA,,
Canada,"2009-06-07","2116",,
Canada,"2004-06-20","755",,
Ukraine,"2014-11-23","443",,
Japan,"2014-03-30","379",,
Norway,"2006-01-08","37",,
Romania,"2008-07-27","573",,
Mexico,"2003-05-18",NA,"0.069",
Paraguay,"2013-12-29","170",,
Argentina,"2008-08-17","210","0.012",
Belgium,"2006-08-20","16",,
Mexico,"2005-07-10","690","0.081",
Sweden,"2012-07-01","1",,
Netherlands,"2005-10-02","26",,
Norway,"2010-09-12","64",,
Poland,"2007-08-05","9",,
Russia,"2011-08-07","189",,
United States,"2008-10-05","1334",,
Uruguay,"2010-06-20","107",,
Hungary,"2007-08-26","31",,
New Zealand,"2012-06-24","81",,
Sweden,"2008-04-06","4",,
New Zealand,"2010-11-07","23",,
France,"2009-08-02","16",,
Bulgaria,"2007-10-21","688",,
South Africa,"2012-04-29","2642",,
Switzerland,"2007-05-06","11",,
Canada,"2006-06-18","858",,
Japan,"2012-05-13","19",,
Russia,"2006-11-26","339",,
Romania,"2012-07-08","486",,
Ukraine,"2015-07-12","199",,
Brazil,"2014-08-31","196","0.055",
United States,"2009-07-19","1257",,
Argentina,"2005-12-04","112","0.017",
Switzerland,"2006-06-04","9",,
Austria,"2003-03-09",NA,,
Peru,"2012-06-10","153",,
France,"2004-06-13","4",,
Canada,"2008-02-03","2826",,
Bulgaria,"2015-02-15","1019",,
Ukraine,"2015-02-08","651",,
Spain,"2004-08-22","17",,
Hungary,"2005-03-27","217",,
Ukraine,"2004-05-16",NA,,
Netherlands,"2013-02-17","141",,
Bolivia,"2011-09-11","252","0.011",
Argentina,"2005-09-25","230","0.014",
Poland,"2012-05-06","19",,
Sweden,"2007-08-12","1",,
Spain,"2014-12-21","104",,
Norway,"2010-05-16","54",,
Chile,"2005-10-16","5",,
Germany,"2003-10-19","1310",,
Romania,"2009-12-06","1088",,
Belgium,"2004-10-03","81",,
Chile,"2005-01-09","1",,
Argentina,"2005-07-31","210","0.012",
Uruguay,"2013-03-24","84",,
Japan,"2003-01-19",NA,,
Switzerland,"2015-04-26","32",,
Bulgaria,"2012-01-22","784",,
Belgium,"2011-02-27","116",,
Chile,"2008-05-04","49",,
Belgium,"2013-04-14","48",,
Mexico,"2005-01-23","1187","0.045",
Sweden,"2012-03-04","45",,
Peru,"2013-01-27","88",,
Argentina,"2004-11-07","161","0.029",
Romania,"2003-06-15","561",,
Sweden,"2003-11-02",NA,,
Bolivia,"2013-08-18","227","0.004",
Peru,"2011-07-03","156",,
Australia,"2013-05-12","393",,
Switzerland,"2012-12-30","209",,
Belgium,"2008-07-20","13",,
Romania,"2011-03-06","1013",,
Bulgaria,"2003-12-14",NA,,
Paraguay,"2004-01-11",NA,,
Poland,"2012-08-19","7",,
Japan,"2009-06-28","28",,
Brazil,"2012-12-09","111","0.053",
Germany,"2006-03-19","1043",,
Hungary,"2010-04-18","42",,
Ukraine,"2012-12-30","439",,
Argentina,"2008-09-14","189","0.012",
Sweden,"2007-01-14","3",,
Peru,"2014-10-12","137",,
Uruguay,"2008-08-31","156",,
Australia,"2008-04-13","325",,
Mexico,"2006-09-17","994","0.193",
Norway,"2006-03-26","42",,
Bolivia,"2005-11-06","426","0.024",
Hungary,"2009-11-01","167",,
Ukraine,"2015-04-26","318",,
Canada,"2012-09-09","1047",,
Spain,"2012-04-01","22",,
Hungary,"2014-03-16","138",,
Mexico,"2009-12-20","1360","0.13",
Brazil,"2013-02-17","141","0.275",
Peru,"2006-06-25","313",,
United States,"2003-10-05","952",,
Austria,"2015-05-03","727",,
Canada,"2014-07-13","822",,
New Zealand,"2004-03-14",NA,,
Bolivia,"2012-12-02","162","0.014",
Austria,"2004-04-11","550",,
Sweden,"2011-07-17","1",,
Netherlands,"2012-12-09","58",,
France,"2006-11-05","43",,
Mexico,"2003-12-28","1264","0.042",
Norway,"2009-02-08","108",,
Paraguay,"2009-08-30","305",,
Japan,"2004-12-26","42",,
Sweden,"2012-04-08","5",,
Canada,"2004-04-18","1163",,
Japan,"2011-08-21","3",,
South Africa,"2004-11-21",NA,,
Paraguay,"2011-02-20","124",,
Japan,"2004-06-27","2",,
New Zealand,"2003-11-02",NA,,
Japan,"2003-04-06",NA,,
Bolivia,"2011-04-10","242","0.1",
Mexico,"2009-03-29","1102","0.101",
Switzerland,"2008-11-30","48",,
Netherlands,"2012-02-12","66",,
Paraguay,"2005-12-18","271",,
United States,"2004-08-01","593",,
Japan,"2008-11-02","23",,
Peru,"2005-06-19","354",,
Uruguay,"2014-08-10","173",,
Poland,"2009-03-01","94",,
Norway,"2014-08-03","22",,
Chile,"2009-07-12","45",,
Bulgaria,"2009-11-15","1260",,
France,"2006-01-29","242",,
Russia,"2003-04-27",NA,,
Bolivia,"2008-04-20","429","0.059",
New Zealand,"2012-03-04","18",,
Chile,"2013-06-16","53",,
Russia,"2011-09-04","319",,
Bolivia,"2011-02-06","123","0.115",
Uruguay,"2009-05-10","128",,
Mexico,"2007-12-16","1718","0.088",
Germany,"2014-07-27","341",,
Argentina,"2010-08-01","175","0.036",
New Zealand,"2007-08-12","87",,
Japan,"2013-06-23","6",,
United States,"2005-04-10","1186",,
Chile,"2012-02-05","3",,
Switzerland,"2011-11-06","28",,
Norway,"2011-01-02","522",,
United States,"2010-05-09","1060",,
Germany,"2008-10-26","891",,
Netherlands,"2006-02-05","52",,
Japan,"2012-05-20","14",,
Belgium,"2011-07-10","11",,
Spain,"2013-09-01","9",,
New Zealand,"2012-04-08","21",,
Uruguay,"2004-04-04","122",,
Ukraine,"2011-11-06","466",,
Bulgaria,"2012-09-02","140",,
Canada,"2014-10-05","2004",,
Brazil,"2012-02-12","103","0.124",
Argentina,"2005-12-25","82","0.012",
Poland,"2006-04-02","115",,
Austria,"2015-03-01","2179",,
Uruguay,"2012-01-08","52",,
New Zealand,"2011-07-17","65",,
Belgium,"2003-05-11",NA,,
Austria,"2004-01-04","880",,
Uruguay,"2007-12-30","92",,
South Africa,"2009-08-16","5529",,
Brazil,"2006-02-05","165","0.145",
Hungary,"2014-04-13","64",,
Sweden,"2004-03-14",NA,,
Romania,"2013-04-21","627",,
New Zealand,"2007-01-14","7",,
Mexico,"2013-07-14","838","0.279",
Ukraine,"2008-11-30","429",,
Australia,"2004-04-25",NA,,
Hungary,"2005-06-26","29",,
Belgium,"2015-03-29","122",,
Australia,"2006-03-12","305",,
Japan,"2009-01-18","1128",,
United States,"2013-09-22","1350",,
Ukraine,"2003-10-26",NA,,
South Africa,"2003-03-16",NA,,
Ukraine,"2005-04-17",NA,,
Netherlands,"2007-03-04","79",,
Sweden,"2014-10-26","4",,
Peru,"2010-06-27","178",,
Bulgaria,"2004-09-12",NA,,
Norway,"2011-09-18","44",,
Germany,"2011-01-09","1099",,
Australia,"2010-07-18","357",,
Switzerland,"2013-01-20","598",,
Switzerland,"2008-11-23","40",,
Romania,"2006-03-05","756",,
Netherlands,"2006-07-09","17",,
Poland,"2011-04-24","21",,
New Zealand,"2011-03-20","14",,
Peru,"2010-03-28","151",,
Austria,"2003-08-31",NA,,
Russia,"2013-05-26","323",,
Romania,"2006-11-19","850",,
United States,"2006-04-16","1191",,
Australia,"2004-05-30",NA,,
Brazil,"2010-08-22","234","0.109",
Spain,"2009-04-12","15",,
New Zealand,"2013-07-28","93",,
Argentina,"2011-02-13","67","0.089",
Australia,"2011-05-08","275",,
Ukraine,"2009-05-31","243",,
United States,"2006-04-30","1060",,
Romania,"2013-03-31","765",,
Uruguay,"2010-05-30","108",,
Russia,"2010-09-19","669",,
Sweden,"2007-06-24","1",,
Russia,"2005-05-29","192",,
South Africa,"2005-03-13",NA,,
Belgium,"2013-07-07","12",,
Romania,"2003-02-09","664",,
Austria,"2006-09-03","505",,
New Zealand,"2015-07-05","57",,
United States,"2014-07-20","1008",,
Sweden,"2005-08-28",NA,,
Australia,"2015-07-26","1411",,
Austria,"2009-05-17","516",,
United States,"2007-07-01","708",,
Switzerland,"2003-08-10",NA,,
Switzerland,"2013-09-15","46",,
Chile,"2003-11-09","4",,
Russia,"2014-11-30","678",,
Paraguay,"2015-08-09","313",,
Bolivia,"2011-08-28","271","0.012",
Brazil,"2006-07-09","317","0.044",
Uruguay,"2009-09-27","99",,
Paraguay,"2008-03-16","279",,
Ukraine,"2013-09-15","607",,
Netherlands,"2010-08-22","15",,
Ukraine,"2003-08-10",NA,,
Mexico,"2004-09-19","884","0.138",
Sweden,"2012-06-24","1",,
Canada,"2011-11-20","1957",,
Brazil,"2007-03-04","230","0.213",
Sweden,"2010-11-07","3",,
New Zealand,"2008-04-06","16",,
Canada,"2008-11-16","1999",,
France,"2015-06-28","1",,
South Africa,"2003-04-13",NA,,
Russia,"2011-10-30","456",,
Peru,"2011-07-24","118",,
Ukraine,"2008-11-23","476",,
New Zealand,"2012-07-01","92",,
Australia,"2015-01-25","147",,
Romania,"2014-09-28","696",,
Switzerland,"2009-05-31","14",,
Belgium,"2011-11-27","96",,
Romania,"2006-02-19","768",,
Hungary,"2015-03-15","133",,
Russia,"2007-05-13","232",,
Switzerland,"2003-10-26",NA,,
Mexico,"2008-01-13","2907","0.057",
France,"2007-05-27","9",,
Switzerland,"2005-04-17","14",,
Bulgaria,"2012-04-22","235",,
South Africa,"2005-08-14",NA,,
Austria,"2013-10-13","1015",,
Ukraine,"2013-01-20","537",,
Austria,"2008-02-24","1015",,
Germany,"2005-03-06","1799",,
Canada,"2003-11-30","4229",,
Peru,"2015-01-11","99",,
France,"2010-10-31","18",,
Belgium,"2007-03-25","66",,
Spain,"2015-01-04","353",,
France,"2004-02-01","32",,
United States,"2013-12-08","2238",,
Switzerland,"2003-06-29",NA,,
New Zealand,"2004-02-29",NA,,
Mexico,"2012-08-19","749","0.288",
Peru,"2005-06-12","371",,
Netherlands,"2004-11-21","32",,
Switzerland,"2010-01-17","27",,
Canada,"2009-08-23","1309",,
Spain,"2006-12-03","34",,
Switzerland,"2013-03-03","262",,
United States,"2010-02-07","1944",,
Japan,"2012-04-22","121",,
South Africa,"2012-12-09","1848",,
Poland,"2005-01-23","62",,
Belgium,"2010-08-15","11",,
Bolivia,"2010-06-20","268","0.018",
Paraguay,"2013-03-17","188",,
New Zealand,"2013-08-11","94",,
Belgium,"2011-12-04","109",,
Chile,"2009-04-19","8",,
Chile,"2008-05-11","41",,
Mexico,"2012-05-06","790","0.068",
Russia,"2006-10-15","358",,
Romania,"2006-05-21","796",,
Paraguay,"2014-02-16","132",,
Paraguay,"2006-12-24","197",,
Australia,"2014-10-19","318",,
Romania,"2010-12-05","639",,
Australia,"2010-08-08","460",,
Germany,"2011-03-13","967",,
Australia,"2006-05-07","316",,
Chile,"2008-06-08","8",,
Poland,"2003-12-28",NA,,
Australia,"2003-09-21",NA,,
Paraguay,"2007-02-04","182",,
Brazil,"2004-11-21","270","0.078",
Belgium,"2007-01-28","294",,
Uruguay,"2003-09-14","182",,
Poland,"2009-12-20","83",,
Canada,"2004-03-07","1409",,
Germany,"2009-02-22","1222",,
Argentina,"2014-06-08","190","0.036",
Peru,"2010-05-02","175",,
Ukraine,"2010-01-17","397",,
Argentina,"2010-01-03","62","0.482",
Ukraine,"2013-03-03","670",,
Uruguay,"2008-12-21","70",,
Japan,"2004-09-12","2",,
Peru,"2010-10-03","168",,
France,"2008-08-24","4",,
Belgium,"2008-03-02","215",,
Poland,"2006-09-17","22",,
Romania,"2006-08-06","580",,
South Africa,"2013-02-17","1983",,
Spain,"2011-04-17","6",,
Ukraine,"2003-06-29",NA,,
Canada,"2009-05-24","1661",,
France,"2015-05-24","6",,
Argentina,"2013-10-20","106","0.048",
Austria,"2005-11-20","795",,
Argentina,"2013-09-29","136","0.027",
Norway,"2014-09-07","77",,
Hungary,"2012-03-18","167",,
Paraguay,"2003-07-27",NA,,
Canada,"2003-11-23","3138",,
Romania,"2004-09-26","793",,
Switzerland,"2006-04-09","33",,
Netherlands,"2012-04-29","21",,
United States,"2005-09-18","1068",,
Germany,"2003-10-12","1171",,
Bulgaria,"2009-01-18","949",,
Austria,"2008-06-22","538",,
New Zealand,"2005-11-13",NA,,
Russia,"2014-11-16","617",,
Brazil,"2008-09-21","253","0.026",
Uruguay,"2012-12-02","66",,
Sweden,"2012-10-28","2",,
Belgium,"2007-12-23","124",,
Germany,"2013-07-21","264",,
Japan,"2012-09-02","8",,
United States,"2007-02-18","2941",,
Brazil,"2012-10-07","134","0.038",
Bulgaria,"2012-05-20","178",,
South Africa,"2005-10-02",NA,,
France,"2010-04-11","7",,
Netherlands,"2004-03-28","12",,
New Zealand,"2005-10-09",NA,,
Austria,"2014-02-09","1523",,
Uruguay,"2005-11-06","133",,
Canada,"2010-07-04","561",,
Spain,"2011-01-30","60",,
Spain,"2008-05-25","11",,
Sweden,"2014-09-21","3",,
Romania,"2010-01-10","848",,
Brazil,"2005-05-08","320","0.059",
Brazil,"2013-05-05","218","0.264",
Russia,"2010-11-21","436",,
Peru,"2005-12-11","241",,
Bolivia,"2008-08-31","296","0.017",
Spain,"2010-02-21","9",,
Chile,"2015-02-22","3",,
Brazil,"2012-04-29","170","0.185",
New Zealand,"2015-03-22","14",,
Peru,"2010-10-10","194",,
United States,"2007-10-07","1210",,
Uruguay,"2013-08-18","146",,
Norway,"2007-09-02","17",,
France,"2011-10-23","28",,
Netherlands,"2008-09-21","25",,
Austria,"2004-02-22","738",,
Canada,"2005-10-23","2054",,
South Africa,"2014-08-31","3681",,
Bulgaria,"2013-06-23","140",,
Paraguay,"2004-07-25",NA,,
Australia,"2008-02-17","185",,
Bulgaria,"2008-11-02","928",,
Netherlands,"2005-05-08","21",,
Poland,"2005-07-10","14",,
Belgium,"2014-03-23","150",,
United States,"2010-10-17","1566",,
Bolivia,"2013-03-24","195","0.023",
Poland,"2003-05-18",NA,,
Brazil,"2004-03-28","240","0.096",
Sweden,"2008-09-07","2",,
Australia,"2012-11-11","205",,
Bulgaria,"2003-04-06",NA,,
Romania,"2003-01-12",NA,,
Netherlands,"2013-05-05","19",,
Romania,"2008-05-18","602",,
Spain,"2012-09-16","18",,
Mexico,"2007-08-05","820","0.123",
Romania,"2007-11-11","755",,
Belgium,"2008-03-09","154",,
New Zealand,"2005-10-30",NA,,
Romania,"2005-09-11","713",,
Mexico,"2013-02-03","1754","0.085",
Germany,"2010-04-04","498",,
Argentina,"2012-07-22","157","0.012",
Uruguay,"2011-09-11","122",,
Ukraine,"2006-04-09","386",,
Japan,"2009-11-15","919",,
Netherlands,"2012-10-07","43",,
Peru,"2006-12-17","192",,
Paraguay,"2006-07-16","549",,
Uruguay,"2014-04-06","84",,
Poland,"2013-01-13","413",,
Japan,"2006-05-07","7",,
Belgium,"2014-10-05","78",,
Russia,"2014-03-09","990",,
Mexico,"2010-08-01","753","0.333",
Switzerland,"2008-10-19","23",,
Sweden,"2009-01-04","17",,
Sweden,"2004-08-08",NA,,
United States,"2006-07-30","677",,
New Zealand,"2003-07-27",NA,,
Japan,"2003-09-21",NA,,
Poland,"2009-07-26","16",,
Bulgaria,"2015-07-26","136",,
Canada,"2003-05-11",NA,,
Canada,"2011-07-10","354",,
Japan,"2014-10-19","24",,
Uruguay,"2007-03-11","96",,
Japan,"2010-08-08","3",,
Paraguay,"2005-11-13","287",,
Switzerland,"2003-07-13",NA,,
Brazil,"2007-09-09","283","0.065",
Bolivia,"2005-03-06","355","0.028",
Argentina,"2007-12-16","96","0.014",
Russia,"2013-06-02","310",,
Spain,"2010-11-14","12",,
Uruguay,"2009-08-09","138",,
Bulgaria,"2004-05-30",NA,,
Germany,"2011-08-28","316",,
Bulgaria,"2011-05-08","318",,
Russia,"2010-03-14","470",,
Canada,"2015-03-29","2073",,
Uruguay,"2014-01-05","61",,
Poland,"2003-12-21",NA,,
Argentina,"2009-03-29","113","0.53",
France,"2006-02-12","221",,
Bulgaria,"2010-07-18","237",,
Romania,"2012-12-16","592",,
United States,"2014-07-06","964",,
Brazil,"2006-10-29","247","0.036",
Paraguay,"2005-10-09","347",,
Australia,"2004-09-12",NA,,
Hungary,"2004-01-25",NA,,
Netherlands,"2003-08-03",NA,,
South Africa,"2007-12-09","1838",,
Austria,"2007-09-30","840",,
Argentina,"2013-07-14","191","0.019",
United States,"2013-08-25","977",,
Paraguay,"2015-03-22","288",,
Hungary,"2013-11-10","54",,
France,"2015-06-21","2",,
Peru,"2011-01-02","110",,
Netherlands,"2007-09-09","27",,
Australia,"2012-04-22","245",,
Spain,"2010-10-24","15",,
Bulgaria,"2015-01-25","1073",,
New Zealand,"2004-07-25",NA,,
Romania,"2014-02-23","856",,
Poland,"2007-09-16","26",,
United States,"2014-12-14","5234",,
Sweden,"2006-01-22","4",,
Mexico,"2005-12-25","1540","0.054",
Peru,"2014-08-03","141",,
Norway,"2005-06-19","17",,
Brazil,"2003-08-03","223","0.044",
Bolivia,"2011-01-09","119","0.051",
Netherlands,"2006-10-29","24",,
Ukraine,"2003-07-13",NA,,
Poland,"2011-01-16","187",,
Ukraine,"2008-10-19","457",,
New Zealand,"2006-07-16","55",,
Sweden,"2004-02-08",NA,,
Uruguay,"2008-08-03","179",,
United States,"2007-01-21","2182",,
Paraguay,"2005-10-30","316",,
Austria,"2005-07-03","414",,
Sweden,"2011-06-19","1",,
Belgium,"2011-11-20","88",,
Romania,"2012-06-17","486",,
Chile,"2014-04-27","12",,
Belgium,"2008-11-16","108",,
Uruguay,"2012-09-23","111",,
Austria,"2003-07-06",NA,,
Norway,"2015-01-11","178",,
Netherlands,"2005-05-15","16",,
Austria,"2011-05-01","464",,
Paraguay,"2004-02-29",NA,,
Brazil,"2014-01-19","98","0.072",
Hungary,"2012-10-14","38",,
Japan,"2008-02-17","234",,
Netherlands,"2012-07-15","23",,
Switzerland,"2009-09-06","54",,
Norway,"2011-07-24","15",,
Spain,"2012-05-27","15",,
Poland,"2009-02-01","347",,
Ukraine,"2012-11-25","469",,
Poland,"2008-04-27","33",,
Sweden,"2005-11-27","3",,
Switzerland,"2005-01-30","497",,
Paraguay,"2013-08-11","244",,
New Zealand,"2013-03-17","18",,
Uruguay,"2010-09-26","141",,
Brazil,"2010-09-05","188","0.087",
Mexico,"2011-02-13","1411","0.043",
Belgium,"2003-11-30","725",,
Australia,"2009-11-15","158",,
Canada,"2007-03-25","1618",,
New Zealand,"2014-02-16","16",,
South Africa,"2008-12-14","2096",,
New Zealand,"2006-12-24","15",,
South Africa,"2005-08-07",NA,,
Uruguay,"2014-01-12","59",,
Russia,"2007-04-29","318",,
Japan,"2012-11-11","59",,
Ukraine,"2015-04-19","337",,
Canada,"2011-11-27","1920",,
Spain,"2003-05-04",NA,,
Bulgaria,"2006-03-12","1057",,
France,"2011-05-22","2",,
Argentina,"2008-01-13","89","0.014",
Germany,"2011-02-06","1429",,
Uruguay,"2010-03-21","63",,
Brazil,"2012-07-15","176","0.051",
Spain,"2006-12-31","109",,
Spain,"2014-12-07","56",,
Switzerland,"2015-04-19","44",,
Bulgaria,"2004-04-25",NA,,
Romania,"2013-11-17","628",,
Sweden,"2014-05-25","2",,
New Zealand,"2007-02-04","4",,
France,"2004-01-18","29",,
Bolivia,"2014-07-27","94","0",
Austria,"2010-05-23","506",,
Bolivia,"2008-10-26","359","0.03",
Netherlands,"2014-01-19","41",,
Uruguay,"2013-05-19","113",,
Brazil,"2005-05-15","355","0.063",
Poland,"2006-08-27","11",,
Canada,"2013-07-07","715",,
Norway,"2010-03-28","29",,
Germany,"2011-04-10","596",,
Ukraine,"2009-09-06","438",,
Argentina,"2004-09-19","187","0.019",
Switzerland,"2012-11-25","35",,
Ukraine,"2005-01-30",NA,,
Chile,"2008-12-28","2",,
Spain,"2005-04-03","25",,
Sweden,"2005-02-27",NA,,
Poland,"2014-06-29","13",,
Norway,"2010-06-27","23",,
Netherlands,"2010-09-05","25",,
Hungary,"2006-10-22","48",,
Australia,"2012-09-02","823",,
Peru,"2011-09-18","142",,
Sweden,"2008-11-09","3",,
Germany,"2008-04-20","751",,
Argentina,"2012-05-06","121","0.043",
Germany,"2013-03-24","950",,
Poland,"2005-09-25","61",,
Peru,"2014-09-07","145",,
Russia,"2012-02-26","612",,
Uruguay,"2003-10-19","142",,
Canada,"2007-01-28","2965",,
South Africa,"2007-11-25","1755",,
Sweden,"2007-05-20","1",,
Paraguay,"2013-07-28","273",,
Norway,"2010-05-02","53",,
Australia,"2012-05-20","511",,
Switzerland,"2005-10-16","31",,
Switzerland,"2005-01-09","134",,
Netherlands,"2012-10-21","34",,
Paraguay,"2011-03-20","223",,
Sweden,"2010-07-25","1",,
Norway,"2010-10-03","55",,
Bolivia,"2010-04-04","285","0.049",
Spain,"2008-10-12","27",,
Poland,"2005-07-31","12",,
Canada,"2008-03-02","3052",,
Uruguay,"2006-03-19","83",,
Brazil,"2015-04-05","230","0.737",
Japan,"2004-04-25","5",,
Chile,"2015-04-26","13",,
Spain,"2011-05-29","5",,
Romania,"2003-10-05","642",,
Spain,"2009-04-05","16",,
Belgium,"2009-05-24","35",,
Hungary,"2006-11-12","56",,
Japan,"2006-03-12","54",,
Switzerland,"2008-05-04","13",,
Australia,"2009-01-18","102",,
Poland,"2004-11-07","56",,
France,"2014-05-04","7",,
Belgium,"2004-03-07","109",,
Chile,"2012-12-30","3",,
Paraguay,"2015-07-05","457",,
Argentina,"2012-08-19","159","0.017",
Poland,"2008-09-14","21",,
Belgium,"2009-08-23","62",,
Bolivia,"2013-07-21","157","0.003",
France,"2011-04-03","8",,
Spain,"2009-05-03","33",,
United States,"2011-03-06","2482",,
Spain,"2010-02-28","8",,
New Zealand,"2008-03-16","14",,
New Zealand,"2015-08-09","52",,
Mexico,"2013-09-29","1234","0.541",
Mexico,"2013-10-20","1312","0.518",
Brazil,"2012-10-21","138","0.059",
Bulgaria,"2012-11-11","399",,
United States,"2003-06-15",NA,,
Australia,"2003-04-06",NA,,
Mexico,"2014-06-08","977","0.142",
Australia,"2008-11-02","275",,
Germany,"2008-08-31","519",,
Paraguay,"2008-04-06","257",,
Mexico,"2010-01-03","1435","0.106",
Ukraine,"2008-05-04","250",,
Ukraine,"2005-10-16","534",,
Australia,"2013-06-23","505",,
Spain,"2013-01-06","80",,
United States,"2009-12-06","2190",,
Bulgaria,"2008-02-17","873",,
Spain,"2006-12-10","50",,
Paraguay,"2012-07-01","289",,
Ukraine,"2005-01-09",NA,,
Sweden,"2013-12-29","5",,
South Africa,"2015-08-02","3348",,
Canada,"2010-08-15","506",,
Russia,"2003-01-26",NA,,
Bolivia,"2003-10-12","448","0.044",
Netherlands,"2015-04-05","37",,
Canada,"2011-12-04","2035",,
Norway,"2005-06-12","18",,
Bolivia,"2009-02-22","215","0.723",
Belgium,"2005-10-23","113",,
Sweden,"2004-01-11",NA,,
Chile,"2015-07-12","29",,
South Africa,"2007-04-01","2220",,
Norway,"2006-12-17","22",,
Romania,"2009-07-19","535",,
New Zealand,"2005-12-18",NA,,
Netherlands,"2004-10-31","19",,
Chile,"2004-05-16","27",,
Chile,"2015-02-08","3",,
Paraguay,"2003-11-02",NA,,
United States,"2012-07-08","939",,
Uruguay,"2008-06-29","196",,
Paraguay,"2012-03-04","101",,
Austria,"2011-01-23","1447",,
France,"2004-08-29","6",,
Uruguay,"2012-03-25","65",,
Romania,"2008-10-05","828",,
Brazil,"2004-02-15","185","0.077",
Canada,"2008-03-09","2808",,
Uruguay,"2009-01-25","71",,
Bolivia,"2011-03-13","247","0.084",
United States,"2008-07-27","634",,
Spain,"2003-05-25",NA,,
Canada,"2014-03-23","2241",,
Uruguay,"2006-09-24","173",,
Japan,"2015-01-25","3585",,
Paraguay,"2007-08-12","352",,
Norway,"2010-10-10","62",,
Chile,"2014-11-23","5",,
Peru,"2007-09-02","312",,
Germany,"2010-06-20","354",,
Argentina,"2013-02-03","78","0.106",
Romania,"2010-03-07","680",,
South Africa,"2007-02-25","1858",,
Sweden,"2011-02-20","14",,
Russia,"2005-07-17","125",,
Japan,"2004-05-30","2",,
Paraguay,"2012-04-08","166",,
Japan,"2011-05-08","29",,
Norway,"2005-12-11","58",,
Mexico,"2012-07-22","773","0.196",
Sweden,"2009-08-30","26",,
Poland,"2008-08-17","8",,
Paraguay,"2011-07-17","204",,
Argentina,"2007-08-05","293","0.017",
Spain,"2003-12-07","83",,
Belgium,"2003-11-23","273",,
Japan,"2010-07-18","3",,
Brazil,"2004-10-31","249","0.047",
Russia,"2004-07-04",NA,,
Bulgaria,"2003-09-21",NA,,
Japan,"2015-07-26","10",,
Belgium,"2010-07-04","7",,
Hungary,"2006-05-28","39",,
Austria,"2014-11-02","1101",,
Hungary,"2014-06-01","40",,
Chile,"2007-05-06","9",,
Bulgaria,"2006-05-07","771",,
France,"2008-03-23","38",,
Romania,"2013-08-04","513",,
France,"2012-01-29","120",,
Canada,"2007-12-23","2883",,
Chile,"2006-06-04","5",,
Austria,"2006-05-14","570",,
Poland,"2005-12-04","53",,
Netherlands,"2004-02-15","19",,
Hungary,"2012-01-15","67",,
Bulgaria,"2014-10-19","534",,
Hungary,"2008-07-13","37",,
Romania,"2004-05-09","661",,
Paraguay,"2007-01-14","181",,
Bulgaria,"2010-08-08","233",,
Bolivia,"2008-08-03","309","0.007",
France,"2005-02-06","1132",,
South Africa,"2010-09-05","2970",,
Russia,"2011-10-02","500",,
Chile,"2013-01-20","2",,
United States,"2006-02-19","2567",,
Peru,"2014-03-02","103",,
Uruguay,"2011-01-09","62",,
Brazil,"2008-12-14","153","0.099",
Chile,"2008-11-23","3",,
Brazil,"2005-08-07","292","0.052",
United States,"2014-09-28","1192",,
Peru,"2014-06-22","142",,
Argentina,"2011-04-24","115","0.099",
Belgium,"2011-07-31","9",,
Australia,"2014-03-30","292",,
Poland,"2011-02-13","126",,
Norway,"2011-12-11","93",,
Hungary,"2008-07-06","37",,
Norway,"2009-01-11","230",,
Mexico,"2008-04-27","905","0.063",
Mexico,"2009-02-01","1712","0.057",
South Africa,"2014-01-19","1846",,
Austria,"2009-03-22","809",,
Peru,"2013-10-06","135",,
Russia,"2009-09-20","609",,
New Zealand,"2004-01-11",NA,,
Australia,"2012-05-13","444",,
Chile,"2003-08-10","1",,
Sweden,"2005-12-18","4",,
Germany,"2010-05-30","424",,
Chile,"2013-09-15","15",,
Switzerland,"2003-11-09","20",,
Russia,"2007-07-29","121",,
Netherlands,"2008-12-14","54",,
Netherlands,"2005-08-07","12",,
Spain,"2014-05-18","18",,
Spain,"2013-02-10","266",,
Romania,"2007-07-01","574",,
Romania,"2014-07-20","522",,
Ukraine,"2003-11-09",NA,,
France,"2014-09-14","10",,
United States,"2003-02-09",NA,,
Paraguay,"2004-03-14",NA,,
Mexico,"2006-08-27","786","0.129",
Bolivia,"2014-01-05","123","0.008",
Germany,"2009-09-27","805",,
Bolivia,"2009-08-09","302","0.058",
Mexico,"2014-06-29","906","0.175",
United States,"2013-03-31","2482",,
Romania,"2006-04-30","732",,
Uruguay,"2005-03-06","93",,
Norway,"2014-12-28","145",,
South Africa,"2012-07-15","3191",,
Hungary,"2009-11-29","356",,
Bulgaria,"2015-05-17","247",,
United States,"2006-11-19","1595",,
Romania,"2006-04-16","796",,
Chile,"2009-05-31","39",,
Spain,"2008-01-27","73",,
Bolivia,"2007-03-11","369","0.199",
Australia,"2004-03-21",NA,,
United States,"2006-03-05","2457",,
Austria,"2006-08-13","449",,
New Zealand,"2011-02-20","9",,
Chile,"2005-04-17","5",,
Chile,"2003-10-26","2",,
Bolivia,"2014-04-06","208","0.045",
Spain,"2002-12-29",NA,,
South Africa,"2005-05-15",NA,,
Australia,"2015-03-08","276",,
New Zealand,"2009-08-30","56",,
Spain,"2007-07-08","8",,
Romania,"2013-09-22","590",,
Chile,"2008-11-30","3",,
Bulgaria,"2007-04-08","548",,
Mexico,"2003-12-21","1346","0.055",
Paraguay,"2005-08-28","357",,
United States,"2013-04-21","1681",,
Germany,"2014-08-10","345",,
Argentina,"2009-03-01","89","0.166",
Norway,"2005-02-13","47",,
Japan,"2008-04-13","15",,
Switzerland,"2009-07-12","28",,
France,"2008-01-20","402",,
Paraguay,"2007-06-24","440",,
Norway,"2006-04-23","25",,
South Africa,"2006-10-29","1857",,
Switzerland,"2013-06-16","21",,
Australia,"2004-12-26",NA,,
Uruguay,"2008-10-26","96",,
Bolivia,"2013-05-19","219","0.012",
France,"2009-03-08","23",,
Russia,"2014-01-26","726",,
Australia,"2011-08-21","291",,
New Zealand,"2010-07-25","110",,
Australia,"2004-06-27",NA,,
Uruguay,"2014-07-27","141",,
Poland,"2010-08-01","7",,
Mexico,"2013-01-13","1591","0.079",
Netherlands,"2007-12-09","42",,
Peru,"2008-02-10","189",,
Paraguay,"2014-10-26","236",,
Switzerland,"2012-02-05","106",,
Chile,"2011-11-06","4",,
Mexico,"2009-07-26","669","0.121",
South Africa,"2007-09-09","3002",,
Germany,"2009-05-10","533",,
Bolivia,"2010-03-21","250","0.065",
Belgium,"2012-09-30","77",,
Canada,"2010-11-28","1960",,
Bulgaria,"2009-10-11","875",,
New Zealand,"2007-05-20","17",,
Mexico,"2011-01-16","1470","0.048",
Romania,"2010-05-09","527",,
Romania,"2005-04-10","880",,
Germany,"2012-01-08","815",,
Hungary,"2007-07-22","36",,
Spain,"2012-06-03","13",,
Peru,"2008-06-15","258",,
France,"2004-09-05","10",,
South Africa,"2003-08-03",NA,,
Bolivia,"2014-01-12","132","0.01",
Austria,"2007-08-19","486",,
Australia,"2003-01-19",NA,,
Ukraine,"2012-02-05","396",,
France,"2005-05-22","9",,
Peru,"2013-12-15","102",,
Argentina,"2006-04-02","169","0.034",
Poland,"2005-12-25","50",,
Bolivia,"2010-09-26","278","0.011",
Germany,"2004-04-04","739",,
New Zealand,"2013-12-29","20",,
Austria,"2004-12-19","807",,
Ukraine,"2009-07-12","214",,
Brazil,"2007-12-09","184","0.105",
Japan,"2013-05-12","71",,
Ukraine,"2013-06-16","220",,
Paraguay,"2010-11-07","196",,
Paraguay,"2012-06-24","287",,
Australia,"2009-06-28","1562",,
Mexico,"2007-09-16","1165","0.24",
Russia,"2015-06-14","279",,
Sweden,"2008-03-16","4",,
Bulgaria,"2007-11-18","743",,
Romania,"2004-08-01","593",,
Germany,"2007-12-30","1297",,
Sweden,"2015-08-09","2",,
Bolivia,"2012-09-23","175","0.006",
Bulgaria,"2005-06-05","537",,
Australia,"2003-12-14",NA,,
Sweden,"2014-02-16","19",,
Sweden,"2006-12-24","2",,
South Africa,"2004-02-15",NA,,
Germany,"2012-12-02","872",,
Canada,"2006-08-20","752",,
Uruguay,"2003-10-12","136",,
Austria,"2010-01-31","757",,
Spain,"2009-07-05","14",,
United States,"2005-09-11","1053",,
Russia,"2004-06-06",NA,,
Bulgaria,"2013-05-12","203",,
Chile,"2006-04-09","5",,
Norway,"2012-06-10","23",,
United States,"2007-11-11","1644",,
United States,"2008-05-18","873",,
Japan,"2007-11-18","98",,
Sweden,"2013-03-17","15",,
Japan,"2005-06-05","4",,
United States,"2003-01-12",NA,,
Belgium,"2009-06-07","24",,
Belgium,"2004-06-20","16",,
Romania,"2010-10-17","720",,
Australia,"2012-01-22","85",,
Brazil,"2007-04-01","241","0.342",
Spain,"2012-08-26","13",,
Spain,"2005-01-16","478",,
Belgium,"2008-02-03","175",,
Germany,"2005-11-06","1086",,
Peru,"2010-09-12","206",,
New Zealand,"2005-11-27",NA,,
New Zealand,"2011-06-19","46",,
Ukraine,"2015-02-22","792",,
Romania,"2007-10-07","765",,
Netherlands,"2007-02-25","97",,
Belgium,"2006-06-18","26",,
Uruguay,"2013-07-21","129",,
Peru,"2006-01-08","227",,
Hungary,"2015-06-07","26",,
Switzerland,"2015-02-22","603",,
Mexico,"2005-12-04","1407","0.067",
Peru,"2011-12-25","86",,
United States,"2010-01-10","1916",,
Austria,"2004-10-24","664",,
Austria,"2008-08-10","390",,
New Zealand,"2008-11-09","19",,
Russia,"2013-04-07","644",,
France,"2006-10-08","35",,
Germany,"2013-08-18","324",,
Japan,"2009-10-11","795",,
Romania,"2007-02-18","983",,
Bolivia,"2006-03-19","443","0.015",
New Zealand,"2005-02-27",NA,,
Hungary,"2007-04-22","44",,
Brazil,"2007-02-25","237","0.18",
Argentina,"2005-07-10","234","0.017",
New Zealand,"2014-05-25","66",,
Russia,"2009-04-26","533",,
Sweden,"2007-02-04","5",,
Uruguay,"2010-04-04","79",,
Mexico,"2008-08-17","633","0.125",
Germany,"2011-09-11","396",,
Argentina,"2003-05-18","232","0.039",
Belgium,"2008-01-06","210",,
Romania,"2005-09-18","683",,
Austria,"2013-11-03","876",,
Austria,"2013-06-09","636",,
Japan,"2007-04-08","195",,
Russia,"2006-02-26","436",,
Russia,"2003-06-01",NA,,
Netherlands,"2007-04-01","31",,
Bolivia,"2003-10-19","405","0.054",
United States,"2004-09-26","922",,
France,"2004-05-02","11",,
Russia,"2011-12-18","422",,
Poland,"2012-07-22","9",,
Bulgaria,"2008-04-13","677",,
South Africa,"2004-10-31",NA,,
South Africa,"2015-04-05","2677",,
Chile,"2003-06-29","4",,
Belgium,"2012-09-09","26",,
Paraguay,"2014-09-21","251",,
Japan,"2015-05-17","19",,
United States,"2006-08-06","681",,
Austria,"2007-06-10","521",,
Belgium,"2014-07-13","16",,
Chile,"2010-01-17","1",,
Australia,"2003-08-24",NA,,
Russia,"2009-06-21","196",,
Peru,"2009-02-08","152",,
Russia,"2011-10-16","467",,
Netherlands,"2015-08-02","12",,
Chile,"2013-03-03","4",,
Mexico,"2004-11-07","1044","0.075",
Argentina,"2005-01-23","89","0.01",
Ukraine,"2008-06-08","209",,
Norway,"2006-06-25","11",,
Paraguay,"2012-10-28","141",,
Belgium,"2004-04-18","32",,
Mexico,"2005-07-31","690","0.151",
Brazil,"2007-11-25","222","0.131",
Switzerland,"2009-04-19","16",,
Switzerland,"2008-05-11","10",,
Norway,"2014-10-12","97",,
New Zealand,"2009-01-04","13",,
Mexico,"2005-09-25","845","0.167",
New Zealand,"2004-08-08",NA,,
Sweden,"2003-07-27",NA,,
United States,"2010-12-05","1943",,
Peru,"2006-03-26","210",,
Sweden,"2006-07-16","1",,
Australia,"2015-02-15","207",,
New Zealand,"2004-02-08",NA,,
Norway,"2011-07-03","24",,
Ukraine,"2009-04-19","378",,
Ukraine,"2008-05-11","237",,
United States,"2006-05-21","927",,
Austria,"2009-10-04","877",,
Canada,"2004-10-03","1544",,
Brazil,"2015-08-02","203","0.085",
Bolivia,"2006-09-24","393","0.007",
France,"2011-06-05","3",,
Bolivia,"2009-01-25","222","0.548",
Switzerland,"2008-06-08","12",,
Uruguay,"2011-03-13","55",,
Paraguay,"2008-09-07","281",,
Bolivia,"2012-03-25","244","0.055",
Norway,"2013-01-27","267",,
Argentina,"2003-12-28","100","0.019",
Australia,"2007-10-21","276",,
Argentina,"2009-12-20","63","0.388",
Sweden,"2004-07-25",NA,,
Romania,"2010-02-07","620",,
Canada,"2008-07-20","494",,
Poland,"2014-06-08","15",,
Poland,"2010-01-03","59",,
Spain,"2003-11-16","170",,
Bolivia,"2008-06-29","370","0.018",
South Africa,"2012-10-21","2138",,
New Zealand,"2006-01-22","8",,
Argentina,"2006-09-17","232","0.017",
Germany,"2008-12-21","1315",,
Spain,"2003-04-20",NA,,
Mexico,"2008-09-14","914","0.2",
Poland,"2013-09-29","45",,
Canada,"2013-04-14","1458",,
Poland,"2013-10-20","30",,
Canada,"2011-02-27","2182",,
Peru,"2010-05-16","186",,
Netherlands,"2007-11-25","34",,
Uruguay,"2009-02-22","62",,
Romania,"2013-12-08","692",,
Germany,"2003-09-14",NA,,
Switzerland,"2006-04-30","14",,
Spain,"2015-05-17","14",,
Bulgaria,"2008-01-27","1410",,
Argentina,"2004-12-12","100","0.017",
France,"2015-05-31","5",,
Brazil,"2011-07-24","150","0.068",
Brazil,"2015-01-11","114","0.096",
Switzerland,"2014-07-20","21",,
Norway,"2014-01-19","134",,
Bulgaria,"2002-12-29",NA,,
South Africa,"2011-12-11","1956",,
Switzerland,"2007-07-01","13",,
United States,"2003-08-10",NA,,
Bulgaria,"2007-07-08","403",,
Uruguay,"2004-10-24","141",,
Germany,"2004-02-22","1308",,
Australia,"2010-12-12","102",,
South Africa,"2009-01-11","1766",,
Uruguay,"2008-08-10","176",,
United States,"2013-09-15","1259",,
Switzerland,"2013-09-22","40",,
Bulgaria,"2014-05-18","271",,
Bulgaria,"2013-02-10","776",,
France,"2012-03-11","79",,
Peru,"2006-07-09","328",,
United States,"2013-01-20","9408",,
Poland,"2012-10-14","35",,
Netherlands,"2010-03-28","16",,
France,"2010-06-13","3",,
Chile,"2006-02-19","3",,
Austria,"2010-04-04","500",,
Belgium,"2015-06-14","17",,
United States,"2008-11-23","1969",,
France,"2009-12-27","148",,
Chile,"2014-09-28","12",,
Mexico,"2008-07-06","681","0.109",
Uruguay,"2013-06-09","149",,
Uruguay,"2013-11-03","89",,
Hungary,"2009-02-01","473",,
Switzerland,"2006-04-16","25",,
Netherlands,"2010-06-27","10",,
Norway,"2010-09-05","97",,
Peru,"2007-03-04","195",,
Hungary,"2008-04-27","49",,
Canada,"2007-10-14","1513",,
Hungary,"2006-08-27","48",,
Netherlands,"2015-01-11","98",,
Argentina,"2007-03-18","125","0.933",
Norway,"2005-05-15","27",,
Chile,"2006-11-19","3",,
United States,"2009-05-31","1743",,
France,"2007-11-04","77",,
New Zealand,"2011-09-25","65",,
Hungary,"2014-06-29","33",,
Ukraine,"2006-04-16","366",,
Chile,"2006-03-05","3",,
Paraguay,"2005-03-20",NA,,
France,"2008-09-28","39",,
Poland,"2006-10-22","76",,
United States,"2005-04-17","1083",,
Ukraine,"2013-09-22","596",,
United States,"2003-10-26","1249",,
Netherlands,"2011-07-24","10",,
Sweden,"2011-08-14","1",,
France,"2008-03-30","33",,
South Africa,"2014-12-28","2211",,
Austria,"2003-10-12","720",,
Norway,"2012-07-15","19",,
Uruguay,"2010-01-31","53",,
Germany,"2008-06-22","439",,
France,"2011-06-12","2",,
Paraguay,"2010-12-26","145",,
Belgium,"2014-01-26","154",,
Ukraine,"2014-07-20","195",,
Japan,"2003-11-16","22",,
Romania,"2003-11-09","655",,
France,"2013-09-08","6",,
Brazil,"2010-06-27","203","0.134",
Austria,"2013-07-21","481",,
Ukraine,"2007-07-01","196",,
Chile,"2003-02-09","0",,
Mexico,"2009-11-29","1335","0.31",
Canada,"2009-11-22","3055",,
Peru,"2010-08-22","181",,
Ukraine,"2006-04-30","325",,
Russia,"2012-09-30","719",,
Brazil,"2010-03-28","166","0.586",
Germany,"2014-02-09","1149",,
Japan,"2003-04-20",NA,,
Chile,"2013-03-31","8",,
Austria,"2011-03-13","911",,
Norway,"2007-09-09","18",,
Japan,"2009-07-05","27",,
Belgium,"2007-07-29","14",,
Peru,"2006-02-05","192",,
Sweden,"2003-06-22",NA,,
Paraguay,"2004-07-11",NA,,
Hungary,"2003-12-21",NA,,
Argentina,"2004-05-23","240","0.036",
Sweden,"2012-08-12","1",,
Canada,"2011-05-15","775",,
United States,"2011-11-06","1797",,
Switzerland,"2010-05-09","7",,
Switzerland,"2005-04-10","17",,
Spain,"2007-11-18","47",,
Spain,"2005-06-05","17",,
Uruguay,"2009-10-04","108",,
Poland,"2004-01-25",NA,,
Hungary,"2013-01-13","104",,
United States,"2008-11-30","2045",,
Japan,"2005-01-16","78",,
South Africa,"2006-04-23","2398",,
Canada,"2005-07-24","732",,
Switzerland,"2004-08-01","7",,
Norway,"2006-10-29","25",,
New Zealand,"2008-12-07","13",,
Bulgaria,"2012-06-03","183",,
Netherlands,"2005-06-19","15",,
South Africa,"2005-02-13",NA,,
Austria,"2009-02-22","1095",,
Hungary,"2009-07-26","60",,
Chile,"2013-04-21","11",,
Japan,"2012-08-26","6",,
Germany,"2005-11-20","1243",,
Bolivia,"2011-01-23","112","0.058",
Peru,"2012-02-12","84",,
Sweden,"2003-03-02",NA,,
Romania,"2013-06-16","526",,
Bolivia,"2014-11-02","176","0.014",
Romania,"2009-07-12","547",,
Belgium,"2011-10-02","45",,
France,"2009-03-15","18",,
Hungary,"2011-01-16","192",,
Ukraine,"2004-08-01",NA,,
New Zealand,"2012-08-05","130",,
Uruguay,"2007-06-10","218",,
Bolivia,"2006-05-14","561","0.041",
Russia,"2011-07-31","170",,
Spain,"2009-10-11","126",,
Mexico,"2007-07-22","795","0.118",
Romania,"2012-02-05","762",,
Spain,"2007-04-08","35",,
Poland,"2013-11-10","24",,
Paraguay,"2003-08-17",NA,,
Ukraine,"2010-05-09","232",,
Ukraine,"2005-04-10",NA,,
Belgium,"2009-09-20","137",,
Paraguay,"2009-12-13","131",,
Norway,"2003-08-03",NA,,
Paraguay,"2015-04-12","280",,
Hungary,"2007-09-16","54",,
Brazil,"2005-06-19","333","0.05",
France,"2007-02-11","481",,
Canada,"2005-05-01","1451",,
Paraguay,"2003-06-08",NA,,
France,"2006-09-10","12",,
Netherlands,"2005-12-11","33",,
Switzerland,"2007-02-18","339",,
Australia,"2012-04-01","265",,
Peru,"2004-03-28","267",,
New Zealand,"2014-05-11","45",,
Argentina,"2012-11-18","98","0.041",
Brazil,"2006-12-17","151","0.05",
Spain,"2008-04-13","17",,
Romania,"2015-02-22","1248",,
Ukraine,"2007-10-07","428",,
Brazil,"2010-10-10","155","0.054",
Uruguay,"2006-08-13","194",,
Peru,"2012-04-29","150",,
Chile,"2005-09-11","3",,
United States,"2006-04-09","1363",,
Chile,"2007-11-11","3",,
Switzerland,"2005-09-18","14",,
Chile,"2008-05-18","25",,
Germany,"2013-10-13","888",,
Ukraine,"2010-10-17","542",,
Germany,"2008-02-24","1366",,
Austria,"2005-03-06","1246",,
Chile,"2003-01-12","1",,
South Africa,"2012-06-10","3775",,
Norway,"2004-02-15",NA,,
New Zealand,"2010-06-06","37",,
Switzerland,"2010-10-17","19",,
Japan,"2012-06-03","7",,
Argentina,"2007-08-26","269","0.022",
Peru,"2012-10-07","134",,
Russia,"2012-09-09","657",,
Ukraine,"2005-09-18",NA,,
Bulgaria,"2012-08-26","140",,
Austria,"2011-01-09","1089",,
Netherlands,"2006-12-17","27",,
Norway,"2004-10-31",NA,,
Poland,"2006-05-28","23",,
Russia,"2014-07-13","257",,
Poland,"2014-06-01","16",,
Bulgaria,"2005-01-16","812",,
Belgium,"2009-06-21","19",,
Australia,"2014-12-21","191",,
Bolivia,"2005-07-03","433","0.014",
Chile,"2004-09-26","2",,
Peru,"2013-05-05","142",,
Mexico,"2015-06-07","1011","0.147",
Brazil,"2005-12-11","188","0.027",
Hungary,"2005-12-04","59",,
Poland,"2012-01-15","34",,
Peru,"2005-05-08","345",,
Poland,"2008-07-13","11",,
Paraguay,"2003-02-23",NA,,
Germany,"2003-08-31",NA,,
Belgium,"2011-10-16","62",,
Argentina,"2005-03-27","145","0.031",
Russia,"2004-04-18",NA,,
Chile,"2010-01-10","1",,
Bulgaria,"2009-07-05","267",,
Switzerland,"2007-10-07","21",,
Spain,"2013-05-12","14",,
Bolivia,"2007-09-30","401","0.01",
Netherlands,"2010-10-10","25",,
Ukraine,"2007-02-18","1175",,
Germany,"2009-05-17","476",,
Hungary,"2008-08-17","32",,
Peru,"2008-09-21","275",,
Mexico,"2007-04-22","1112","0.068",
Uruguay,"2009-03-22","75",,
Germany,"2006-09-03","615",,
Brazil,"2010-10-03","145","0.065",
Poland,"2006-11-12","50",,
Belgium,"2013-04-07","78",,
Brazil,"2010-05-02","196","0.482",
Romania,"2008-06-08","595",,
Bulgaria,"2003-11-16",NA,,
New Zealand,"2015-07-19","43",,
South Africa,"2014-10-12","2878",,
Hungary,"2004-11-07",NA,,
Bulgaria,"2003-04-20",NA,,
France,"2005-04-24","20",,
Germany,"2004-01-04","1291",,
South Africa,"2006-06-25","3344",,
New Zealand,"2013-04-28","23",,
Uruguay,"2007-08-19","230",,
Chile,"2010-12-05","3",,
Argentina,"2010-04-18","127","0.142",
Germany,"2015-03-01","1746",,
France,"2013-12-22","107",,
United States,"2003-06-29",NA,,
Switzerland,"2013-12-08","54",,
Hungary,"2005-09-25","34",,
Belgium,"2009-04-26","68",,
Sweden,"2006-07-23","1",,
Sweden,"2014-02-02","15",,
Bolivia,"2011-05-01","279","0.076",
Australia,"2004-08-22",NA,,
Bolivia,"2003-07-06","480","0.029",
Chile,"2006-08-06","9",,
Russia,"2008-01-06","479",,
United States,"2010-01-17","1860",,
Netherlands,"2005-06-12","15",,
Belgium,"2006-02-26","263",,
Belgium,"2003-06-01",NA,,
Uruguay,"2004-12-19","99",,
Peru,"2004-11-21","320",,
Norway,"2015-04-05","56",,
New Zealand,"2014-04-20","28",,
Switzerland,"2010-02-07","29",,
United States,"2013-03-03","3504",,
Hungary,"2005-07-31","29",,
Belgium,"2011-12-18","80",,
New Zealand,"2009-02-15","12",,
Canada,"2011-08-07","180",,
Belgium,"2004-06-06","28",,
Japan,"2014-05-18","32",,
Japan,"2013-02-10","1659",,
Ukraine,"2010-02-07","403",,
Russia,"2009-06-07","204",,
Australia,"2003-03-23",NA,,
Ukraine,"2013-12-08","426",,
Norway,"2012-10-21","47",,
Netherlands,"2010-10-03","28",,
France,"2004-11-28","76",,
Netherlands,"2010-05-02","13",,
Russia,"2004-06-20",NA,,
Hungary,"2008-09-14","57",,
Japan,"2008-01-27","498",,
New Zealand,"2011-11-13","15",,
South Africa,"2013-01-27","1758",,
Brazil,"2005-06-12","288","0.056",
Chile,"2006-05-21","4",,
Sweden,"2012-07-29","1",,
Russia,"2008-02-03","552",,
Paraguay,"2010-02-14","96",,
Romania,"2009-04-19","746",,
Romania,"2008-05-11","612",,
Argentina,"2009-11-01","125","0.366",
Japan,"2002-12-29",NA,,
France,"2013-12-01","55",,
Bolivia,"2010-05-23","271","0.025",
Austria,"2008-10-26","861",,
Argentina,"2014-03-16","104","0.063",
Japan,"2007-07-08","2",,
Austria,"2014-07-27","509",,
Canada,"2006-11-26","2418",,
Australia,"2010-04-25","211",,
South Africa,"2011-07-03","3197",,
Russia,"2006-06-18","250",,
Canada,"2013-05-26","986",,
France,"2012-02-19","498",,
Brazil,"2006-04-23","311","0.217",
Brazil,"2005-02-13","197","0.086",
Switzerland,"2014-02-23","196",,
Sweden,"2014-04-20","5",,
Sweden,"2009-02-15","9",,
Hungary,"2010-08-01","33",,
Ukraine,"2012-12-16","440",,
New Zealand,"2006-07-23","68",,
Germany,"2015-05-03","523",,
New Zealand,"2014-02-02","12",,
Chile,"2014-07-06","154",,
Bolivia,"2010-01-31","134","0.022",
Peru,"2009-08-16","203",,
Chile,"2006-07-30","7",,
Canada,"2014-11-30","2892",,
Mexico,"2004-01-25","976","0.033",
Sweden,"2013-04-28","3",,
Paraguay,"2012-04-15","169",,
Bulgaria,"2010-10-24","655",,
Germany,"2004-04-11","695",,
Spain,"2015-01-25","1020",,
Canada,"2010-09-19","1409",,
Japan,"2003-05-25",NA,,
Sweden,"2015-07-19","1",,
Canada,"2005-05-29","1110",,
France,"2006-06-11","7",,
Bolivia,"2013-06-09","198","0.008",
Paraguay,"2009-10-25","189",,
Australia,"2009-04-12","188",,
Russia,"2008-11-16","452",,
Bolivia,"2013-11-03","178","0.012",
Paraguay,"2005-02-20",NA,,
Spain,"2004-05-30","9",,
Spain,"2011-05-08","6",,
Romania,"2003-07-13","541",,
Russia,"2011-11-20","414",,
France,"2006-07-02","5",,
Argentina,"2014-04-13","110","0.067",
Sweden,"2011-11-13","4",,
Japan,"2003-12-07","47",,
Spain,"2010-07-18","3",,
Netherlands,"2006-04-23","20",,
Romania,"2008-10-19","824",,
New Zealand,"2012-07-29","148",,
Argentina,"2005-06-26","264","0.022",
Mexico,"2013-11-10","1372","0.367",
Chile,"2007-01-21","2",,
Austria,"2003-10-19","727",,
South Africa,"2005-06-19",NA,,
Netherlands,"2005-02-13","119",,
Bolivia,"2008-08-10","322","0.007",
Paraguay,"2014-06-15","351",,
Canada,"2007-05-13","1054",,
Bolivia,"2004-10-24","413","0.021",
Chile,"2013-08-25","28",,
Switzerland,"2012-12-16","95",,
Russia,"2003-11-30",NA,,
Poland,"2007-07-22","10",,
Spain,"2015-07-26","7",,
Canada,"2011-10-30","1926",,
Austria,"2006-03-19","1054",,
Hungary,"2005-12-25","57",,
Norway,"2007-12-09","38",,
Paraguay,"2003-01-05",NA,,
Bulgaria,"2010-11-14","685",,
Chile,"2014-12-14","4",,
Ukraine,"2014-02-23","564",,
Belgium,"2007-04-29","32",,
Poland,"2008-07-06","12",,
Norway,"2008-12-14","101",,
Norway,"2005-08-07","19",,
Sweden,"2010-06-06","1",,
Switzerland,"2013-11-17","43",,
Bulgaria,"2005-04-03","959",,
Canada,"2003-04-27",NA,,
Paraguay,"2006-01-15","260",,
France,"2007-04-15","11",,
Japan,"2008-10-12","9",,
Romania,"2015-04-19","681",,
Australia,"2013-09-01","719",,
Mexico,"2012-10-14","1135","0.316",
France,"2004-10-17","51",,
Japan,"2009-04-05","64",,
Bolivia,"2007-06-10","524","0.029",
Bulgaria,"2003-05-04",NA,,
Uruguay,"2006-05-14","133",,
Spain,"2006-03-12","132",,
United States,"2014-04-27","1467",,
Bulgaria,"2006-12-31","1291",,
Bulgaria,"2014-12-07","503",,
Ukraine,"2012-06-17","180",,
South Africa,"2011-07-24","3078",,
Spain,"2004-04-25","12",,
Japan,"2011-05-29","11",,
Netherlands,"2014-12-28","90",,
Peru,"2003-04-13","508",,
South Africa,"2015-01-11","2067",,
Romania,"2012-11-25","616",,
Canada,"2011-09-04","372",,
Peru,"2005-08-14","339",,
Brazil,"2011-12-11","110","0.087",
France,"2005-09-04","13",,
Uruguay,"2014-11-02","81",,
Hungary,"2011-02-13","316",,
Brazil,"2009-01-11","140","0.117",
Sweden,"2014-05-11","3",,
Germany,"2003-03-09",NA,,
Japan,"2010-02-28","21",,
Austria,"2008-06-29","520",,
Romania,"2005-01-30","884",,
Belgium,"2014-03-09","196",,
Poland,"2009-11-29","273",,
Russia,"2014-10-05","791",,
South Africa,"2010-06-27","3300",,
United States,"2008-12-28","2100",,
Uruguay,"2011-01-23","60",,
Peru,"2003-03-16","350",,
Romania,"2009-09-06","590",,
Japan,"2009-05-03","122",,
Argentina,"2015-03-15","96","0.135",
France,"2013-10-27","19",,
Belgium,"2013-06-02","26",,
South Africa,"2010-03-28","2288",,
France,"2005-08-21","9",,
Switzerland,"2012-06-17","17",,
Belgium,"2010-03-14","54",,
Austria,"2006-09-24","647",,
Mexico,"2006-10-22","1163","0.166",
Peru,"2005-03-13","226",,
Bolivia,"2009-10-04","271","0.048",
Netherlands,"2009-01-11","153",,
Japan,"2013-01-06","1342",,
Netherlands,"2011-12-11","44",,
Japan,"2006-12-10","37",,
Bulgaria,"2012-05-27","173",,
Austria,"2012-03-25","814",,
Brazil,"2014-12-28","127","0.077",
Ukraine,"2013-11-17","397",,
Austria,"2009-01-25","2507",,
Bolivia,"2009-03-22","307","0.399",
Belgium,"2005-07-17","24",,
Spain,"2008-02-17","71",,
Bulgaria,"2006-12-10","1090",,
Paraguay,"2006-10-01","400",,
Bulgaria,"2013-01-06","389",,
Germany,"2009-06-14","443",,
United States,"2015-04-26","1353",,
Netherlands,"2011-07-03","12",,
New Zealand,"2003-03-02",NA,,
Canada,"2014-11-16","2548",,
Ukraine,"2003-10-05",NA,,
Paraguay,"2009-09-13","246",,
Netherlands,"2013-01-27","270",,
United States,"2012-12-30","8618",,
Sweden,"2008-12-07","5",,
Uruguay,"2007-09-30","126",,
France,"2004-12-05","95",,
Australia,"2010-02-21","136",,
Russia,"2003-11-23",NA,,
Japan,"2012-05-27","10",,
Russia,"2010-07-04","213",,
South Africa,"2010-10-03","2289",,
Paraguay,"2008-06-01","457",,
New Zealand,"2012-08-12","110",,
Bulgaria,"2009-05-03","546",,
Belgium,"2004-07-04","11",,
Brazil,"2014-10-12","170","0.061",
South Africa,"2010-05-02","2799",,
Bulgaria,"2010-02-28","548",,
Uruguay,"2005-07-03","130",,
Paraguay,"2007-10-28","219",,
Canada,"2010-11-21","1815",,
Austria,"2008-08-03","416",,
Spain,"2012-11-11","26",,
Australia,"2012-09-16","495",,
Norway,"2007-11-25","39",,
New Zealand,"2003-06-22",NA,,
Peru,"2013-02-17","103",,
Brazil,"2006-06-25","378","0.066",
Mexico,"2006-11-12","1372","0.108",
Brazil,"2013-01-27","112","0.178",
Japan,"2014-12-07","570",,
Russia,"2005-10-23","329",,
Bulgaria,"2011-05-29","277",,
Austria,"2007-03-11","1053",,
Romania,"2005-01-09","840",,
Hungary,"2014-06-08","43",,
Chile,"2009-12-06","3",,
South Africa,"2005-06-12",NA,,
Japan,"2003-05-04",NA,,
Paraguay,"2015-05-10","329",,
Hungary,"2010-01-03","108",,
Bulgaria,"2009-04-05","547",,
Romania,"2005-10-16","863",,
Japan,"2006-12-31","26",,
Peru,"2012-12-09","108",,
Austria,"2014-04-06","950",,
Norway,"2015-08-02","29",,
Hungary,"2013-10-20","49",,
Hungary,"2013-09-29","65",,
Brazil,"2011-07-03","181","0.076",
Bolivia,"2006-08-13","359","0.005",
Japan,"2005-04-03","111",,
Sweden,"2012-08-05","1",,
Chile,"2011-03-06","2",,
Australia,"2011-01-30","92",,
Australia,"2008-05-25","497",,
Netherlands,"2006-06-25","17",,
Chile,"2003-06-15","3",,
Austria,"2009-08-09","467",,
Romania,"2008-05-04","650",,
Austria,"2014-01-05","1095",,
Switzerland,"2003-10-05",NA,,
Bulgaria,"2008-10-12","769",,
Germany,"2010-12-19","896",,
Netherlands,"2014-10-12","31",,
Spain,"2003-09-21",NA,,
South Africa,"2010-10-10","2165",,
Russia,"2009-08-23","264",,
Ukraine,"2008-10-05","469",,
Spain,"2006-05-07","25",,
Austria,"2013-05-19","607",,
Uruguay,"2010-05-23","97",,
Paraguay,"2012-12-23","119",,
Chile,"2008-07-27","4",,
Austria,"2010-03-21","640",,
Brazil,"2012-06-10","187","0.113",
Japan,"2010-11-14","45",,
Peru,"2014-08-31","141",,
Spain,"2014-10-19","30",,
Spain,"2010-08-08","4",,
United States,"2014-11-23","1784",,
Switzerland,"2010-03-07","15",,
Germany,"2009-11-08","1687",,
Ukraine,"2009-07-19","225",,
Argentina,"2012-03-18","79","0.07",
United States,"2015-07-12","770",,
Switzerland,"2004-05-09","8",,
United States,"2004-05-16","663",,
United States,"2015-02-08","3445",,
Australia,"2011-04-17","170",,
Switzerland,"2013-08-04","27",,
Chile,"2012-07-08","43",,
Canada,"2006-10-15","1864",,
Germany,"2013-06-30","375",,
South Africa,"2006-12-17","1626",,
Belgium,"2003-01-26",NA,,
Bulgaria,"2003-12-07",NA,,
Norway,"2007-04-01","25",,
Poland,"2007-04-22","36",,
Netherlands,"2012-06-10","17",,
Japan,"2010-10-24","18",,
France,"2013-03-10","73",,
United States,"2007-05-06","931",,
Belgium,"2012-02-26","414",,
Australia,"2006-12-03","128",,
Bolivia,"2004-12-19","355","0.016",
Austria,"2012-09-23","830",,
Uruguay,"2003-07-06","205",,
Ukraine,"2004-05-09",NA,,
Bulgaria,"2003-05-25",NA,,
Germany,"2013-02-24","1752",,
United States,"2006-06-04","818",,
Switzerland,"2009-07-19","60",,
Australia,"2015-01-04","186",,
Ukraine,"2013-08-04","286",,
Hungary,"2012-07-22","28",,
Paraguay,"2004-10-10",NA,,
Uruguay,"2011-05-01","73",,
Poland,"2015-06-07","15",,
Peru,"2005-10-02","349",,
Austria,"2014-01-12","1042",,
Bolivia,"2007-08-19","588","0.019",
Ukraine,"2010-03-07","381",,
New Zealand,"2011-08-14","62",,
Mexico,"2012-01-15","1517","0.06",
Russia,"2009-05-24","270",,
Mexico,"2008-07-13","712","0.131",
Austria,"2010-09-26","867",,
Mexico,"2006-05-28","823","0.067",
Russia,"2004-03-07",NA,,
South Africa,"2005-12-11",NA,,
France,"2014-11-09","24",,
Sweden,"2011-09-25","2",,
Norway,"2007-02-25","149",,
Mexico,"2014-06-01","1091","0.131",
Switzerland,"2008-10-05","27",,
Paraguay,"2015-02-08","157",,
Chile,"2003-11-02","2",,
Russia,"2011-08-28","229",,
Bulgaria,"2014-11-09","569",,
Germany,"2010-03-14","699",,
Paraguay,"2004-05-16",NA,,
Australia,"2003-09-07",NA,,
Australia,"2003-02-16",NA,,
Paraguay,"2015-07-12","398",,
Romania,"2012-08-05","517",,
Spain,"2004-08-29","11",,
Canada,"2013-06-09","835",,
Canada,"2013-11-03","2031",,
New Zealand,"2009-07-12","190",,
Argentina,"2006-10-29","174","0.024",
South Africa,"2009-03-01","2066",,
Chile,"2012-03-04","2",,
Australia,"2004-08-15",NA,,
Japan,"2012-02-19","2341",,
Sweden,"2008-05-04","2",,
New Zealand,"2013-06-16","46",,
Brazil,"2009-03-29","215","0.403",
United States,"2012-12-23","7904",,
France,"2003-05-25",NA,,
Bolivia,"2011-10-30","200","0.018",
Germany,"2014-03-09","1018",,
Japan,"2006-06-11","13",,
Norway,"2004-05-23",NA,,
Sweden,"2005-10-16",NA,,
Sweden,"2005-01-09",NA,,
Ukraine,"2013-12-29","475",,
Switzerland,"2010-07-25","7",,
Hungary,"2008-06-15","33",,
Peru,"2007-07-22","261",,
Argentina,"2007-09-09","188","0.019",
Paraguay,"2014-11-23","227",,
Canada,"2008-08-10","577",,
Brazil,"2007-12-16","173","0.116",
Bolivia,"2007-05-13","421","0.059",
Canada,"2004-10-24","2014",,
Hungary,"2013-12-15","59",,
Chile,"2007-08-12","7",,
New Zealand,"2012-02-05","11",,
Bulgaria,"2013-03-10","656",,
Germany,"2013-06-02","451",,
Switzerland,"2007-05-20","14",,
Netherlands,"2013-07-14","18",,
Chile,"2012-04-08","8",,
Argentina,"2003-08-03","235","0.024",
Netherlands,"2009-03-29","23",,
Mexico,"2012-02-12","1325","0.06",
France,"2003-12-07","634",,
Ukraine,"2007-05-20","226",,
Bolivia,"2013-05-26","166","0.008",
Hungary,"2008-02-10","219",,
Belgium,"2003-03-09",NA,,
Uruguay,"2009-11-22","72",,
Chile,"2011-07-17","10",,
Japan,"2006-07-02","5",,
Switzerland,"2013-12-29","72",,
Ukraine,"2010-07-25","244",,
South Africa,"2006-04-02","2312",,
Spain,"2012-01-29","90",,
Bolivia,"2010-09-19","275","0.011",
Poland,"2009-08-16","18",,
Netherlands,"2007-12-16","37",,
Paraguay,"2007-05-06","427",,
Brazil,"2013-07-14","199","0.064",
Uruguay,"2007-10-14","138",,
Bolivia,"2005-05-29","427","0.041",
Chile,"2007-01-14","2",,
Canada,"2010-01-31","1757",,
Mexico,"2006-02-05","1169","0.031",
United States,"2004-10-10","1408",,
Australia,"2007-12-02","156",,
Bolivia,"2014-11-30","145","0.005",
Paraguay,"2006-06-04","313",,
Romania,"2008-12-07","739",,
Austria,"2006-08-20","517",,
Spain,"2008-03-23","27",,
Peru,"2009-11-29","188",,
United States,"2007-10-28","1512",,
Ukraine,"2011-02-20","637",,
Austria,"2011-02-27","972",,
Austria,"2013-04-14","774",,
Mexico,"2010-08-22","785","0.227",
Poland,"2003-03-16",NA,,
Ukraine,"2009-08-30","356",,
Uruguay,"2005-07-24","159",,
Argentina,"2010-09-05","153","0.039",
France,"2008-10-12","53",,
Japan,"2007-04-15","117",,
United States,"2008-06-01","770",,
Australia,"2003-09-28",NA,,
Romania,"2011-09-25","586",,
Chile,"2011-03-20","5",,
Germany,"2007-04-29","468",,
Austria,"2008-07-20","464",,
Netherlands,"2004-09-19","24",,
Chile,"2013-07-28","40",,
South Africa,"2011-04-24","2532",,
Spain,"2014-05-04","20",,
Argentina,"2014-01-19","72","0.082",
Japan,"2005-09-04","1",,
Poland,"2005-03-13","267",,
United States,"2006-10-01","1178",,
Paraguay,"2015-04-26","323",,
Australia,"2011-06-26","422",,
France,"2011-05-29","2",,
Switzerland,"2004-01-11","252",,
Chile,"2015-07-05","25",,
Canada,"2009-10-04","4154",,
Austria,"2004-10-03","732",,
United States,"2009-09-13","3790",,
Paraguay,"2012-12-30","127",,
Japan,"2004-10-17","7",,
France,"2009-04-05","12",,
Norway,"2004-12-12","12",,
New Zealand,"2003-11-09",NA,,
Uruguay,"2011-05-15","97",,
Netherlands,"2008-01-13","60",,
Ukraine,"2004-01-11",NA,,
Japan,"2005-08-21","2",,
Russia,"2011-04-10","437",,
Peru,"2008-07-06","247",,
Belgium,"2004-04-11","24",,
Brazil,"2004-09-19","293","0.022",
Japan,"2013-10-27","36",,
Mexico,"2007-03-04","1777","0.071",
Hungary,"2013-10-06","53",,
France,"2009-05-03","14",,
Uruguay,"2005-05-01","140",,
Spain,"2011-04-03","10",,
Chile,"2008-04-06","6",,
Mexico,"2006-07-09","759","0.084",
France,"2010-02-28","15",,
Bolivia,"2003-04-27","525","0.097",
Russia,"2008-04-20","336",,
Russia,"2011-02-06","1754",,
Chile,"2012-07-01","60",,
United States,"2015-05-10","1144",,
Bolivia,"2011-09-04","253","0.012",
Bulgaria,"2004-12-05",NA,,
Brazil,"2008-01-13","172","0.204",
Poland,"2003-04-13",NA,,
Argentina,"2012-07-15","152","0.012",
Belgium,"2015-05-03","44",,
Canada,"2007-06-10","776",,
Hungary,"2014-06-22","32",,
Poland,"2005-08-14","12",,
France,"2006-12-10","85",,
Hungary,"2014-03-02","299",,
Switzerland,"2011-02-20","99",,
Norway,"2007-03-18","38",,
Argentina,"2005-05-15","193","0.022",
France,"2013-01-06","277",,
Switzerland,"2009-08-30","52",,
France,"2012-05-27","4",,
Chile,"2004-02-29","1",,
Argentina,"2015-04-05","120","0.183",
Paraguay,"2014-04-27","222",,
Japan,"2004-12-05","41",,
Canada,"2006-08-13","774",,
Australia,"2009-10-18","203",,
Brazil,"2012-08-19","166","0.05",
Poland,"2012-12-09","49",,
South Africa,"2005-01-23",NA,,
Ukraine,"2006-01-22","359",,
Hungary,"2010-05-16","42",,
Russia,"2013-03-24","873",,
Bulgaria,"2013-10-27","413",,
Brazil,"2012-05-06","176","0.197",
Sweden,"2003-07-13",NA,,
Bulgaria,"2005-08-21","430",,
Germany,"2012-02-26","1123",,
Norway,"2010-04-18","28",,
Chile,"2013-08-11","41",,
New Zealand,"2009-04-19","19",,
New Zealand,"2008-05-11","20",,
Ukraine,"2004-02-08",NA,,
Belgium,"2013-02-24","494",,
Sweden,"2008-10-19","2",,
Switzerland,"2009-01-04","293",,
Switzerland,"2004-08-08","7",,
Australia,"2007-06-03","520",,
Romania,"2011-11-13","653",,
United States,"2006-01-15","1998",,
Netherlands,"2012-08-19","14",,
Ukraine,"2009-01-04","410",,
Ukraine,"2004-08-08",NA,,
Switzerland,"2004-02-08","37",,
Norway,"2014-03-16","96",,
Romania,"2013-04-28","595",,
Belgium,"2009-11-08","327",,
Mexico,"2004-11-21","1141","0.072",
Spain,"2004-01-18","18",,
Bulgaria,"2005-09-04","506",,
Australia,"2003-03-30",NA,,
Canada,"2009-03-22","2120",,
Spain,"2011-05-22","5",,
Bulgaria,"2004-10-17",NA,,
Germany,"2003-01-26",NA,,
South Africa,"2003-12-28",NA,,
France,"2003-05-04",NA,,
New Zealand,"2008-06-08","42",,
France,"2006-12-31","209",,
Romania,"2015-07-19","508",,
Belgium,"2013-06-30","15",,
France,"2014-12-07","78",,
Hungary,"2006-03-26","128",,
Bolivia,"2014-11-16","167","0.018",
Norway,"2009-11-01","751",,
Romania,"2009-02-15","883",,
Bulgaria,"2007-04-15","617",,
Romania,"2014-04-20","640",,
Argentina,"2012-10-21","122","0.036",
Paraguay,"2008-12-28","163",,
South Africa,"2009-12-20","1722",,
Switzerland,"2006-01-22","38",,
South Africa,"2006-09-17","3072",,
Russia,"2008-08-31","224",,
Hungary,"2009-02-08","472",,
Bolivia,"2010-11-21","222","0.017",
Poland,"2013-02-17","69",,
Netherlands,"2012-05-06","20",,
France,"2005-04-03","34",,
United States,"2012-04-15","1785",,
Mexico,"2008-09-21","953","0.208",
Peru,"2007-04-22","315",,
Argentina,"2004-02-15","102","0.046",
France,"2010-11-14","18",,
Chile,"2005-11-13","6",,
Ukraine,"2014-05-25","197",,
Belgium,"2010-12-19","195",,
Canada,"2004-12-19","3099",,
Hungary,"2011-12-25","47",,
Australia,"2014-08-17","2338",,
Sweden,"2009-09-06","20",,
Mexico,"2013-05-05","966","0.094",
Peru,"2015-06-07","160",,
Netherlands,"2007-08-05","12",,
Spain,"2006-02-12","41",,
Poland,"2005-10-02","75",,
Mexico,"2005-05-08","854","0.056",
Ukraine,"2005-02-27",NA,,
Switzerland,"2005-11-27","27",,
Sweden,"2005-01-30",NA,,
Switzerland,"2011-06-19","5",,
Canada,"2007-08-19","668",,
Chile,"2005-10-09","5",,
Mexico,"2012-10-07","1112","0.314",
Bulgaria,"2006-07-02","711",,
Ukraine,"2008-11-09","507",,
Norway,"2012-11-18","61",,
Netherlands,"2013-02-03","174",,
New Zealand,"2015-02-22","22",,
Germany,"2004-07-04","448",,
Austria,"2010-11-28","722",,
Chile,"2015-03-22","7",,
Ukraine,"2011-06-19","170",,
United States,"2014-06-15","1054",,
Hungary,"2010-09-12","67",,
Switzerland,"2008-11-09","42",,
Bulgaria,"2006-06-11","688",,
Japan,"2013-03-10","503",,
Romania,"2014-05-11","602",,
Uruguay,"2006-11-26","126",,
United States,"2003-01-05",NA,,
Sweden,"2012-11-25","5",,
Mexico,"2012-04-29","816","0.07",
Ukraine,"2005-11-27","461",,
Poland,"2014-08-31","8",,
France,"2010-10-24","21",,
Hungary,"2006-01-08","60",,
Switzerland,"2005-02-27","166",,
Spain,"2015-06-21","8",,
Russia,"2010-06-20","249",,
Belgium,"2009-06-14","31",,
Uruguay,"2011-08-07","174",,
Switzerland,"2014-05-25","23",,
Germany,"2005-07-17","442",,
Romania,"2010-06-06","525",,
Brazil,"2013-02-03","116","0.182",
South Africa,"2005-07-10",NA,,
United States,"2009-10-25","6533",,
Japan,"2014-11-09","67",,
Norway,"2005-03-27","70",,
United States,"2005-02-20","3540",,
South Africa,"2003-05-18",NA,,
Bulgaria,"2012-02-19","496",,
Chile,"2005-10-30","8",,
Norway,"2007-08-26","14",,
Brazil,"2007-08-05","254","0.045",
Argentina,"2004-10-31","167","0.029",
Mexico,"2004-03-28","880","0.052",
Sweden,"2015-04-19","7",,
Bolivia,"2006-10-15","391","0.029",
Uruguay,"2014-11-30","75",,
Austria,"2011-12-04","782",,
Chile,"2014-09-21","15",,
Bulgaria,"2013-12-01","367",,
Paraguay,"2003-06-29",NA,,
Austria,"2010-08-15","476",,
Bolivia,"2007-10-14","467","0.03",
Peru,"2006-10-22","300",,
New Zealand,"2009-09-06","48",,
Mexico,"2005-03-13","1091","0.051",
Japan,"2015-05-31","14",,
Germany,"2009-09-20","697",,
Uruguay,"2005-05-29","137",,
Paraguay,"2013-03-03","143",,
Uruguay,"2010-09-19","158",,
Russia,"2010-05-30","295",,
Paraguay,"2010-01-17","108",,
Hungary,"2011-09-18","43",,
New Zealand,"2005-01-30",NA,,
Ukraine,"2007-02-04","775",,
Bolivia,"2009-11-22","209","0.043",
Switzerland,"2013-03-17","133",,
Uruguay,"2013-05-26","138",,
Bulgaria,"2004-11-28",NA,,
Germany,"2011-10-02","611",,
Japan,"2009-12-27","333",,
Chile,"2012-10-28","7",,
Switzerland,"2014-02-16","257",,
Switzerland,"2006-12-24","32",,
Poland,"2010-08-22","6",,
Japan,"2010-06-13","4",,
Argentina,"2008-12-14","102","0.012",
Argentina,"2005-08-07","202","0.019",
Japan,"2012-03-11","516",,
Brazil,"2011-04-24","204","0.366",
Mexico,"2003-03-16",NA,"0.064",
Japan,"2008-03-30","19",,
Spain,"2011-06-05","5",,
United States,"2010-02-14","2000",,
Ukraine,"2014-02-16","583",,
Japan,"2011-06-12","6",,
Ukraine,"2006-12-24","427",,
Mexico,"2005-08-14","641","0.136",
New Zealand,"2015-04-19","15",,
South Africa,"2008-01-13","1799",,
Uruguay,"2007-05-13","127",,
Japan,"2008-09-28","5",,
Japan,"2007-11-04","34",,
Bulgaria,"2013-12-22","618",,
Ukraine,"2013-03-17","619",,
Belgium,"2005-11-20","185",,
Switzerland,"2007-02-04","322",,
Chile,"2008-09-07","6",,
Uruguay,"2011-10-30","75",,
Austria,"2008-03-02","897",,
Mexico,"2003-04-13",NA,"0.055",
Australia,"2015-02-01","152",,
France,"2003-04-20",NA,,
Norway,"2015-03-15","64",,
Germany,"2007-07-29","446",,
Bulgaria,"2005-04-24","746",,
New Zealand,"2012-11-25","21",,
Peru,"2012-10-14","129",,
Netherlands,"2011-04-24","12",,
Poland,"2006-07-09","16",,
South Africa,"2004-09-19",NA,,
Sweden,"2015-02-22","33",,
Austria,"2007-01-28","1250",,
Japan,"2013-09-08","5",,
Australia,"2005-01-02",NA,,
France,"2003-11-16","274",,
Russia,"2009-09-27","583",,
Poland,"2007-03-04","232",,
Hungary,"2014-08-03","24",,
Sweden,"2009-04-19","2",,
Sweden,"2008-05-11","2",,
Paraguay,"2006-04-09","207",,
New Zealand,"2008-10-19","21",,
Ukraine,"2006-07-16","204",,
Germany,"2014-01-26","916",,
Romania,"2012-07-29","529",,
Switzerland,"2003-07-27",NA,,
Canada,"2006-05-14","1173",,
Austria,"2007-12-23","1025",,
Canada,"2014-11-02","2554",,
South Africa,"2007-12-16","1725",,
France,"2009-07-05","7",,
New Zealand,"2003-07-13",NA,,
Russia,"2009-05-10","353",,
Belgium,"2014-02-09","388",,
Uruguay,"2011-09-04","141",,
Ukraine,"2004-07-25",NA,,
Australia,"2004-07-18",NA,,
Uruguay,"2003-04-27","104",,
Hungary,"2011-01-02","103",,
Netherlands,"2006-04-02","31",,
Peru,"2013-11-10","135",,
Russia,"2014-08-10","264",,
Bolivia,"2005-05-01","401","0.044",
France,"2012-08-26","3",,
Belgium,"2008-06-22","19",,
Brazil,"2009-03-01","193","0.377",
France,"2005-01-16","232",,
South Africa,"2009-03-29","2498",,
Australia,"2007-09-23","499",,
Poland,"2006-02-05","55",,
Spain,"2006-10-08","42",,
Bolivia,"2011-05-15","297","0.05",
Australia,"2011-10-09","274",,
Argentina,"2007-12-09","108","0.019",
Romania,"2006-07-23","582",,
Romania,"2014-02-02","732",,
South Africa,"2013-07-14","2983",,
Austria,"2014-03-23","1183",,
Australia,"2007-07-15","1495",,
Switzerland,"2004-07-25","6",,
Germany,"2015-06-14","414",,
Mexico,"2009-08-16","653","0.218",
Japan,"2009-03-15","251",,
Peru,"2004-01-25","284",,
Russia,"2007-12-30","505",,
Austria,"2008-03-09","849",,
Japan,"2007-02-11","332",,
Spain,"2004-05-02","13",,
Sweden,"2008-06-08","1",,
Canada,"2011-01-23","3162",,
Russia,"2012-01-08","448",,
Norway,"2005-06-26","15",,
Netherlands,"2009-03-01","45",,
Switzerland,"2006-07-16","9",,
Bulgaria,"2006-09-10","502",,
Bolivia,"2005-07-24","346","0.007",
United States,"2003-02-23",NA,,
Norway,"2014-04-13","45",,
Belgium,"2004-02-22","44",,
Brazil,"2006-04-02","253","0.155",
Russia,"2004-04-04",NA,,
Ukraine,"2003-07-27",NA,,
Poland,"2012-02-12","34",,
Poland,"2012-10-07","39",,
Canada,"2005-07-03","892",,
Peru,"2006-05-28","364",,
Uruguay,"2010-11-21","96",,
Chile,"2005-08-28","3",,
Spain,"2008-01-20","98",,
Switzerland,"2005-12-18","21",,
Peru,"2014-06-01","140",,
Russia,"2005-11-06","417",,
Paraguay,"2008-11-30","196",,
Australia,"2015-01-18","155",,
Argentina,"2007-04-01","129","0.301",
Bulgaria,"2007-02-11","1540",,
Sweden,"2003-11-09",NA,,
Poland,"2013-05-05","19",,
Mexico,"2005-10-02","822","0.156",
Norway,"2012-03-18","112",,
Chile,"2007-06-24","34",,
Japan,"2006-09-10","2",,
Netherlands,"2003-05-18",NA,,
Netherlands,"2005-07-10","13",,
Peru,"2012-01-15","92",,
Poland,"2005-05-08","36",,
Peru,"2008-07-13","231",,
United States,"2004-07-11","597",,
Russia,"2012-12-02","765",,
Uruguay,"2014-11-16","90",,
Germany,"2004-06-06","429",,
Poland,"2008-09-21","68",,
Australia,"2010-08-29","543",,
Chile,"2014-10-26","7",,
Paraguay,"2011-11-06","151",,
Romania,"2011-08-14","473",,
Spain,"2009-03-08","23",,
Bulgaria,"2009-03-15","806",,
Canada,"2007-09-30","1465",,
Germany,"2009-04-26","516",,
Russia,"2011-09-11","415",,
United States,"2003-08-17",NA,,
South Africa,"2013-02-03","1854",,
Argentina,"2007-02-25","102","0.195",
Brazil,"2005-07-10","259","0.034",
Brazil,"2003-05-18","361","0.109",
Poland,"2004-03-28",NA,,
Germany,"2006-02-26","1162",,
Germany,"2003-06-01",NA,,
South Africa,"2007-08-05","3889",,
United States,"2003-06-08",NA,,
Austria,"2015-03-29","1094",,
France,"2012-06-03","3",,
Hungary,"2007-09-02","28",,
Spain,"2004-09-05","11",,
Germany,"2011-12-18","914",,
United States,"2015-04-12","1560",,
Spain,"2005-05-22","22",,
United States,"2009-12-13","2032",,
Chile,"2012-06-24","76",,
Chile,"2010-11-07","6",,
Mexico,"2014-08-31","982","0.211",
Poland,"2012-04-29","22",,
Germany,"2013-04-07","800",,
Austria,"2011-07-10","357",,
Austria,"2003-05-11",NA,,
Belgium,"2004-01-04","119",,
Russia,"2013-08-18","305",,
Belgium,"2015-03-01","314",,
Ukraine,"2005-12-18","422",,
Paraguay,"2013-01-20","140",,
Australia,"2004-11-14",NA,,
Uruguay,"2006-10-15","141",,
Argentina,"2007-11-25","144","0.024",
Japan,"2005-04-24","30",,
Sweden,"2012-02-05","11",,
South Africa,"2012-05-06","2734",,
Netherlands,"2006-09-17","28",,
Spain,"2005-02-06","88",,
Belgium,"2009-05-17","56",,
New Zealand,"2005-10-16",NA,,
Bulgaria,"2013-09-08","158",,
Bolivia,"2011-08-07","223","0.007",
New Zealand,"2005-01-09",NA,,
Netherlands,"2009-12-20","26",,
Belgium,"2006-09-03","21",,
Austria,"2013-07-07","546",,
Paraguay,"2008-11-23","200",,
Mexico,"2012-12-09","1627","0.117",
Bulgaria,"2008-09-28","525",,
Canada,"2010-05-23","715",,
Sweden,"2009-07-12","3",,
Netherlands,"2003-12-28","102",,
Australia,"2010-07-11","323",,
New Zealand,"2008-05-04","23",,
Bolivia,"2006-11-26","361","0.022",
Bulgaria,"2008-03-30","897",,
Bulgaria,"2011-06-12","227",,
Sweden,"2013-06-16","1",,
Paraguay,"2013-09-15","227",,
Brazil,"2005-01-23","163","0.062",
Australia,"2012-11-04","198",,
Paraguay,"2003-08-10",NA,,
South Africa,"2012-08-19","3890",,
Germany,"2009-06-21","409",,
Ukraine,"2015-08-09","247",,
Japan,"2013-12-22","299",,
Belgium,"2003-08-31",NA,,
Germany,"2011-10-16","817",,
Bulgaria,"2007-11-04","662",,
Ukraine,"2008-03-16","478",,
Austria,"2011-11-27","865",,
Japan,"2004-11-28","35",,
Bulgaria,"2009-12-27","863",,
Switzerland,"2008-03-16","54",,
Mexico,"2013-02-17","1588","0.084",
Brazil,"2009-12-20","110","0.108",
Peru,"2006-11-12","287",,
Switzerland,"2015-08-09","21",,
Austria,"2007-03-25","783",,
Belgium,"2008-02-24","275",,
Russia,"2008-12-21","437",,
Belgium,"2013-10-13","66",,
France,"2014-05-18","5",,
France,"2013-02-10","1099",,
Bulgaria,"2012-03-11","476",,
Romania,"2003-03-02","864",,
Australia,"2011-03-27","201",,
Brazil,"2006-09-17","267","0.043",
Chile,"2004-03-14","4",,
Bulgaria,"2010-06-13","282",,
Spain,"2014-09-14","5",,
Russia,"2003-09-14",NA,,
Netherlands,"2005-01-23","43",,
Paraguay,"2009-05-31","359",,
Romania,"2003-06-22","553",,
Argentina,"2015-08-02","211","0.024",
France,"2002-12-29",NA,,
Hungary,"2014-09-07","40",,
France,"2007-07-08","7",,
Japan,"2013-12-01","142",,
Brazil,"2003-12-28","155","0.049",
United States,"2010-12-26","2917",,
Poland,"2004-11-21","49",,
Canada,"2011-05-01","879",,
Canada,"2003-07-06",NA,,
Romania,"2012-08-12","521",,
France,"2008-01-27","424",,
Paraguay,"2005-04-17",NA,,
Paraguay,"2003-10-26",NA,,
Bulgaria,"2015-05-31","294",,
United States,"2005-03-20","2024",,
Sweden,"2005-09-18",NA,,
Uruguay,"2015-03-29","104",,
Spain,"2005-04-24","24",,
Canada,"2014-01-05","5766",,
Hungary,"2005-03-13","402",,
Canada,"2009-08-09","1015",,
Romania,"2007-02-04","1174",,
Mexico,"2011-09-18","709","0.131",
New Zealand,"2013-11-17","23",,
United States,"2012-10-28","2349",,
Paraguay,"2010-12-05","168",,
Japan,"2005-02-06","856",,
Belgium,"2007-12-30","156",,
Paraguay,"2006-08-06","387",,
Bulgaria,"2011-06-05","249",,
United States,"2014-09-21","1164",,
Argentina,"2011-07-24","146","0.029",
Uruguay,"2003-05-11","122",,
Brazil,"2004-12-12","172","0.033",
Canada,"2014-04-06","2120",,
Hungary,"2003-03-16",NA,,
Australia,"2009-08-02","869",,
Belgium,"2012-01-08","72",,
Australia,"2004-06-13",NA,,
Spain,"2013-12-22","111",,
Sweden,"2007-02-18","11",,
Argentina,"2015-01-11","69","0.034",
Uruguay,"2011-07-10","138",,
Netherlands,"2007-03-18","46",,
Canada,"2007-03-11","2311",,
Belgium,"2004-04-04","21",,
Russia,"2004-02-22",NA,,
Argentina,"2010-06-27","211","0.048",
Hungary,"2003-04-13",NA,,
Spain,"2004-11-28","31",,
Austria,"2010-11-21","691",,
Canada,"2008-08-03","474",,
Hungary,"2005-08-14","27",,
Poland,"2014-06-22","14",,
Argentina,"2010-03-28","95","0.229",
Poland,"2014-03-02","84",,
Japan,"2014-09-14","9",,
Norway,"2004-09-19",NA,,
Germany,"2012-09-30","743",,
Sweden,"2007-10-07","3",,
South Africa,"2015-03-15","2626",,
Russia,"2014-02-09","802",,
Peru,"2011-02-13","96",,
Belgium,"2009-05-10","63",,
Australia,"2007-01-07","128",,
New Zealand,"2012-06-17","61",,
Chile,"2010-02-14","2",,
Spain,"2013-12-01","32",,
Belgium,"2014-08-10","14",,
Paraguay,"2006-05-21","276",,
Romania,"2014-02-16","791",,
Romania,"2006-12-24","1256",,
Brazil,"2007-03-18","240","0.306",
Sweden,"2010-10-17","3",,
Netherlands,"2004-12-12","36",,
Austria,"2014-11-16","1205",,
Poland,"2013-10-06","40",,
Norway,"2008-01-13","47",,
Romania,"2013-03-17","858",,
United States,"2008-09-07","1009",,
Russia,"2008-06-22","171",,
Japan,"2008-01-20","426",,
Norway,"2009-03-29","47",,
Uruguay,"2007-03-25","120",,
Bulgaria,"2004-05-02",NA,,
Sweden,"2010-02-07","3",,
New Zealand,"2014-02-23","17",,
Canada,"2010-09-26","1519",,
Poland,"2008-06-15","17",,
France,"2008-04-13","23",,
Romania,"2004-07-25","627",,
Sweden,"2013-12-08","5",,
Spain,"2006-09-10","16",,
Peru,"2005-12-25","204",,
Russia,"2005-11-20","316",,
Mexico,"2014-08-03","871","0.167",
Switzerland,"2006-07-23","10",,
Switzerland,"2014-02-02","257",,
Poland,"2013-12-15","28",,
Uruguay,"2011-11-27","64",,
Canada,"2014-01-12","5838",,
Paraguay,"2005-09-11","307",,
Bulgaria,"2006-10-08","757",,
Australia,"2006-11-05","184",,
Paraguay,"2007-11-11","256",,
Romania,"2006-07-16","595",,
Canada,"2012-09-23","1699",,
Ukraine,"2012-07-29","223",,
Norway,"2007-12-16","32",,
Paraguay,"2003-01-12",NA,,
Mexico,"2011-01-02","1604","0.049",
Paraguay,"2008-05-18","336",,
Belgium,"2009-09-27","158",,
Brazil,"2004-05-23","353","0.04",
Japan,"2009-03-08","284",,
South Africa,"2014-04-13","2774",,
Hungary,"2009-08-16","67",,
Uruguay,"2013-07-07","143",,
Austria,"2006-10-15","802",,
Japan,"2004-09-05","1",,
South Africa,"2005-06-26",NA,,
Romania,"2003-07-27","522",,
Japan,"2005-05-22","5",,
Argentina,"2005-06-19","246","0.022",
Chile,"2003-02-23","0",,
Switzerland,"2012-07-29","13",,
Belgium,"2010-05-30","22",,
Paraguay,"2004-09-26",NA,,
Ukraine,"2006-07-23","201",,
Ukraine,"2014-02-02","535",,
Paraguay,"2010-01-10","108",,
New Zealand,"2012-12-16","14",,
Netherlands,"2004-05-23","13",,
Canada,"2010-03-21","1404",,
Bolivia,"2010-11-28","205","0.014",
Norway,"2013-07-14","19",,
Poland,"2008-02-10","97",,
Canada,"2013-05-19","1002",,
Peru,"2010-08-01","147",,
Germany,"2011-07-31","298",,
France,"2013-05-12","7",,
Poland,"2011-12-25","31",,
Chile,"2004-07-11","14",,
Hungary,"2005-10-02","44",,
France,"2007-11-18","76",,
Uruguay,"2008-03-02","78",,
Canada,"2006-03-19","2752",,
Austria,"2011-10-30","669",,
Sweden,"2006-04-16","3",,
Argentina,"2010-10-10","146","0.084",
France,"2005-06-05","11",,
Russia,"2013-10-13","614",,
Sweden,"2013-09-22","3",,
Belgium,"2008-12-21","109",,
United States,"2014-10-26","1224",,
Russia,"2008-02-24","950",,
Belgium,"2003-09-14",NA,,
Austria,"2007-05-13","512",,
Ukraine,"2011-08-14","241",,
New Zealand,"2010-03-07","16",,
Paraguay,"2013-04-21","235",,
Netherlands,"2005-03-27","36",,
Canada,"2003-10-19","1593",,
Uruguay,"2007-01-28","71",,
Brazil,"2012-11-18","129","0.067",
United States,"2005-08-28","772",,
Sweden,"2014-07-20","2",,
New Zealand,"2004-05-09",NA,,
Sweden,"2007-07-01","1",,
South Africa,"2012-03-18","2039",,
New Zealand,"2013-08-04","91",,
Australia,"2007-06-17","607",,
Australia,"2013-11-24","198",,
Sweden,"2006-04-30","2",,
Australia,"2003-02-02",NA,,
United States,"2007-06-24","720",,
Argentina,"2006-12-17","93","0.01",
Bulgaria,"2004-09-05",NA,,
Peru,"2012-07-22","140",,
Netherlands,"2007-08-26","15",,
Bulgaria,"2005-05-22","631",,
Germany,"2004-04-18","712",,
United States,"2012-06-24","966",,
Austria,"2005-05-29","518",,
United States,"2010-11-07","1758",,
Japan,"2006-10-08","4",,
Austria,"2010-09-19","768",,
Mexico,"2007-09-02","957","0.186",
France,"2009-10-11","81",,
Russia,"2009-05-17","283",,
Bulgaria,"2009-03-08","916",,
Uruguay,"2011-12-04","60",,
Bolivia,"2006-08-20","477","0.008",
Austria,"2014-11-30","1222",,
New Zealand,"2009-07-19","155",,
Romania,"2005-12-18","778",,
Uruguay,"2010-08-15","152",,
Russia,"2006-09-03","190",,
Spain,"2009-03-15","20",,
Australia,"2003-07-20",NA,,
Germany,"2012-09-09","508",,
Chile,"2003-08-17","0",,
Bulgaria,"2008-01-20","1709",,
Germany,"2014-07-13","398",,
Brazil,"2007-08-26","285","0.054",
Norway,"2007-08-05","9",,
Switzerland,"2011-08-14","4",,
Poland,"2010-09-12","14",,
Spain,"2007-02-11","161",,
Japan,"2004-05-02","5",,
Netherlands,"2012-11-18","41",,
Norway,"2013-02-03","224",,
Chile,"2003-06-08","2",,
France,"2007-04-08","16",,
Brazil,"2005-03-27","263","0.091",
Chile,"2015-04-12","11",,
New Zealand,"2008-10-05","22",,
Argentina,"2005-12-11","99","0.014",
Hungary,"2014-08-31","32",,
Russia,"2003-08-31",NA,,
Austria,"2013-05-26","588",,
Chile,"2009-12-13","2",,
Poland,"2006-01-08","54",,
Belgium,"2011-09-11","17",,
Canada,"2009-01-25","2818",,
Canada,"2012-03-25","1860",,
Netherlands,"2014-03-16","34",,
Switzerland,"2003-03-02",NA,,
Uruguay,"2008-03-09","86",,
Norway,"2012-08-19","25",,
Germany,"2008-01-06","1267",,
Romania,"2015-08-09","508",,
Netherlands,"2009-11-01","168",,
Romania,"2008-03-16","876",,
Sweden,"2004-08-01",NA,,
France,"2015-05-17","6",,
Bolivia,"2004-10-03","478","0.012",
Uruguay,"2014-03-23","95",,
Spain,"2015-05-31","12",,
Canada,"2006-09-24","1627",,
Peru,"2014-06-08","137",,
Argentina,"2010-05-02","134","0.101",
Paraguay,"2006-02-19","222",,
Switzerland,"2012-08-12","15",,
Spain,"2009-12-27","37",,
Bolivia,"2013-04-14","250","0.023",
Bolivia,"2011-02-27","186","0.08",
Sweden,"2010-05-09","1",,
Argentina,"2010-10-03","155","0.075",
Sweden,"2005-04-10",NA,,
Peru,"2010-01-03","122",,
Australia,"2014-08-24","2071",,
Belgium,"2013-08-18","12",,
Norway,"2012-05-06","49",,
Spain,"2012-03-11","33",,
Hungary,"2012-12-09","52",,
Bolivia,"2008-07-20","271","0.014",
Russia,"2004-01-04",NA,,
Brazil,"2010-04-18","209","0.499",
Switzerland,"2003-06-22",NA,,
Paraguay,"2014-09-28","253",,
Peru,"2013-09-29","137",,
Spain,"2010-06-13","4",,
Bulgaria,"2014-09-14","237",,
Peru,"2013-10-20","135",,
Canada,"2008-06-29","615",,
Poland,"2010-05-16","13",,
Russia,"2015-03-01","1300",,
Paraguay,"2006-03-05","196",,
Brazil,"2009-11-01","158","0.109",
Spain,"2008-09-28","27",,
Japan,"2011-06-05","7",,
Austria,"2011-09-04","318",,
Spain,"2008-03-30","20",,
Paraguay,"2006-11-19","263",,
Belgium,"2005-11-06","99",,
Spain,"2011-06-12","5",,
Ukraine,"2003-06-22",NA,,
Germany,"2008-02-03","1461",,
Argentina,"2005-06-12","197","0.022",
Ukraine,"2012-08-12","257",,
Chile,"2010-12-26","3",,
Spain,"2007-11-04","36",,
Uruguay,"2007-12-23","101",,
Brazil,"2014-03-16","149","0.185",
Australia,"2010-01-24","53",,
Poland,"2009-02-08","228",,
Germany,"2006-06-18","418",,
Hungary,"2013-02-17","417",,
Chile,"2005-03-20","2",,
Netherlands,"2010-04-18","14",,
Belgium,"2012-12-02","94",,
Paraguay,"2003-02-09",NA,,
Germany,"2009-06-07","426",,
Austria,"2003-04-27",NA,,
Paraguay,"2013-03-31","203",,
Bulgaria,"2005-02-06","1219",,
Mexico,"2014-09-07","1104","0.223",
Spain,"2013-09-08","10",,
New Zealand,"2003-10-05",NA,,
Poland,"2006-03-26","116",,
United States,"2004-03-14","846",,
Germany,"2004-06-20","470",,
Ukraine,"2003-03-02",NA,,
Chile,"2012-12-23","4",,
Romania,"2013-12-29","754",,
Bulgaria,"2012-01-29","879",,
Belgium,"2011-04-10","41",,
France,"2014-10-19","25",,
Poland,"2011-01-02","97",,
Russia,"2004-04-11",NA,,
France,"2010-08-08","3",,
France,"2003-09-21",NA,,
United States,"2007-08-12","744",,
New Zealand,"2010-05-09","25",,
Belgium,"2008-04-20","69",,
France,"2006-05-07","12",,
New Zealand,"2005-04-10",NA,,
Bulgaria,"2008-03-23","832",,
Paraguay,"2008-07-27","387",,
South Africa,"2004-05-23",NA,,
Peru,"2007-09-16","336",,
Norway,"2009-03-01","53",,
Poland,"2014-08-03","9",,
Mexico,"2013-12-15","1851","0.181",
Ukraine,"2012-08-05","231",,
United States,"2003-11-02","1374",,
Paraguay,"2012-07-08","307",,
Argentina,"2005-02-13","98","0.014",
New Zealand,"2004-08-01",NA,,
Belgium,"2011-02-06","286",,
Switzerland,"2008-12-07","42",,
Australia,"2008-08-24","2282",,
Netherlands,"2005-06-26","12",,
Argentina,"2006-04-23","166","0.034",
Japan,"2006-02-12","546",,
Australia,"2015-05-24","674",,
Peru,"2011-01-16","106",,
Netherlands,"2014-04-13","30",,
Russia,"2015-05-03","473",,
United States,"2012-03-04","2586",,
Canada,"2011-01-09","3448",,
Mexico,"2008-06-15","717","0.097",
Bolivia,"2011-07-10","191","0.011",
Peru,"2013-01-13","105",,
Mexico,"2008-02-10","1691","0.063",
Peru,"2009-07-26","181",,
Australia,"2004-02-01",NA,,
Canada,"2005-03-06","2927",,
Germany,"2003-11-30","1071",,
Sweden,"2003-10-05",NA,,
United States,"2007-01-14","1968",,
Ukraine,"2008-12-07","417",,
Japan,"2015-06-21","15",,
Switzerland,"2012-08-05","12",,
Chile,"2004-10-10","2",,
Spain,"2013-03-10","80",,
Hungary,"2012-02-12","155",,
Bolivia,"2003-05-11","560","0.064",
Germany,"2008-11-16","1018",,
United States,"2012-04-08","1799",,
Hungary,"2006-02-05","61",,
Brazil,"2014-04-13","185","0.425",
Romania,"2007-05-20","646",,
Spain,"2014-11-09","16",,
Germany,"2011-11-20","921",,
Norway,"2006-04-02","33",,
Bulgaria,"2004-08-29",NA,,
Brazil,"2005-06-26","289","0.041",
Peru,"2003-12-21","322",,
Romania,"2010-07-25","512",,
Bolivia,"2015-03-29","211","0.02",
United States,"2011-07-17","610",,
New Zealand,"2006-04-30","19",,
Australia,"2011-10-23","266",,
South Africa,"2004-12-12",NA,,
Spain,"2004-12-05","42",,
Austria,"2006-11-26","785",,
Canada,"2014-07-27","754",,
Chile,"2006-10-01","4",,
Canada,"2008-10-26","1642",,
Argentina,"2011-12-11","62","0.024",
Hungary,"2010-08-22","40",,
Argentina,"2009-01-11","88","0.017",
France,"2008-02-17","211",,
United States,"2015-07-05","1024",,
New Zealand,"2014-07-20","171",,
Uruguay,"2010-11-28","88",,
Sweden,"2004-05-09",NA,,
New Zealand,"2007-07-01","57",,
Chile,"2009-09-13","5",,
Sweden,"2013-08-04","1",,
Russia,"2003-03-09",NA,,
France,"2012-11-11","44",,
Chile,"2007-10-28","5",,
New Zealand,"2013-09-22","91",,
Romania,"2009-08-30","581",,
Peru,"2006-08-27","338",,
Norway,"2011-04-24","20",,
Romania,"2011-02-20","1143",,
Peru,"2014-06-29","143",,
Netherlands,"2015-03-15","48",,
Sweden,"2010-03-07","2",,
Chile,"2008-06-01","10",,
Bolivia,"2013-07-07","188","0.003",
Bulgaria,"2011-04-03","341",,
United States,"2011-03-20","1776",,
Austria,"2011-08-07","291",,
New Zealand,"2006-04-16","16",,
United States,"2013-07-28","850",,
Ukraine,"2011-09-25","426",,
Poland,"2011-09-18","12",,
Bulgaria,"2014-05-04","378",,
Belgium,"2011-08-28","9",,
United States,"2012-07-01","911",,
Mexico,"2013-10-06","1277","0.562",
Chile,"2015-05-10","14",,
Switzerland,"2011-09-25","17",,
Paraguay,"2009-12-06","141",,
Sweden,"2008-10-05","2",,
South Africa,"2007-03-18","2198",,
Hungary,"2006-07-09","40",,
Japan,"2004-01-18","452",,
Argentina,"2014-12-28","85","0.029",
Japan,"2011-05-22","14",,
Peru,"2008-04-27","254",,
Hungary,"2007-03-04","100",,
Peru,"2009-02-01","160",,
Mexico,"2014-03-02","1595","0.109",
Germany,"2014-10-05","910",,
Sweden,"2009-07-19","6",,
Mexico,"2014-06-22","904","0.169",
Australia,"2010-04-11","167",,
Romania,"2004-01-11","818",,
Paraguay,"2011-03-06","153",,
Bolivia,"2011-11-27","157","0.022",
United States,"2008-04-06","1508",,
Brazil,"2015-03-15","197","0.694",
Paraguay,"2003-06-15",NA,,
Bolivia,"2007-03-25","444","0.107",
Argentina,"2014-10-12","130","0.036",
Germany,"2010-07-04","281",,
Peru,"2008-09-14","269",,
Spain,"2007-04-15","29",,
Switzerland,"2015-07-19","24",,
Mexico,"2010-05-16","817","0.116",
Austria,"2009-11-22","1418",,
United States,"2013-08-11","907",,
Argentina,"2006-06-25","243","0.024",
Canada,"2013-07-21","690",,
Ukraine,"2011-11-13","469",,
South Africa,"2010-04-18","2417",,
Romania,"2004-02-08","811",,
Switzerland,"2013-04-28","23",,
Chile,"2006-01-15","2",,
Bolivia,"2010-08-15","290","0.016",
New Zealand,"2013-12-08","18",,
Canada,"2003-10-12","1451",,
Bulgaria,"2004-01-18",NA,,
Belgium,"2010-06-20","11",,
Russia,"2009-06-14","217",,
United States,"2004-02-29","989",,
Japan,"2014-05-04","73",,
Bolivia,"2011-12-04","150","0.019",
Uruguay,"2006-08-20","181",,
Spain,"2005-09-04","11",,
Norway,"2005-01-23","15",,
France,"2006-03-12","65",,
Romania,"2006-01-22","793",,
Bulgaria,"2011-05-22","273",,
Spain,"2004-10-17","47",,
Sweden,"2014-02-23","12",,
Switzerland,"2014-04-20","35",,
New Zealand,"2010-02-07","10",,
Germany,"2003-11-23","991",,
Switzerland,"2009-02-15","132",,
Austria,"2007-10-14","820",,
France,"2004-04-25","8",,
Norway,"2006-09-17","28",,
Spain,"2013-10-27","28",,
Peru,"2005-09-25","367",,
Spain,"2005-08-21","14",,
Ukraine,"2009-02-15","681",,
Poland,"2014-09-07","9",,
Ukraine,"2014-04-20","347",,
Canada,"2010-04-04","1160",,
Mexico,"2006-03-26","950","0.071",
Norway,"2009-12-20","42",,
Australia,"2006-01-29","127",,
Hungary,"2004-11-21","46",,
Sweden,"2012-12-16","7",,
Peru,"2005-07-31","281",,
Bolivia,"2007-01-28","248","0.08",
Japan,"2011-04-03","82",,
Russia,"2010-12-19","603",,
Switzerland,"2011-11-13","33",,
Germany,"2005-10-23","1082",,
South Africa,"2009-11-01","2228",,
Mexico,"2009-02-08","1620","0.07",
Romania,"2009-01-04","804",,
Romania,"2004-08-08","582",,
Argentina,"2013-01-27","69","0.125",
Peru,"2004-11-07","424",,
Norway,"2003-12-28",NA,,
Ukraine,"2013-04-28","359",,
Bolivia,"2008-03-02","340","0.028",
Argentina,"2011-07-03","190","0.029",
Ukraine,"2015-07-19","210",,
South Africa,"2014-03-16","2822",,
Russia,"2009-11-08","1742",,
Austria,"2005-05-01","506",,
Romania,"2005-02-27","919",,
Japan,"2004-08-29","1",,
New Zealand,"2007-02-18","6",,
South Africa,"2012-11-18","2018",,
Brazil,"2012-03-18","142","0.198",
Switzerland,"2014-05-11","27",,
Paraguay,"2014-07-06","378",,
Romania,"2008-11-09","752",,
Russia,"2013-06-30","238",,
Hungary,"2008-09-21","70",,
Spain,"2012-02-19","181",,
Australia,"2015-06-28","923",,
United States,"2005-10-09","1504",,
Peru,"2008-08-17","248",,
Chile,"2012-04-15","8",,
Hungary,"2012-10-07","43",,
France,"2015-01-25","1374",,
Bolivia,"2007-12-23","242","0.01",
Germany,"2009-08-23","390",,
Paraguay,"2006-07-30","423",,
Spain,"2006-06-11","20",,
Hungary,"2013-05-05","33",,
New Zealand,"2005-09-18",NA,,
Peru,"2005-12-04","304",,
United States,"2005-11-13","1811",,
Mexico,"2011-12-25","1473","0.049",
Australia,"2010-10-31","221",,
Switzerland,"2010-06-06","6",,
Australia,"2007-05-27","477",,
Bulgaria,"2015-06-21","204",,
Sweden,"2013-11-17","4",,
Belgium,"2008-08-31","19",,
Romania,"2014-05-25","601",,
Argentina,"2012-06-10","200","0.029",
Hungary,"2005-05-08","53",,
New Zealand,"2010-10-17","25",,
Bulgaria,"2006-02-12","1326",,
France,"2010-07-18","2",,
South Africa,"2007-08-26","3648",,
Mexico,"2006-01-08","1383","0.046",
Chile,"2009-10-25","5",,
Hungary,"2012-04-29","42",,
Ukraine,"2010-06-06","190",,
Chile,"2005-02-20","2",,
Germany,"2009-05-24","460",,
Uruguay,"2008-07-20","208",,
Uruguay,"2011-02-27","53",,
Paraguay,"2007-01-21","177",,
Norway,"2005-07-10","16",,
France,"2004-05-30","8",,
Uruguay,"2013-04-14","75",,
United States,"2005-10-30","1858",,
Canada,"2009-02-22","3299",,
Spain,"2006-07-02","13",,
Germany,"2004-03-07","1280",,
South Africa,"2005-03-27",NA,,
Norway,"2003-05-18",NA,,
France,"2011-05-08","2",,
Netherlands,"2012-03-18","38",,
Austria,"2005-07-24","462",,
Mexico,"2010-09-12","947","0.196",
Uruguay,"2004-10-03","193",,
Bolivia,"2014-03-23","204","0.041",
United States,"2015-03-22","2015",,
Belgium,"2013-03-24","124",,
Japan,"2012-01-29","1654",,
New Zealand,"2007-10-07","23",,
Chile,"2014-06-15","52",,
Austria,"2011-05-15","482",,
Paraguay,"2013-08-25","261",,
Romania,"2011-06-19","522",,
Sweden,"2012-06-17","1",,
Hungary,"2004-03-28",NA,,
Paraguay,"2014-12-14","186",,
Bolivia,"2008-03-09","341","0.043",
Romania,"2005-11-27","724",,
Chile,"2003-01-05",NA,,
Russia,"2013-02-24","1757",,
Japan,"2008-03-23","34",,
Poland,"2007-09-02","9",,
Ukraine,"2014-05-11","249",,
France,"2015-07-26","2",,
Canada,"2011-03-13","1784",,
